family,n,method,metric,mean,ci_low,ci_high,circuits
SU2-HaarU4-brickwork,8,aligned_crossfit,actual_retention,0.08570737431855258,0.08430987597061572,0.08714946877076514,16
SU2-HaarU4-brickwork,8,aligned_crossfit,rho,2.7319225564038647,2.6864243426582783,2.7760402172480956,16
SU2-HaarU4-brickwork,8,aligned_crossfit,expected_scalar_directional_grad2,0.005230167098593775,0.005141465683829575,0.005325276555894075,16
SU2-HaarU4-brickwork,8,aligned_crossfit,estimated_parameter_gradient_norm2,6.025152497580087,5.9204803164069055,6.136237421875769,16
SU2-HaarU4-brickwork,8,aligned_crossfit,linearized_fd_snr,0.1022591669163315,0.10137846093803393,0.10318759808102719,16
SU2-HaarU4-brickwork,8,aligned_crossfit,finite_difference_snr_mean,0.10286587265139385,0.09894689352898443,0.10684201687911757,16
SU2-HaarU4-brickwork,8,aligned_crossfit,finite_difference_grad2_mean,0.0056373658789858755,0.00522915797931263,0.006058902865816912,16
SU2-HaarU4-brickwork,8,aligned_crossfit,finite_difference_relative_error_mean,3.703129864883982e-05,3.479774889107908e-05,3.948633677919411e-05,16
SU2-HaarU4-brickwork,8,physical,actual_retention,0.02927754580294785,0.028583663457253883,0.030018314264322565,16
SU2-HaarU4-brickwork,8,physical,rho,0.9332217724689645,0.9110054731100822,0.9574457168998933,16
SU2-HaarU4-brickwork,8,physical,expected_scalar_directional_grad2,0.0017653363205629249,0.0017265664223991466,0.001805542803748701,16
SU2-HaarU4-brickwork,8,physical,estimated_parameter_gradient_norm2,2.033667441288542,1.9886272381539543,2.081201441921007,16
SU2-HaarU4-brickwork,8,physical,linearized_fd_snr,0.05940392753022289,0.05873917222708489,0.0600955721267772,16
SU2-HaarU4-brickwork,8,physical,finite_difference_snr_mean,0.05931080210001594,0.05697492040607213,0.06175839437977553,16
SU2-HaarU4-brickwork,8,physical,finite_difference_grad2_mean,0.0018851069727660874,0.0017381254442598343,0.002034416957075274,16
SU2-HaarU4-brickwork,8,physical,finite_difference_relative_error_mean,3.0959449058317576e-05,2.9683775543461838e-05,3.223046284853873e-05,16
SU2-HaarU4-brickwork,8,random_rank,actual_retention,0.03102285991431267,0.03018652674714259,0.03198805642267261,16
SU2-HaarU4-brickwork,8,random_rank,rho,0.9888536597687176,0.9627374382853431,1.0190972644546192,16
SU2-HaarU4-brickwork,8,random_rank,expected_scalar_directional_grad2,0.0018734914204691438,0.0018212380284208976,0.0019319385822582627,16
SU2-HaarU4-brickwork,8,random_rank,estimated_parameter_gradient_norm2,2.1582621163805005,2.0979395274031507,2.2269118729203154,16
SU2-HaarU4-brickwork,8,random_rank,linearized_fd_snr,0.06118527458715053,0.060353008950096064,0.06211808989106751,16
SU2-HaarU4-brickwork,8,random_rank,finite_difference_snr_mean,0.0605129161087688,0.05789021170901065,0.06320116668940425,16
SU2-HaarU4-brickwork,8,random_rank,finite_difference_grad2_mean,0.0019729136579570623,0.0018163110777650213,0.002145121724030964,16
SU2-HaarU4-brickwork,8,random_rank,finite_difference_relative_error_mean,5.487225976699684e-05,4.897696104709864e-05,6.13966598753641e-05,16
SU2-HaarU4-brickwork,10,aligned_crossfit,actual_retention,0.04296809321729346,0.04208862508821099,0.04382666736864034,16
SU2-HaarU4-brickwork,10,aligned_crossfit,rho,4.395635936129125,4.304014083928476,4.483607837517337,16
SU2-HaarU4-brickwork,10,aligned_crossfit,expected_scalar_directional_grad2,0.0021019708163926877,0.0020579342632853943,0.0021454747190534787,16
SU2-HaarU4-brickwork,10,aligned_crossfit,estimated_parameter_gradient_norm2,3.7835474695069173,3.7038571616087164,3.8618460381905235,16
SU2-HaarU4-brickwork,10,aligned_crossfit,linearized_fd_snr,0.06482288123453056,0.06412040753070226,0.06549847496127906,16
SU2-HaarU4-brickwork,10,aligned_crossfit,finite_difference_snr_mean,0.062493463796237186,0.06040435964022868,0.06456473493044342,16
SU2-HaarU4-brickwork,10,aligned_crossfit,finite_difference_grad2_mean,0.0020618690351721066,0.0019426467404803375,0.0021818007512751534,16
SU2-HaarU4-brickwork,10,aligned_crossfit,finite_difference_relative_error_mean,4.552023762596447e-05,3.513678366890337e-05,6.222386708501442e-05,16
SU2-HaarU4-brickwork,10,physical,actual_retention,0.009317307423358769,0.009143642245967285,0.009500604181831405,16
SU2-HaarU4-brickwork,10,physical,rho,0.9531605494096074,0.9346464517587727,0.9719651237418765,16
SU2-HaarU4-brickwork,10,physical,expected_scalar_directional_grad2,0.0004531596014616875,0.0004438045821120083,0.0004626853430598617,16
SU2-HaarU4-brickwork,10,physical,estimated_parameter_gradient_norm2,0.8156872826311479,0.7982223550705159,0.8328832337449794,16
SU2-HaarU4-brickwork,10,physical,linearized_fd_snr,0.030098313601954467,0.029779688581928025,0.030418698112668334,16
SU2-HaarU4-brickwork,10,physical,finite_difference_snr_mean,0.029414334853891687,0.028399145903906853,0.0305420368791465,16
SU2-HaarU4-brickwork,10,physical,finite_difference_grad2_mean,0.0004506784200680187,0.00041877632491793077,0.0004869336392968586,16
SU2-HaarU4-brickwork,10,physical,finite_difference_relative_error_mean,3.0046041001168745e-05,2.9012651905144287e-05,3.1070100846991937e-05,16
SU2-HaarU4-brickwork,10,random_rank,actual_retention,0.009836660211375031,0.00962091461220586,0.01005761947593358,16
SU2-HaarU4-brickwork,10,random_rank,rho,1.0062903396236709,0.9843492408162943,1.0284742616210676,16
SU2-HaarU4-brickwork,10,random_rank,expected_scalar_directional_grad2,0.0004782800467700375,0.00046795167642738733,0.0004888329261484527,16
SU2-HaarU4-brickwork,10,random_rank,estimated_parameter_gradient_norm2,0.8609040841861764,0.8422698808472214,0.8800836777149044,16
SU2-HaarU4-brickwork,10,random_rank,linearized_fd_snr,0.030920613819974,0.030587075688494857,0.03127073394641729,16
SU2-HaarU4-brickwork,10,random_rank,finite_difference_snr_mean,0.03045737036354127,0.029319536762321418,0.03159601357310131,16
SU2-HaarU4-brickwork,10,random_rank,finite_difference_grad2_mean,0.0004837594753477688,0.00044706705702687405,0.0005197144621205735,16
SU2-HaarU4-brickwork,10,random_rank,finite_difference_relative_error_mean,6.952384620770688e-05,5.335009198473584e-05,9.643077626172647e-05,16
SU2-HaarU4-brickwork,12,aligned_crossfit,actual_retention,0.02616450376413732,0.025822333546940433,0.026502256014245818,16
SU2-HaarU4-brickwork,12,aligned_crossfit,rho,8.928636909511878,8.81364989460891,9.046667211800997,16
SU2-HaarU4-brickwork,12,aligned_crossfit,expected_scalar_directional_grad2,0.0010713113537411936,0.0010577342448134977,0.001084887334310067,16
SU2-HaarU4-brickwork,12,aligned_crossfit,estimated_parameter_gradient_norm2,2.7768390288973217,2.7423843020063727,2.812202801003121,16
SU2-HaarU4-brickwork,12,aligned_crossfit,linearized_fd_snr,0.04628469927985625,0.04600892501127292,0.04657948358976447,16
SU2-HaarU4-brickwork,12,aligned_crossfit,finite_difference_snr_mean,0.04457147957088466,0.043210490947678495,0.04575024020918295,16
SU2-HaarU4-brickwork,12,aligned_crossfit,finite_difference_grad2_mean,0.0010379933456274126,0.0009756787741658725,0.0010961729247400004,16
SU2-HaarU4-brickwork,12,aligned_crossfit,finite_difference_relative_error_mean,3.229092002088366e-05,3.070294849731796e-05,3.421670620317065e-05,16
SU2-HaarU4-brickwork,12,physical,actual_retention,0.0027365511706037874,0.0026924928290984022,0.0027788899438259554,16
SU2-HaarU4-brickwork,12,physical,rho,0.9338480869685605,0.9188046693010212,0.9478886673508143,16
SU2-HaarU4-brickwork,12,physical,expected_scalar_directional_grad2,0.00011177797957759375,0.00010991285410872546,0.00011351070710251108,16
SU2-HaarU4-brickwork,12,physical,estimated_parameter_gradient_norm2,0.28972852306521557,0.28485163303225186,0.29424018711847155,16
SU2-HaarU4-brickwork,12,physical,linearized_fd_snr,0.014949728521293431,0.014821369451209744,0.015066955285838566,16
SU2-HaarU4-brickwork,12,physical,finite_difference_snr_mean,0.014327537852236507,0.013879837162654436,0.014767965850498471,16
SU2-HaarU4-brickwork,12,physical,finite_difference_grad2_mean,0.00010709819522923048,0.00010041634282794108,0.00011388372721510863,16
SU2-HaarU4-brickwork,12,physical,finite_difference_relative_error_mean,3.101154049693971e-05,3.010889882597087e-05,3.1962053277872494e-05,16
SU2-HaarU4-brickwork,12,random_rank,actual_retention,0.0029192754589436438,0.002852864008276327,0.0029864604663417775,16
SU2-HaarU4-brickwork,12,random_rank,rho,0.9962027503645354,0.9740736669256735,1.0194022515740004,16
SU2-HaarU4-brickwork,12,random_rank,expected_scalar_directional_grad2,0.00011918004677135625,0.00011648771906718234,0.00012197398216518625,16
SU2-HaarU4-brickwork,12,random_rank,estimated_parameter_gradient_norm2,0.30891468123149163,0.3018013309601472,0.3163410147491686,16
SU2-HaarU4-brickwork,12,random_rank,linearized_fd_snr,0.015434515600259307,0.015258306365822542,0.015619371883129238,16
SU2-HaarU4-brickwork,12,random_rank,finite_difference_snr_mean,0.01466645205445766,0.014239257027181805,0.015113325187962972,16
SU2-HaarU4-brickwork,12,random_rank,finite_difference_grad2_mean,0.00011138257402644599,0.00010513540631844905,0.00011815122765021656,16
SU2-HaarU4-brickwork,12,random_rank,finite_difference_relative_error_mean,6.888145866379406e-05,6.097483429382911e-05,7.7983796298302e-05,16
U1-RZ-XY-line,8,aligned_crossfit,actual_retention,0.4935018522001363,0.48396001455929843,0.5028538107071434,20
U1-RZ-XY-line,8,aligned_crossfit,rho,4.864518257401343,4.771672546321402,4.955799868306445,20
U1-RZ-XY-line,8,aligned_crossfit,expected_scalar_directional_grad2,0.02528541873027491,0.02439667089958136,0.026209795129364017,20
U1-RZ-XY-line,8,aligned_crossfit,estimated_parameter_gradient_norm2,13.95755113911178,13.464291186893186,14.458575082541314,20
U1-RZ-XY-line,8,aligned_crossfit,linearized_fd_snr,0.22469234076751535,0.22084223566781488,0.22888655497400862,20
U1-RZ-XY-line,8,aligned_crossfit,finite_difference_snr_mean,0.21656253277703716,0.20642065789361108,0.22679702103584173,20
U1-RZ-XY-line,8,aligned_crossfit,finite_difference_grad2_mean,0.02504609286500878,0.02276311980699409,0.02748864345143309,20
U1-RZ-XY-line,8,aligned_crossfit,finite_difference_relative_error_mean,1.904694357614162e-05,1.6507081656650845e-05,2.179968673077911e-05,20
U1-RZ-XY-line,8,physical,actual_retention,0.4326143178078845,0.4216771379497941,0.4434295945453708,20
U1-RZ-XY-line,8,physical,rho,4.264341132677719,4.157196627901463,4.3708421755942535,20
U1-RZ-XY-line,8,physical,expected_scalar_directional_grad2,0.022031504963671088,0.02114588663921716,0.02292945053845622,20
U1-RZ-XY-line,8,physical,estimated_parameter_gradient_norm2,12.161390739946471,11.689845906669962,12.644790806279548,20
U1-RZ-XY-line,8,physical,linearized_fd_snr,0.2096914162990763,0.2055258657903882,0.21392169981249817,20
U1-RZ-XY-line,8,physical,finite_difference_snr_mean,0.20284368232522162,0.19181912449166466,0.21443223707038925,20
U1-RZ-XY-line,8,physical,finite_difference_grad2_mean,0.02202721993163185,0.019665222260226073,0.02458687220798724,20
U1-RZ-XY-line,8,physical,finite_difference_relative_error_mean,1.1436969223351954e-05,1.0732027436955829e-05,1.2150884419250603e-05,20
U1-RZ-XY-line,8,random_rank,actual_retention,0.10576806759282034,0.09982828210658835,0.1121252025974058,20
U1-RZ-XY-line,8,random_rank,rho,1.0425709519863724,0.9825722655348396,1.1049858396153693,20
U1-RZ-XY-line,8,random_rank,expected_scalar_directional_grad2,0.005253656815921619,0.004931535896093756,0.0055839846065025775,20
U1-RZ-XY-line,8,random_rank,estimated_parameter_gradient_norm2,2.9000185623887584,2.7194100719872654,3.082812086265815,20
U1-RZ-XY-line,8,random_rank,linearized_fd_snr,0.10224767451365094,0.09910924536633972,0.10550838110756093,20
U1-RZ-XY-line,8,random_rank,finite_difference_snr_mean,0.09722786841099097,0.09130541848464059,0.10394962818587855,20
U1-RZ-XY-line,8,random_rank,finite_difference_grad2_mean,0.005244171083053735,0.004602580233885988,0.006019001603812955,20
U1-RZ-XY-line,8,random_rank,finite_difference_relative_error_mean,4.083318679026228e-05,3.192440418258694e-05,5.270930312040426e-05,20
U1-RZ-XY-line,10,aligned_crossfit,actual_retention,0.41768223761484363,0.4104799113627458,0.42548333452157355,20
U1-RZ-XY-line,10,aligned_crossfit,rho,11.64869351570286,11.452227850402233,11.866698969616165,20
U1-RZ-XY-line,10,aligned_crossfit,expected_scalar_directional_grad2,0.016884809525339852,0.01636172321080554,0.01738632207157875,20
U1-RZ-XY-line,10,aligned_crossfit,estimated_parameter_gradient_norm2,14.68978428704572,14.242883136424698,15.131208152179218,20
U1-RZ-XY-line,10,aligned_crossfit,linearized_fd_snr,0.18365267003907595,0.18078986205244824,0.18643013238212805,20
U1-RZ-XY-line,10,aligned_crossfit,finite_difference_snr_mean,0.1817809129203069,0.17353980930115737,0.1900311861696038,20
U1-RZ-XY-line,10,aligned_crossfit,finite_difference_grad2_mean,0.017681650338119654,0.01608932278317149,0.01929285928597884,20
U1-RZ-XY-line,10,aligned_crossfit,finite_difference_relative_error_mean,1.6134575557991036e-05,1.4765681047727404e-05,1.7598750981169974e-05,20
U1-RZ-XY-line,10,physical,actual_retention,0.35335102450231953,0.34475425579242386,0.36164952993642885,20
U1-RZ-XY-line,10,physical,rho,9.854567461120244,9.611998249385465,10.084424642241027,20
U1-RZ-XY-line,10,physical,expected_scalar_directional_grad2,0.014204716239376195,0.013742737880718253,0.01467580708381638,20
U1-RZ-XY-line,10,physical,estimated_parameter_gradient_norm2,12.35810312825733,11.9567351429182,12.764519220057863,20
U1-RZ-XY-line,10,physical,linearized_fd_snr,0.16843527401132635,0.16565202364465476,0.17109537955102883,20
U1-RZ-XY-line,10,physical,finite_difference_snr_mean,0.16573441135146055,0.15867086983888878,0.17290816960328378,20
U1-RZ-XY-line,10,physical,finite_difference_grad2_mean,0.014570998813325676,0.013371809628048232,0.015826566962496243,20
U1-RZ-XY-line,10,physical,finite_difference_relative_error_mean,9.487466321331168e-06,8.969556360723717e-06,9.95024382548299e-06,20
U1-RZ-XY-line,10,random_rank,actual_retention,0.0360130388440196,0.034649099716596604,0.03734942941595569,20
U1-RZ-XY-line,10,random_rank,rho,1.0043636388721031,0.9665605275025537,1.042379593839754,20
U1-RZ-XY-line,10,random_rank,expected_scalar_directional_grad2,0.00141790404784427,0.0013630096313065265,0.0014713914931040522,20
U1-RZ-XY-line,10,random_rank,estimated_parameter_gradient_norm2,1.2335765216245698,1.1871289986446882,1.2804546784915487,20
U1-RZ-XY-line,10,random_rank,linearized_fd_snr,0.05320187147406684,0.052132678101257844,0.05419021781461132,20
U1-RZ-XY-line,10,random_rank,finite_difference_snr_mean,0.05200872258888413,0.04933244218088372,0.05461537984535721,20
U1-RZ-XY-line,10,random_rank,finite_difference_grad2_mean,0.0014497979908367797,0.0013117833088776686,0.0015869505230479823,20
U1-RZ-XY-line,10,random_rank,finite_difference_relative_error_mean,4.008726513497753e-05,3.531549539070043e-05,4.492664911026073e-05,20
U1-RZ-XY-line,12,aligned_crossfit,actual_retention,0.3552640382451906,0.35055362996394546,0.35994017549814644,20
U1-RZ-XY-line,12,aligned_crossfit,rho,29.80988248184645,29.422471548769643,30.207139304665933,20
U1-RZ-XY-line,12,aligned_crossfit,expected_scalar_directional_grad2,0.011878692230294256,0.011630673012596121,0.012125014702369406,20
U1-RZ-XY-line,12,aligned_crossfit,estimated_parameter_gradient_norm2,14.967152210170832,14.646652769864907,15.279972673226276,20
U1-RZ-XY-line,12,aligned_crossfit,linearized_fd_snr,0.15409053610328255,0.15250738278788925,0.15569035322819139,20
U1-RZ-XY-line,12,aligned_crossfit,finite_difference_snr_mean,0.14521373247730035,0.141029568683002,0.14957414314935874,20
U1-RZ-XY-line,12,aligned_crossfit,finite_difference_grad2_mean,0.011164613270345737,0.01050647521852729,0.011810628967851407,20
U1-RZ-XY-line,12,aligned_crossfit,finite_difference_relative_error_mean,1.3612284291801425e-05,1.292580353451188e-05,1.432975224202416e-05,20
U1-RZ-XY-line,12,physical,actual_retention,0.2953852104087169,0.28875317549743595,0.3020293722726728,20
U1-RZ-XY-line,12,physical,rho,24.785504473385977,24.218636750081117,25.334387792224334,20
U1-RZ-XY-line,12,physical,expected_scalar_directional_grad2,0.009818944823053653,0.009533292546212603,0.010092624907155,20
U1-RZ-XY-line,12,physical,estimated_parameter_gradient_norm2,12.371870477047658,12.015758399599724,12.714126622942388,20
U1-RZ-XY-line,12,physical,linearized_fd_snr,0.1400615084294544,0.1381415930160213,0.14201619433292312,20
U1-RZ-XY-line,12,physical,finite_difference_snr_mean,0.13063323044845868,0.12649287235887366,0.1348895442426291,20
U1-RZ-XY-line,12,physical,finite_difference_grad2_mean,0.008996912640334745,0.008413292554421359,0.009579128861237744,20
U1-RZ-XY-line,12,physical,finite_difference_relative_error_mean,8.248462977934347e-06,8.035548921142739e-06,8.459278995396659e-06,20
U1-RZ-XY-line,12,random_rank,actual_retention,0.011949719130775641,0.011567288561624088,0.012315371178733336,20
U1-RZ-XY-line,12,random_rank,rho,1.0026900688823608,0.9708041859994615,1.0337155801582192,20
U1-RZ-XY-line,12,random_rank,expected_scalar_directional_grad2,0.00039033724083209996,0.0003762458131132473,0.00040377777900826135,20
U1-RZ-XY-line,12,random_rank,estimated_parameter_gradient_norm2,0.4918249234485047,0.47399422043052725,0.5087312040420117,20
U1-RZ-XY-line,12,random_rank,linearized_fd_snr,0.027917207248822122,0.027399312340293348,0.02841735633157523,20
U1-RZ-XY-line,12,random_rank,finite_difference_snr_mean,0.02674646216568189,0.025694764211092912,0.027834684074740757,20
U1-RZ-XY-line,12,random_rank,finite_difference_grad2_mean,0.0003810583987851,0.0003530448138049225,0.000410735377906859,20
U1-RZ-XY-line,12,random_rank,finite_difference_relative_error_mean,4.0586818428485106e-05,3.69304791326935e-05,4.487567733502946e-05,20
