profile,analysis_role,n,depth_factor,direction_sampler,measurement_basis,bitflip_rate,tangent_count_used,k,group,metric,mean,ci95_low,ci95_high,families,circuits,estimator
v2_spectrum,dedicated spectrum and optimal-compression study,8,6.0,gaussian,Z,0.0,512,1,generic_family_balanced,enhancement,0.9458336829638319,0.9331119230456487,0.9588004608385211,2,16,equal weight per ansatz family; circuit bootstrap within family
v2_spectrum,dedicated spectrum and optimal-compression study,8,6.0,gaussian,Z,0.0,512,1,U1,enhancement,4.299686413884908,4.1835878524986425,4.405808121584678,1,10,circuit bootstrap
v2_spectrum,dedicated spectrum and optimal-compression study,8,6.0,gaussian,Z,0.0,512,1,generic_family_balanced,actual_retention,0.029673213583178995,0.02927132486770157,0.03008898096907059,2,16,equal weight per ansatz family; circuit bootstrap within family
v2_spectrum,dedicated spectrum and optimal-compression study,8,6.0,gaussian,Z,0.0,512,1,U1,actual_retention,0.4362000709738313,0.424483946315956,0.44707293736332726,1,10,circuit bootstrap
v2_spectrum,dedicated spectrum and optimal-compression study,8,6.0,gaussian,Z,0.0,512,1,generic_family_balanced,deff_pairwise,152.09567407609487,151.28300825923858,152.85565448882556,2,16,equal weight per ansatz family; circuit bootstrap within family
v2_spectrum,dedicated spectrum and optimal-compression study,8,6.0,gaussian,Z,0.0,512,1,U1,deff_pairwise,16.812397754279075,16.345253833004648,17.277101515323448,1,10,circuit bootstrap
v2_spectrum,dedicated spectrum and optimal-compression study,8,6.0,gaussian,Z,0.0,512,1,generic_family_balanced,pairwise_purity,0.006669818401406381,0.006632722504316994,0.0067119139799073696,2,16,equal weight per ansatz family; circuit bootstrap within family
v2_spectrum,dedicated spectrum and optimal-compression study,8,6.0,gaussian,Z,0.0,512,1,U1,pairwise_purity,0.05959854254629944,0.05799067505872161,0.06126157104219927,1,10,circuit bootstrap
v2_spectrum,dedicated spectrum and optimal-compression study,8,6.0,gaussian,Z,0.0,512,1,generic_family_balanced,sample_covariance_purity,0.008609916412341118,0.00857273561550915,0.008651660753403054,2,16,equal weight per ansatz family; circuit bootstrap within family
v2_spectrum,dedicated spectrum and optimal-compression study,8,6.0,gaussian,Z,0.0,512,1,U1,sample_covariance_purity,0.06143526414288869,0.059802250038203844,0.0630671394716017,1,10,circuit bootstrap
v2_spectrum,dedicated spectrum and optimal-compression study,8,6.0,gaussian,Z,0.0,512,1,generic_family_balanced,trC3_u_stat,6.0723016815521585e-05,5.964886057056763e-05,6.197834331866853e-05,2,16,equal weight per ansatz family; circuit bootstrap within family
v2_spectrum,dedicated spectrum and optimal-compression study,8,6.0,gaussian,Z,0.0,512,1,U1,trC3_u_stat,0.0043295809001159995,0.0040982915980397544,0.004572206903687946,1,10,circuit bootstrap
v2_spectrum,dedicated spectrum and optimal-compression study,8,6.0,gaussian,Z,0.0,512,1,generic_family_balanced,Ffull_over_FQ_mean,0.4930809315192254,0.49216099116681744,0.4939309648556677,2,16,equal weight per ansatz family; circuit bootstrap within family
v2_spectrum,dedicated spectrum and optimal-compression study,8,6.0,gaussian,Z,0.0,512,1,U1,Ffull_over_FQ_mean,0.4837417216951552,0.4777789721791554,0.49016839062815526,1,10,circuit bootstrap
v2_spectrum,dedicated spectrum and optimal-compression study,8,6.0,gaussian,Z,0.0,512,1,generic_family_balanced,haar_alignment_z,-1.5719891874563587,-1.9663623390697877,-1.165777935921985,2,16,equal weight per ansatz family; circuit bootstrap within family
v2_spectrum,dedicated spectrum and optimal-compression study,8,6.0,gaussian,Z,0.0,512,1,U1,haar_alignment_z,30.292443283258912,29.255380512522585,31.264828050030026,1,10,circuit bootstrap
v2_spectrum,dedicated spectrum and optimal-compression study,8,6.0,gaussian,Z,0.0,512,1,generic_family_balanced,physical_minus_rank_baseline,-0.0016993354364287687,-0.0021061684284033122,-0.0012951732128084494,2,16,equal weight per ansatz family; circuit bootstrap within family
v2_spectrum,dedicated spectrum and optimal-compression study,8,6.0,gaussian,Z,0.0,512,1,U1,physical_minus_rank_baseline,0.33475079561151244,0.3229519118047607,0.34526812090781794,1,10,circuit bootstrap
v2_spectrum,dedicated spectrum and optimal-compression study,8,6.0,gaussian,Z,0.0,512,2,generic_family_balanced,enhancement,0.977624943533437,0.9711557513487075,0.9843350586157241,2,16,equal weight per ansatz family; circuit bootstrap within family
v2_spectrum,dedicated spectrum and optimal-compression study,8,6.0,gaussian,Z,0.0,512,2,U1,enhancement,1.927194198825808,1.8933343023368165,1.967965951063473,1,10,circuit bootstrap
v2_spectrum,dedicated spectrum and optimal-compression study,8,6.0,gaussian,Z,0.0,512,2,generic_family_balanced,actual_retention,0.13801763908707343,0.13709335240804912,0.13896503646036854,2,16,equal weight per ansatz family; circuit bootstrap within family
v2_spectrum,dedicated spectrum and optimal-compression study,8,6.0,gaussian,Z,0.0,512,2,U1,actual_retention,0.7541194691057509,0.7406732788623356,0.7700972461802492,1,10,circuit bootstrap
v2_spectrum,dedicated spectrum and optimal-compression study,8,6.0,gaussian,Z,0.0,512,2,generic_family_balanced,deff_pairwise,152.09567407609487,151.2768478911606,152.85915788830067,2,16,equal weight per ansatz family; circuit bootstrap within family
v2_spectrum,dedicated spectrum and optimal-compression study,8,6.0,gaussian,Z,0.0,512,2,U1,deff_pairwise,16.812397754279075,16.355246173758157,17.275043665948612,1,10,circuit bootstrap
v2_spectrum,dedicated spectrum and optimal-compression study,8,6.0,gaussian,Z,0.0,512,2,generic_family_balanced,pairwise_purity,0.006669818401406381,0.006631800423784587,0.006711765900041207,2,16,equal weight per ansatz family; circuit bootstrap within family
v2_spectrum,dedicated spectrum and optimal-compression study,8,6.0,gaussian,Z,0.0,512,2,U1,pairwise_purity,0.05959854254629944,0.05797902334901458,0.061281740140374276,1,10,circuit bootstrap
v2_spectrum,dedicated spectrum and optimal-compression study,8,6.0,gaussian,Z,0.0,512,2,generic_family_balanced,sample_covariance_purity,0.008609916412341118,0.008572583141824793,0.008652287404928825,2,16,equal weight per ansatz family; circuit bootstrap within family
v2_spectrum,dedicated spectrum and optimal-compression study,8,6.0,gaussian,Z,0.0,512,2,U1,sample_covariance_purity,0.06143526414288869,0.05980229696650329,0.06307328895213585,1,10,circuit bootstrap
v2_spectrum,dedicated spectrum and optimal-compression study,8,6.0,gaussian,Z,0.0,512,2,generic_family_balanced,trC3_u_stat,6.0723016815521585e-05,5.9647981492860313e-05,6.194082184555248e-05,2,16,equal weight per ansatz family; circuit bootstrap within family
v2_spectrum,dedicated spectrum and optimal-compression study,8,6.0,gaussian,Z,0.0,512,2,U1,trC3_u_stat,0.0043295809001159995,0.004099251114192029,0.004570091400265837,1,10,circuit bootstrap
v2_spectrum,dedicated spectrum and optimal-compression study,8,6.0,gaussian,Z,0.0,512,2,generic_family_balanced,Ffull_over_FQ_mean,0.4930809315192254,0.4921849686933494,0.4939327914355819,2,16,equal weight per ansatz family; circuit bootstrap within family
v2_spectrum,dedicated spectrum and optimal-compression study,8,6.0,gaussian,Z,0.0,512,2,U1,Ffull_over_FQ_mean,0.4837417216951552,0.4777511116851074,0.49046699753601286,1,10,circuit bootstrap
v2_spectrum,dedicated spectrum and optimal-compression study,8,6.0,gaussian,Z,0.0,512,2,generic_family_balanced,haar_alignment_z,-1.4666386290565936,-1.888852608519978,-1.0297565332495775,2,16,equal weight per ansatz family; circuit bootstrap within family
v2_spectrum,dedicated spectrum and optimal-compression study,8,6.0,gaussian,Z,0.0,512,2,U1,haar_alignment_z,20.298354695341594,19.63516754276373,20.98742090209735,1,10,circuit bootstrap
v2_spectrum,dedicated spectrum and optimal-compression study,8,6.0,gaussian,Z,0.0,512,2,generic_family_balanced,physical_minus_rank_baseline,-0.0031588315011618,-0.004077564534592744,-0.0021997683222297216,2,16,equal weight per ansatz family; circuit bootstrap within family
v2_spectrum,dedicated spectrum and optimal-compression study,8,6.0,gaussian,Z,0.0,512,2,U1,physical_minus_rank_baseline,0.362815121279664,0.34927609937335663,0.3784937635698186,1,10,circuit bootstrap
v2_spectrum,dedicated spectrum and optimal-compression study,10,6.0,gaussian,Z,0.0,512,1,generic_family_balanced,enhancement,0.9471316354449213,0.9331798667095931,0.9612438386646719,2,16,equal weight per ansatz family; circuit bootstrap within family
v2_spectrum,dedicated spectrum and optimal-compression study,10,6.0,gaussian,Z,0.0,512,1,U1,enhancement,10.078981283377276,9.816870723994992,10.349511167199214,1,10,circuit bootstrap
v2_spectrum,dedicated spectrum and optimal-compression study,10,6.0,gaussian,Z,0.0,512,1,generic_family_balanced,actual_retention,0.009258373758014825,0.009124392365965829,0.009396593723340884,2,16,equal weight per ansatz family; circuit bootstrap within family
v2_spectrum,dedicated spectrum and optimal-compression study,10,6.0,gaussian,Z,0.0,512,1,U1,actual_retention,0.36139773526053975,0.35188846109896843,0.37118289057223014,1,10,circuit bootstrap
v2_spectrum,dedicated spectrum and optimal-compression study,10,6.0,gaussian,Z,0.0,512,1,generic_family_balanced,deff_pairwise,395.01160358074594,392.2509768319935,397.554518334514,2,16,equal weight per ansatz family; circuit bootstrap within family
v2_spectrum,dedicated spectrum and optimal-compression study,10,6.0,gaussian,Z,0.0,512,1,U1,deff_pairwise,26.723275052486287,26.142571009498,27.219706855412205,1,10,circuit bootstrap
v2_spectrum,dedicated spectrum and optimal-compression study,10,6.0,gaussian,Z,0.0,512,1,generic_family_balanced,pairwise_purity,0.0026115307763293688,0.002594570521521938,0.0026298555243538264,2,16,equal weight per ansatz family; circuit bootstrap within family
v2_spectrum,dedicated spectrum and optimal-compression study,10,6.0,gaussian,Z,0.0,512,1,U1,pairwise_purity,0.03746238479831803,0.03673911594366221,0.03830819742394989,1,10,circuit bootstrap
v2_spectrum,dedicated spectrum and optimal-compression study,10,6.0,gaussian,Z,0.0,512,1,generic_family_balanced,sample_covariance_purity,0.004559555130281856,0.004542544390036889,0.004578155301101693,2,16,equal weight per ansatz family; circuit bootstrap within family
v2_spectrum,dedicated spectrum and optimal-compression study,10,6.0,gaussian,Z,0.0,512,1,U1,sample_covariance_purity,0.03934234107800879,0.03862365748890543,0.04021189250368472,1,10,circuit bootstrap
v2_spectrum,dedicated spectrum and optimal-compression study,10,6.0,gaussian,Z,0.0,512,1,generic_family_balanced,trC3_u_stat,1.0209334553883989e-05,1.0054130068402614e-05,1.0373825145485475e-05,2,16,equal weight per ansatz family; circuit bootstrap within family
v2_spectrum,dedicated spectrum and optimal-compression study,10,6.0,gaussian,Z,0.0,512,1,U1,trC3_u_stat,0.00175926369198506,0.0016904177430724881,0.001840170731942465,1,10,circuit bootstrap
v2_spectrum,dedicated spectrum and optimal-compression study,10,6.0,gaussian,Z,0.0,512,1,generic_family_balanced,Ffull_over_FQ_mean,0.4946948760615423,0.4941960059939251,0.49521409475286804,2,16,equal weight per ansatz family; circuit bootstrap within family
v2_spectrum,dedicated spectrum and optimal-compression study,10,6.0,gaussian,Z,0.0,512,1,U1,Ffull_over_FQ_mean,0.4769736633440835,0.46973093095261453,0.48424791070556783,1,10,circuit bootstrap
v2_spectrum,dedicated spectrum and optimal-compression study,10,6.0,gaussian,Z,0.0,512,1,generic_family_balanced,haar_alignment_z,-1.9270235423083404,-2.4419049089173073,-1.3965363135610391,2,16,equal weight per ansatz family; circuit bootstrap within family
v2_spectrum,dedicated spectrum and optimal-compression study,10,6.0,gaussian,Z,0.0,512,1,U1,haar_alignment_z,104.5007753438837,102.08363293514381,106.80899267858047,1,10,circuit bootstrap
v2_spectrum,dedicated spectrum and optimal-compression study,10,6.0,gaussian,Z,0.0,512,1,generic_family_balanced,physical_minus_rank_baseline,-0.0005167973074787369,-0.0006468680891056642,-0.0003801540398034818,2,16,equal weight per ansatz family; circuit bootstrap within family
v2_spectrum,dedicated spectrum and optimal-compression study,10,6.0,gaussian,Z,0.0,512,1,U1,physical_minus_rank_baseline,0.32554116155536045,0.31595128850495796,0.3352229330850406,1,10,circuit bootstrap
v2_spectrum,dedicated spectrum and optimal-compression study,10,6.0,gaussian,Z,0.0,512,2,generic_family_balanced,enhancement,0.972725712463945,0.9667740095314121,0.9794781662078642,2,16,equal weight per ansatz family; circuit bootstrap within family
v2_spectrum,dedicated spectrum and optimal-compression study,10,6.0,gaussian,Z,0.0,512,2,U1,enhancement,3.6371718656793086,3.5767230497516604,3.695639241799721,1,10,circuit bootstrap
v2_spectrum,dedicated spectrum and optimal-compression study,10,6.0,gaussian,Z,0.0,512,2,generic_family_balanced,actual_retention,0.05229708131526582,0.0519689192608384,0.05265793155640216,2,16,equal weight per ansatz family; circuit bootstrap within family
v2_spectrum,dedicated spectrum and optimal-compression study,10,6.0,gaussian,Z,0.0,512,2,U1,actual_retention,0.6375918808362135,0.6268689783574443,0.6482111188637368,1,10,circuit bootstrap
v2_spectrum,dedicated spectrum and optimal-compression study,10,6.0,gaussian,Z,0.0,512,2,generic_family_balanced,deff_pairwise,395.01160358074594,392.1123477284562,397.55902644943154,2,16,equal weight per ansatz family; circuit bootstrap within family
v2_spectrum,dedicated spectrum and optimal-compression study,10,6.0,gaussian,Z,0.0,512,2,U1,deff_pairwise,26.723275052486287,26.14466905440717,27.218824152035992,1,10,circuit bootstrap
v2_spectrum,dedicated spectrum and optimal-compression study,10,6.0,gaussian,Z,0.0,512,2,generic_family_balanced,pairwise_purity,0.0026115307763293688,0.0025947049884585487,0.002630090503572994,2,16,equal weight per ansatz family; circuit bootstrap within family
v2_spectrum,dedicated spectrum and optimal-compression study,10,6.0,gaussian,Z,0.0,512,2,U1,pairwise_purity,0.03746238479831803,0.036751985285444044,0.03830497599043759,1,10,circuit bootstrap
v2_spectrum,dedicated spectrum and optimal-compression study,10,6.0,gaussian,Z,0.0,512,2,generic_family_balanced,sample_covariance_purity,0.004559555130281856,0.004543045904632507,0.004578136041882008,2,16,equal weight per ansatz family; circuit bootstrap within family
v2_spectrum,dedicated spectrum and optimal-compression study,10,6.0,gaussian,Z,0.0,512,2,U1,sample_covariance_purity,0.03934234107800879,0.03862179777545808,0.04017382616887264,1,10,circuit bootstrap
v2_spectrum,dedicated spectrum and optimal-compression study,10,6.0,gaussian,Z,0.0,512,2,generic_family_balanced,trC3_u_stat,1.0209334553883989e-05,1.0057214580123432e-05,1.0368102155406763e-05,2,16,equal weight per ansatz family; circuit bootstrap within family
v2_spectrum,dedicated spectrum and optimal-compression study,10,6.0,gaussian,Z,0.0,512,2,U1,trC3_u_stat,0.00175926369198506,0.001690259185747638,0.0018435810082751197,1,10,circuit bootstrap
v2_spectrum,dedicated spectrum and optimal-compression study,10,6.0,gaussian,Z,0.0,512,2,generic_family_balanced,Ffull_over_FQ_mean,0.4946948760615423,0.494185376915172,0.4952012493195309,2,16,equal weight per ansatz family; circuit bootstrap within family
v2_spectrum,dedicated spectrum and optimal-compression study,10,6.0,gaussian,Z,0.0,512,2,U1,Ffull_over_FQ_mean,0.4769736633440835,0.46983745385484066,0.48404587223352546,1,10,circuit bootstrap
v2_spectrum,dedicated spectrum and optimal-compression study,10,6.0,gaussian,Z,0.0,512,2,generic_family_balanced,haar_alignment_z,-2.4186838823329038,-2.9696518585781404,-1.832523033839517,2,16,equal weight per ansatz family; circuit bootstrap within family
v2_spectrum,dedicated spectrum and optimal-compression study,10,6.0,gaussian,Z,0.0,512,2,U1,haar_alignment_z,72.59839532731596,71.03564689192488,74.17863113455554,1,10,circuit bootstrap
v2_spectrum,dedicated spectrum and optimal-compression study,10,6.0,gaussian,Z,0.0,512,2,generic_family_balanced,physical_minus_rank_baseline,-0.001466359544949144,-0.001793993691952557,-0.0011105524985880904,2,16,equal weight per ansatz family; circuit bootstrap within family
v2_spectrum,dedicated spectrum and optimal-compression study,10,6.0,gaussian,Z,0.0,512,2,U1,physical_minus_rank_baseline,0.462293076055337,0.4514742623377248,0.47261530339622615,1,10,circuit bootstrap
v2_spectrum,dedicated spectrum and optimal-compression study,12,6.0,gaussian,Z,0.0,512,1,generic_family_balanced,enhancement,0.9431860718117623,0.9338983647086337,0.9521742115828536,2,16,equal weight per ansatz family; circuit bootstrap within family
v2_spectrum,dedicated spectrum and optimal-compression study,12,6.0,gaussian,Z,0.0,512,1,U1,enhancement,24.742583973293595,24.341309642045932,25.06081204380033,1,10,circuit bootstrap
v2_spectrum,dedicated spectrum and optimal-compression study,12,6.0,gaussian,Z,0.0,512,1,generic_family_balanced,actual_retention,0.0027639152287523812,0.0027378213708837843,0.002790903336264471,2,16,equal weight per ansatz family; circuit bootstrap within family
v2_spectrum,dedicated spectrum and optimal-compression study,12,6.0,gaussian,Z,0.0,512,1,U1,actual_retention,0.29487369848995615,0.28988224987402156,0.29868400298426095,1,10,circuit bootstrap
v2_spectrum,dedicated spectrum and optimal-compression study,12,6.0,gaussian,Z,0.0,512,1,generic_family_balanced,deff_pairwise,798.3031148332345,793.6590662697628,802.8921184707995,2,16,equal weight per ansatz family; circuit bootstrap within family
v2_spectrum,dedicated spectrum and optimal-compression study,12,6.0,gaussian,Z,0.0,512,1,U1,deff_pairwise,39.33616107036833,38.95139503761421,39.69197047235212,1,10,circuit bootstrap
v2_spectrum,dedicated spectrum and optimal-compression study,12,6.0,gaussian,Z,0.0,512,1,generic_family_balanced,pairwise_purity,0.0013228079095358313,0.0013139722632501457,0.001333003045134256,2,16,equal weight per ansatz family; circuit bootstrap within family
v2_spectrum,dedicated spectrum and optimal-compression study,12,6.0,gaussian,Z,0.0,512,1,U1,pairwise_purity,0.02542783225271743,0.025197458454075363,0.02567131073164636,1,10,circuit bootstrap
v2_spectrum,dedicated spectrum and optimal-compression study,12,6.0,gaussian,Z,0.0,512,1,generic_family_balanced,sample_covariance_purity,0.003273349300337519,0.003264538292274415,0.0032834964450012614,2,16,equal weight per ansatz family; circuit bootstrap within family
v2_spectrum,dedicated spectrum and optimal-compression study,12,6.0,gaussian,Z,0.0,512,1,U1,sample_covariance_purity,0.02733129351784887,0.027100684139231362,0.02758206962335486,1,10,circuit bootstrap
v2_spectrum,dedicated spectrum and optimal-compression study,12,6.0,gaussian,Z,0.0,512,1,generic_family_balanced,trC3_u_stat,2.783362028724909e-06,2.7316703662475766e-06,2.8429862994033885e-06,2,16,equal weight per ansatz family; circuit bootstrap within family
v2_spectrum,dedicated spectrum and optimal-compression study,12,6.0,gaussian,Z,0.0,512,1,U1,trC3_u_stat,0.0008261025735653901,0.0008067322191207464,0.0008462043422400909,1,10,circuit bootstrap
v2_spectrum,dedicated spectrum and optimal-compression study,12,6.0,gaussian,Z,0.0,512,1,generic_family_balanced,Ffull_over_FQ_mean,0.49525006240862113,0.49509997021501495,0.4953995521501303,2,16,equal weight per ansatz family; circuit bootstrap within family
v2_spectrum,dedicated spectrum and optimal-compression study,12,6.0,gaussian,Z,0.0,512,1,U1,Ffull_over_FQ_mean,0.47380767349675185,0.46977527104329747,0.47846078520657154,1,10,circuit bootstrap
v2_spectrum,dedicated spectrum and optimal-compression study,12,6.0,gaussian,Z,0.0,512,1,generic_family_balanced,haar_alignment_z,-2.4870767279304964,-2.87153842478463,-2.1011177902449374,2,16,equal weight per ansatz family; circuit bootstrap within family
v2_spectrum,dedicated spectrum and optimal-compression study,12,6.0,gaussian,Z,0.0,512,1,U1,haar_alignment_z,345.9506148695405,340.44212119079344,350.6108366247712,1,10,circuit bootstrap
v2_spectrum,dedicated spectrum and optimal-compression study,12,6.0,gaussian,Z,0.0,512,1,generic_family_balanced,physical_minus_rank_baseline,-0.00016648770165047938,-0.00019315133613135633,-0.00013939708798647128,2,16,equal weight per ansatz family; circuit bootstrap within family
v2_spectrum,dedicated spectrum and optimal-compression study,12,6.0,gaussian,Z,0.0,512,1,U1,physical_minus_rank_baseline,0.2829560386849724,0.2781639044948025,0.28679110305321637,1,10,circuit bootstrap
v2_spectrum,dedicated spectrum and optimal-compression study,12,6.0,gaussian,Z,0.0,512,2,generic_family_balanced,enhancement,0.9702740916567903,0.9669439885518164,0.9736854870973182,2,16,equal weight per ansatz family; circuit bootstrap within family
v2_spectrum,dedicated spectrum and optimal-compression study,12,6.0,gaussian,Z,0.0,512,2,U1,enhancement,7.801711601112491,7.707539329143836,7.898686527128165,1,10,circuit bootstrap
v2_spectrum,dedicated spectrum and optimal-compression study,12,6.0,gaussian,Z,0.0,512,2,generic_family_balanced,actual_retention,0.018481411269653105,0.018419066366819087,0.01854709416424656,2,16,equal weight per ansatz family; circuit bootstrap within family
v2_spectrum,dedicated spectrum and optimal-compression study,12,6.0,gaussian,Z,0.0,512,2,U1,actual_retention,0.5494163099374995,0.5430284862883785,0.5562458128276534,1,10,circuit bootstrap
v2_spectrum,dedicated spectrum and optimal-compression study,12,6.0,gaussian,Z,0.0,512,2,generic_family_balanced,deff_pairwise,798.3031148332345,793.6194784138355,802.9003266882892,2,16,equal weight per ansatz family; circuit bootstrap within family
v2_spectrum,dedicated spectrum and optimal-compression study,12,6.0,gaussian,Z,0.0,512,2,U1,deff_pairwise,39.33616107036833,38.94967581388886,39.69296962902479,1,10,circuit bootstrap
v2_spectrum,dedicated spectrum and optimal-compression study,12,6.0,gaussian,Z,0.0,512,2,generic_family_balanced,pairwise_purity,0.0013228079095358313,0.0013138307256291345,0.0013330481524250265,2,16,equal weight per ansatz family; circuit bootstrap within family
v2_spectrum,dedicated spectrum and optimal-compression study,12,6.0,gaussian,Z,0.0,512,2,U1,pairwise_purity,0.02542783225271743,0.02519946886833374,0.02567482640963639,1,10,circuit bootstrap
v2_spectrum,dedicated spectrum and optimal-compression study,12,6.0,gaussian,Z,0.0,512,2,generic_family_balanced,sample_covariance_purity,0.003273349300337519,0.0032645927113533505,0.003283417008737601,2,16,equal weight per ansatz family; circuit bootstrap within family
v2_spectrum,dedicated spectrum and optimal-compression study,12,6.0,gaussian,Z,0.0,512,2,U1,sample_covariance_purity,0.02733129351784887,0.027104765177695604,0.02759209812732079,1,10,circuit bootstrap
v2_spectrum,dedicated spectrum and optimal-compression study,12,6.0,gaussian,Z,0.0,512,2,generic_family_balanced,trC3_u_stat,2.783362028724909e-06,2.732704290879492e-06,2.8430020791729258e-06,2,16,equal weight per ansatz family; circuit bootstrap within family
v2_spectrum,dedicated spectrum and optimal-compression study,12,6.0,gaussian,Z,0.0,512,2,U1,trC3_u_stat,0.0008261025735653901,0.00080646575297181,0.0008462154109239135,1,10,circuit bootstrap
v2_spectrum,dedicated spectrum and optimal-compression study,12,6.0,gaussian,Z,0.0,512,2,generic_family_balanced,Ffull_over_FQ_mean,0.49525006240862113,0.49509994491642983,0.49539625259460623,2,16,equal weight per ansatz family; circuit bootstrap within family
v2_spectrum,dedicated spectrum and optimal-compression study,12,6.0,gaussian,Z,0.0,512,2,U1,Ffull_over_FQ_mean,0.47380767349675185,0.46981803294833835,0.4784073919665317,1,10,circuit bootstrap
v2_spectrum,dedicated spectrum and optimal-compression study,12,6.0,gaussian,Z,0.0,512,2,generic_family_balanced,haar_alignment_z,-3.345643246265422,-3.7406346792758285,-2.9625254233396405,2,16,equal weight per ansatz family; circuit bootstrap within family
v2_spectrum,dedicated spectrum and optimal-compression study,12,6.0,gaussian,Z,0.0,512,2,U1,haar_alignment_z,248.37448742869873,245.35792476737643,251.4497672819755,1,10,circuit bootstrap
v2_spectrum,dedicated spectrum and optimal-compression study,12,6.0,gaussian,Z,0.0,512,2,generic_family_balanced,physical_minus_rank_baseline,-0.0005662077779658499,-0.0006300599675857958,-0.0005016036297625604,2,16,equal weight per ansatz family; circuit bootstrap within family
v2_spectrum,dedicated spectrum and optimal-compression study,12,6.0,gaussian,Z,0.0,512,2,U1,physical_minus_rank_baseline,0.4789937747262318,0.47256163467609014,0.4857108592525199,1,10,circuit bootstrap
