profile,job_id,circuit_id,family,n,k,tangent_count_used,physical_retention,sample_kyfan,sample_kyfan_minus_physical,crossfit_kyfan,sample_purity,sample_trC3
v2_spectrum,SU2-CNOT-line|n8|d48|i0|dir=gaussian|basis=Z|eta=0,SU2-CNOT-line|n8|d48|i0,SU2-CNOT-line,8,1,512,0.0304512127744195,0.1261018456684153,0.09565063289399581,0.0696249845682973,0.007812889106134483,8.239816443045321e-05
v2_spectrum,SU2-CNOT-line|n8|d48|i0|dir=gaussian|basis=Z|eta=0,SU2-CNOT-line|n8|d48|i0,SU2-CNOT-line,8,2,512,0.1373335457895877,0.4240960244572012,0.2867624786676135,0.2543505212995922,0.007812889106134483,8.239816443045321e-05
v2_spectrum,SU2-HaarU4-brickwork|n10|d60|i0|dir=gaussian|basis=Z|eta=0,SU2-HaarU4-brickwork|n10|d60|i0,SU2-HaarU4-brickwork,10,1,512,0.0090136980867284,0.10760353743885388,0.09858983935212548,0.0484132178952314,0.004986551604810527,3.51827709638256e-05
v2_spectrum,SU2-HaarU4-brickwork|n10|d60|i0|dir=gaussian|basis=Z|eta=0,SU2-HaarU4-brickwork|n10|d60|i0,SU2-HaarU4-brickwork,10,2,512,0.0516969666202566,0.4241245679772166,0.37242760135696,0.2042878067136606,0.004986551604810527,3.51827709638256e-05
v2_spectrum,U1-RZ-XY-line|n10|d60|i6|dir=gaussian|basis=Z|eta=0,U1-RZ-XY-line|n10|d60|i6,U1-RZ-XY-line,10,1,512,0.363972203509921,0.4834891246504843,0.11951692114056334,0.4323693263095757,0.038391257667534685,0.0018936949259113608
v2_spectrum,U1-RZ-XY-line|n10|d60|i6|dir=gaussian|basis=Z|eta=0,U1-RZ-XY-line|n10|d60|i6,U1-RZ-XY-line,10,2,512,0.6553781705912429,0.999999999999998,0.3446218294087551,1.0,0.038391257667534685,0.0018936949259113608
v2_spectrum,SU2-CNOT-line|n8|d48|i1|dir=gaussian|basis=Z|eta=0,SU2-CNOT-line|n8|d48|i1,SU2-CNOT-line,8,1,512,0.0285345664234608,0.1238771451651606,0.0953425787416998,0.0671312329629307,0.007802094152128405,8.163203071819579e-05
v2_spectrum,SU2-CNOT-line|n8|d48|i1|dir=gaussian|basis=Z|eta=0,SU2-CNOT-line|n8|d48|i1,SU2-CNOT-line,8,2,512,0.1381689574766519,0.4257207035153723,0.28755174603872036,0.2554490776983019,0.007802094152128405,8.163203071819579e-05
v2_spectrum,SU2-HaarU4-brickwork|n10|d60|i1|dir=gaussian|basis=Z|eta=0,SU2-HaarU4-brickwork|n10|d60|i1,SU2-HaarU4-brickwork,10,1,512,0.0089154384006471,0.10827609258317501,0.09936065418252792,0.0488345076298043,0.00497948922133976,3.511510635114886e-05
v2_spectrum,SU2-HaarU4-brickwork|n10|d60|i1|dir=gaussian|basis=Z|eta=0,SU2-HaarU4-brickwork|n10|d60|i1,SU2-HaarU4-brickwork,10,2,512,0.0511156806675418,0.4242065858072285,0.3730909051396867,0.2052532940447791,0.00497948922133976,3.511510635114886e-05
v2_spectrum,U1-RZ-XY-line|n10|d60|i7|dir=gaussian|basis=Z|eta=0,U1-RZ-XY-line|n10|d60|i7,U1-RZ-XY-line,10,1,512,0.3635982822591257,0.49161902786569533,0.12802074560656962,0.439654695036657,0.039196968995787035,0.0019663881101963064
v2_spectrum,U1-RZ-XY-line|n10|d60|i7|dir=gaussian|basis=Z|eta=0,U1-RZ-XY-line|n10|d60|i7,U1-RZ-XY-line,10,2,512,0.6312795163435012,0.9999999999999979,0.3687204836564967,1.0,0.039196968995787035,0.0019663881101963064
v2_spectrum,SU2-CNOT-line|n10|d60|i2|dir=gaussian|basis=Z|eta=0,SU2-CNOT-line|n10|d60|i2,SU2-CNOT-line,10,1,512,0.00923090079658,0.0867231336342263,0.07749223283764631,0.0314290566335405,0.004109002451020232,2.2948420871551956e-05
v2_spectrum,SU2-CNOT-line|n10|d60|i2|dir=gaussian|basis=Z|eta=0,SU2-CNOT-line|n10|d60|i2,SU2-CNOT-line,10,2,512,0.0519406654697648,0.36408878167166303,0.31214811620189825,0.1434280398530555,0.004109002451020232,2.2948420871551956e-05
v2_spectrum,SU2-HaarU4-brickwork|n12|d72|i2|dir=gaussian|basis=Z|eta=0,SU2-HaarU4-brickwork|n12|d72|i2,SU2-HaarU4-brickwork,12,1,512,0.0027087199823283,0.09153513938126451,0.08882641939893621,0.0306154977523438,0.0035762953982210874,1.7400578219279507e-05
v2_spectrum,SU2-HaarU4-brickwork|n12|d72|i2|dir=gaussian|basis=Z|eta=0,SU2-HaarU4-brickwork|n12|d72|i2,SU2-HaarU4-brickwork,12,2,512,0.0184015991746866,0.4224483869079199,0.4040467877332333,0.1485961221205048,0.0035762953982210874,1.7400578219279507e-05
v2_spectrum,U1-RZ-XY-line|n12|d72|i6|dir=gaussian|basis=Z|eta=0,U1-RZ-XY-line|n12|d72|i6,U1-RZ-XY-line,12,1,512,0.291543916060433,0.4435980957079939,0.1520541796475609,0.3754213337067443,0.02784146837853451,0.0009960809619296638
v2_spectrum,U1-RZ-XY-line|n12|d72|i6|dir=gaussian|basis=Z|eta=0,U1-RZ-XY-line|n12|d72|i6,U1-RZ-XY-line,12,2,512,0.5588225220095053,0.9999999999999971,0.4411774779904918,1.0,0.02784146837853451,0.0009960809619296638
v2_spectrum,SU2-CNOT-line|n10|d60|i3|dir=gaussian|basis=Z|eta=0,SU2-CNOT-line|n10|d60|i3,SU2-CNOT-line,10,1,512,0.0099253370933129,0.08469348125117941,0.0747681441578665,0.0299514076770099,0.004068185851457816,2.2371822405394456e-05
v2_spectrum,SU2-CNOT-line|n10|d60|i3|dir=gaussian|basis=Z|eta=0,SU2-CNOT-line|n10|d60|i3,SU2-CNOT-line,10,2,512,0.0527968757667802,0.36091797454652275,0.30812109877974253,0.140162471310093,0.004068185851457816,2.2371822405394456e-05
v2_spectrum,SU2-HaarU4-brickwork|n12|d72|i3|dir=gaussian|basis=Z|eta=0,SU2-HaarU4-brickwork|n12|d72|i3,SU2-HaarU4-brickwork,12,1,512,0.0025661191399593,0.0901503308258814,0.0875842116859221,0.0295335419230781,0.003566211742460608,1.7203686540083997e-05
v2_spectrum,SU2-HaarU4-brickwork|n12|d72|i3|dir=gaussian|basis=Z|eta=0,SU2-HaarU4-brickwork|n12|d72|i3,SU2-HaarU4-brickwork,12,2,512,0.0182259678875742,0.4217318395975839,0.40350587171000973,0.1475936918197628,0.003566211742460608,1.7203686540083997e-05
v2_spectrum,U1-RZ-XY-line|n12|d72|i7|dir=gaussian|basis=Z|eta=0,U1-RZ-XY-line|n12|d72|i7,U1-RZ-XY-line,12,1,512,0.3008078755921323,0.4404915216618755,0.1396836460697432,0.3743160616668048,0.027119682219817833,0.0009705167225830402
v2_spectrum,U1-RZ-XY-line|n12|d72|i7|dir=gaussian|basis=Z|eta=0,U1-RZ-XY-line|n12|d72|i7,U1-RZ-XY-line,12,2,512,0.548612204550438,0.9999999999999971,0.4513877954495591,1.0,0.027119682219817833,0.0009705167225830402
v2_spectrum,SU2-CNOT-line|n10|d60|i4|dir=gaussian|basis=Z|eta=0,SU2-CNOT-line|n10|d60|i4,SU2-CNOT-line,10,1,512,0.0096116137155073,0.0851976198118275,0.0755860060963202,0.0303296697599224,0.004078087658461746,2.2509870080853534e-05
v2_spectrum,SU2-CNOT-line|n10|d60|i4|dir=gaussian|basis=Z|eta=0,SU2-CNOT-line|n10|d60|i4,SU2-CNOT-line,10,2,512,0.052722851833775,0.36197647560438123,0.3092536237706062,0.1415846177709763,0.004078087658461746,2.2509870080853534e-05
v2_spectrum,SU2-HaarU4-brickwork|n12|d72|i4|dir=gaussian|basis=Z|eta=0,SU2-HaarU4-brickwork|n12|d72|i4,SU2-HaarU4-brickwork,12,1,512,0.0027408409335401,0.0908730719336218,0.0881322310000817,0.0302021967693081,0.003578563286065415,1.7370358975087186e-05
v2_spectrum,SU2-HaarU4-brickwork|n12|d72|i4|dir=gaussian|basis=Z|eta=0,SU2-HaarU4-brickwork|n12|d72|i4,SU2-HaarU4-brickwork,12,2,512,0.0180712576806892,0.4224683565736453,0.4043970988929561,0.1488023490579003,0.003578563286065415,1.7370358975087186e-05
v2_spectrum,U1-RZ-XY-line|n12|d72|i8|dir=gaussian|basis=Z|eta=0,U1-RZ-XY-line|n12|d72|i8,U1-RZ-XY-line,12,1,512,0.2767192263951584,0.43555003133152237,0.15883080493636398,0.3680299240683119,0.026994317541597052,0.0009384318291967682
v2_spectrum,U1-RZ-XY-line|n12|d72|i8|dir=gaussian|basis=Z|eta=0,U1-RZ-XY-line|n12|d72|i8,U1-RZ-XY-line,12,2,512,0.5316450565352961,0.9999999999999974,0.4683549434647013,1.0,0.026994317541597052,0.0009384318291967682
v2_spectrum,SU2-CNOT-line|n10|d60|i5|dir=gaussian|basis=Z|eta=0,SU2-CNOT-line|n10|d60|i5,SU2-CNOT-line,10,1,512,0.0098129549353333,0.0868539925802357,0.0770410376449024,0.0319293073290922,0.004091732512544552,2.280104220435667e-05
v2_spectrum,SU2-CNOT-line|n10|d60|i5|dir=gaussian|basis=Z|eta=0,SU2-CNOT-line|n10|d60|i5,SU2-CNOT-line,10,2,512,0.0532305103068876,0.3626514722729553,0.3094209619660677,0.142259558985505,0.004091732512544552,2.280104220435667e-05
v2_spectrum,SU2-HaarU4-brickwork|n12|d72|i5|dir=gaussian|basis=Z|eta=0,SU2-HaarU4-brickwork|n12|d72|i5,SU2-HaarU4-brickwork,12,1,512,0.0027630395693249,0.0900436997521437,0.0872806601828188,0.0294005862040025,0.003549203879118491,1.7048936513165726e-05
v2_spectrum,SU2-HaarU4-brickwork|n12|d72|i5|dir=gaussian|basis=Z|eta=0,SU2-HaarU4-brickwork|n12|d72|i5,SU2-HaarU4-brickwork,12,2,512,0.0181904547220192,0.42017380725798614,0.40198335253596695,0.1462148109287949,0.003549203879118491,1.7048936513165726e-05
v2_spectrum,U1-RZ-XY-line|n12|d72|i9|dir=gaussian|basis=Z|eta=0,U1-RZ-XY-line|n12|d72|i9,U1-RZ-XY-line,12,1,512,0.2992376432942948,0.4541756700016228,0.15493802670732798,0.3911188089022017,0.028097784561253187,0.0010345106194578554
v2_spectrum,U1-RZ-XY-line|n12|d72|i9|dir=gaussian|basis=Z|eta=0,U1-RZ-XY-line|n12|d72|i9,U1-RZ-XY-line,12,2,512,0.5541233829666867,0.999999999999997,0.4458766170333103,1.0,0.028097784561253187,0.0010345106194578554
v2_spectrum,SU2-CNOT-line|n10|d60|i6|dir=gaussian|basis=Z|eta=0,SU2-CNOT-line|n10|d60|i6,SU2-CNOT-line,10,1,512,0.0096289804951091,0.08605419608938909,0.07642521559427999,0.0313656262530106,0.004088150546122541,2.2718186102307516e-05
v2_spectrum,SU2-CNOT-line|n10|d60|i6|dir=gaussian|basis=Z|eta=0,SU2-CNOT-line|n10|d60|i6,SU2-CNOT-line,10,2,512,0.0521272064820626,0.3625998428246744,0.3104726363426118,0.1422992372898335,0.004088150546122541,2.2718186102307516e-05
v2_spectrum,SU2-HaarU4-brickwork|n12|d72|i6|dir=gaussian|basis=Z|eta=0,SU2-HaarU4-brickwork|n12|d72|i6,SU2-HaarU4-brickwork,12,1,512,0.0028181268474637,0.0927570555221614,0.0899389286746977,0.0316141351972724,0.0035981043647670603,1.7636992488617277e-05
v2_spectrum,SU2-HaarU4-brickwork|n12|d72|i6|dir=gaussian|basis=Z|eta=0,SU2-HaarU4-brickwork|n12|d72|i6,SU2-HaarU4-brickwork,12,2,512,0.0184754372734241,0.4242458078922478,0.4057703706188237,0.1505669886023539,0.0035981043647670603,1.7636992488617277e-05
v2_spectrum,SU2-CNOT-line|n10|d60|i7|dir=gaussian|basis=Z|eta=0,SU2-CNOT-line|n10|d60|i7,SU2-CNOT-line,10,1,512,0.0091152184674828,0.08742764381315601,0.07831242534567322,0.0319165805581484,0.004150861263809915,2.3485285949807818e-05
v2_spectrum,SU2-CNOT-line|n10|d60|i7|dir=gaussian|basis=Z|eta=0,SU2-CNOT-line|n10|d60|i7,SU2-CNOT-line,10,2,512,0.0530374263046208,0.36786952519202665,0.3148320988874058,0.1469558623713383,0.004150861263809915,2.3485285949807818e-05
v2_spectrum,SU2-HaarU4-brickwork|n12|d72|i7|dir=gaussian|basis=Z|eta=0,SU2-HaarU4-brickwork|n12|d72|i7,SU2-HaarU4-brickwork,12,1,512,0.0026388496121222,0.0935970690376835,0.0909582194255613,0.0320875972687561,0.0036325851208081064,1.8018318022386758e-05
v2_spectrum,SU2-HaarU4-brickwork|n12|d72|i7|dir=gaussian|basis=Z|eta=0,SU2-HaarU4-brickwork|n12|d72|i7,SU2-HaarU4-brickwork,12,2,512,0.0181632769584923,0.4280386150707624,0.4098753381122701,0.1539990161395777,0.0036325851208081064,1.8018318022386758e-05
v2_spectrum,SU2-CNOT-line|n12|d72|i0|dir=gaussian|basis=Z|eta=0,SU2-CNOT-line|n12|d72|i0,SU2-CNOT-line,12,1,512,0.0028141228556876,0.070445036899353,0.06763091404366539,0.0163813117623854,0.0029723107633529734,1.1256964479572188e-05
v2_spectrum,SU2-CNOT-line|n12|d72|i0|dir=gaussian|basis=Z|eta=0,SU2-CNOT-line|n12|d72|i0,SU2-CNOT-line,12,2,512,0.0186012479501563,0.3587160679927408,0.34011482004258453,0.0915842116337153,0.0029723107633529734,1.1256964479572188e-05
v2_spectrum,U1-RZ-XY-line|n8|d48|i0|dir=gaussian|basis=Z|eta=0,U1-RZ-XY-line|n8|d48|i0,U1-RZ-XY-line,8,1,512,0.4049969378282804,0.5532666698891391,0.1482697320608587,0.5150472769120956,0.06066745681186122,0.004548436373233675
v2_spectrum,U1-RZ-XY-line|n8|d48|i0|dir=gaussian|basis=Z|eta=0,U1-RZ-XY-line|n8|d48|i0,U1-RZ-XY-line,8,2,512,0.7291456836390818,0.9999999999999989,0.27085431636091706,1.0,0.06066745681186122,0.004548436373233675
v2_spectrum,SU2-CNOT-line|n12|d72|i1|dir=gaussian|basis=Z|eta=0,SU2-CNOT-line|n12|d72|i1,SU2-CNOT-line,12,1,512,0.0028479351449819,0.070887305047032,0.0680393699020501,0.0167713694942099,0.002966090834436983,1.1232048035824447e-05
v2_spectrum,SU2-CNOT-line|n12|d72|i1|dir=gaussian|basis=Z|eta=0,SU2-CNOT-line|n12|d72|i1,SU2-CNOT-line,12,2,512,0.0186826619047777,0.3585202364609977,0.33983757455622,0.0914779158115475,0.002966090834436983,1.1232048035824447e-05
v2_spectrum,U1-RZ-XY-line|n8|d48|i1|dir=gaussian|basis=Z|eta=0,U1-RZ-XY-line|n8|d48|i1,U1-RZ-XY-line,8,1,512,0.4062287534816283,0.5572879986057682,0.15105924512413987,0.5214539710481018,0.0613102161930705,0.004655241704731544
v2_spectrum,U1-RZ-XY-line|n8|d48|i1|dir=gaussian|basis=Z|eta=0,U1-RZ-XY-line|n8|d48|i1,U1-RZ-XY-line,8,2,512,0.7377834553212654,0.9999999999999989,0.26221654467873345,1.0,0.0613102161930705,0.004655241704731544
v2_spectrum,SU2-CNOT-line|n12|d72|i2|dir=gaussian|basis=Z|eta=0,SU2-CNOT-line|n12|d72|i2,SU2-CNOT-line,12,1,512,0.0028448972111492,0.0710242024690926,0.06817930525794341,0.0169288275346136,0.0029688860653458242,1.126706841939556e-05
v2_spectrum,SU2-CNOT-line|n12|d72|i2|dir=gaussian|basis=Z|eta=0,SU2-CNOT-line|n12|d72|i2,SU2-CNOT-line,12,2,512,0.0188782423556196,0.35864829183248137,0.3397700494768618,0.0918701992385182,0.0029688860653458242,1.126706841939556e-05
v2_spectrum,U1-RZ-XY-line|n8|d48|i2|dir=gaussian|basis=Z|eta=0,U1-RZ-XY-line|n8|d48|i2,U1-RZ-XY-line,8,1,512,0.4478089355903974,0.534737652229043,0.0869287166386456,0.4903148687581875,0.059188658801056566,0.004237701706201762
v2_spectrum,U1-RZ-XY-line|n8|d48|i2|dir=gaussian|basis=Z|eta=0,U1-RZ-XY-line|n8|d48|i2,U1-RZ-XY-line,8,2,512,0.7584035965291576,0.9999999999999987,0.2415964034708411,1.0,0.059188658801056566,0.004237701706201762
v2_spectrum,SU2-CNOT-line|n12|d72|i3|dir=gaussian|basis=Z|eta=0,SU2-CNOT-line|n12|d72|i3,SU2-CNOT-line,12,1,512,0.0028680509906226,0.0714909350532406,0.068622884062618,0.0171464754425252,0.0029794610084106243,1.1359244800594506e-05
v2_spectrum,SU2-CNOT-line|n12|d72|i3|dir=gaussian|basis=Z|eta=0,SU2-CNOT-line|n12|d72|i3,SU2-CNOT-line,12,2,512,0.0188195276767944,0.3599895466781057,0.3411700190013113,0.0927553152470609,0.0029794610084106243,1.1359244800594506e-05
v2_spectrum,U1-RZ-XY-line|n8|d48|i3|dir=gaussian|basis=Z|eta=0,U1-RZ-XY-line|n8|d48|i3,U1-RZ-XY-line,8,1,512,0.4337289054726018,0.5741985168014505,0.14046961132884872,0.5391449767183919,0.064085283412501,0.004981953609302005
v2_spectrum,U1-RZ-XY-line|n8|d48|i3|dir=gaussian|basis=Z|eta=0,U1-RZ-XY-line|n8|d48|i3,U1-RZ-XY-line,8,2,512,0.7460248609445777,0.9999999999999988,0.25397513905542113,1.0,0.064085283412501,0.004981953609302005
v2_spectrum,SU2-CNOT-line|n8|d48|i2|dir=gaussian|basis=Z|eta=0,SU2-CNOT-line|n8|d48|i2,SU2-CNOT-line,8,1,512,0.0322598420470938,0.1254050349114918,0.093145192864398,0.0686565939137977,0.007830996489032249,8.236963910398945e-05
v2_spectrum,SU2-CNOT-line|n8|d48|i2|dir=gaussian|basis=Z|eta=0,SU2-CNOT-line|n8|d48|i2,SU2-CNOT-line,8,2,512,0.1414066697823612,0.4252391642260321,0.28383249444367087,0.2542907721560245,0.007830996489032249,8.236963910398945e-05
v2_spectrum,SU2-HaarU4-brickwork|n10|d60|i2|dir=gaussian|basis=Z|eta=0,SU2-HaarU4-brickwork|n10|d60|i2,SU2-HaarU4-brickwork,10,1,512,0.0085759433010891,0.11007260862425701,0.10149666532316791,0.0498708037265454,0.005101147300764815,3.687150587411769e-05
v2_spectrum,SU2-HaarU4-brickwork|n10|d60|i2|dir=gaussian|basis=Z|eta=0,SU2-HaarU4-brickwork|n10|d60|i2,SU2-HaarU4-brickwork,10,2,512,0.0510525407733965,0.4325352225765022,0.3814826818031057,0.213687043342377,0.005101147300764815,3.687150587411769e-05
v2_spectrum,U1-RZ-XY-line|n10|d60|i8|dir=gaussian|basis=Z|eta=0,U1-RZ-XY-line|n10|d60|i8,U1-RZ-XY-line,10,1,512,0.3705424534362167,0.4827771679848219,0.11223471454860517,0.4282071633824824,0.038496407199400874,0.0018921529191059804
v2_spectrum,U1-RZ-XY-line|n10|d60|i8|dir=gaussian|basis=Z|eta=0,U1-RZ-XY-line|n10|d60|i8,U1-RZ-XY-line,10,2,512,0.6585544969329771,0.9999999999999979,0.3414455030670208,1.0,0.038496407199400874,0.0018921529191059804
v2_spectrum,SU2-CNOT-line|n12|d72|i4|dir=gaussian|basis=Z|eta=0,SU2-CNOT-line|n12|d72|i4,SU2-CNOT-line,12,1,512,0.0028391115577704,0.07101641465372979,0.06817730309595939,0.0168444966092533,0.0029837382618998335,1.1387406226310522e-05
v2_spectrum,SU2-CNOT-line|n12|d72|i4|dir=gaussian|basis=Z|eta=0,SU2-CNOT-line|n12|d72|i4,SU2-CNOT-line,12,2,512,0.0188067318135821,0.3607431990873807,0.34193646727379856,0.0935510511200187,0.0029837382618998335,1.1387406226310522e-05
v2_spectrum,U1-RZ-XY-line|n8|d48|i4|dir=gaussian|basis=Z|eta=0,U1-RZ-XY-line|n8|d48|i4,U1-RZ-XY-line,8,1,512,0.4534717124863195,0.5722327772822217,0.11876106479590215,0.5389250896432977,0.06365613107251884,0.005107137108949685
v2_spectrum,U1-RZ-XY-line|n8|d48|i4|dir=gaussian|basis=Z|eta=0,U1-RZ-XY-line|n8|d48|i4,U1-RZ-XY-line,8,2,512,0.7424940144645803,0.9999999999999988,0.2575059855354185,1.0,0.06365613107251884,0.005107137108949685
v2_spectrum,SU2-CNOT-line|n12|d72|i5|dir=gaussian|basis=Z|eta=0,SU2-CNOT-line|n12|d72|i5,SU2-CNOT-line,12,1,512,0.0028191566605034,0.0706219658732216,0.0678028092127182,0.0168486329296375,0.0029501795652572063,1.1095262234261713e-05
v2_spectrum,SU2-CNOT-line|n12|d72|i5|dir=gaussian|basis=Z|eta=0,SU2-CNOT-line|n12|d72|i5,SU2-CNOT-line,12,2,512,0.0185767369853538,0.35587448519235776,0.337297748207004,0.0897082782564617,0.0029501795652572063,1.1095262234261713e-05
v2_spectrum,U1-RZ-XY-line|n8|d48|i5|dir=gaussian|basis=Z|eta=0,U1-RZ-XY-line|n8|d48|i5,U1-RZ-XY-line,8,1,512,0.4654065900652132,0.5851304001997645,0.1197238101345513,0.5518177373679058,0.0651731752209812,0.005247307531079829
v2_spectrum,U1-RZ-XY-line|n8|d48|i5|dir=gaussian|basis=Z|eta=0,U1-RZ-XY-line|n8|d48|i5,U1-RZ-XY-line,8,2,512,0.7917169212391182,0.9999999999999988,0.2082830787608806,1.0,0.0651731752209812,0.005247307531079829
v2_spectrum,SU2-CNOT-line|n12|d72|i6|dir=gaussian|basis=Z|eta=0,SU2-CNOT-line|n12|d72|i6,SU2-CNOT-line,12,1,512,0.0028215647208358,0.0715220895613008,0.06870052484046499,0.017373065293215,0.0029646350202544446,1.1239620701460547e-05
v2_spectrum,SU2-CNOT-line|n12|d72|i6|dir=gaussian|basis=Z|eta=0,SU2-CNOT-line|n12|d72|i6,SU2-CNOT-line,12,2,512,0.0186044289321298,0.3579458198391914,0.33934139090706156,0.0912863540659269,0.0029646350202544446,1.1239620701460547e-05
v2_spectrum,U1-RZ-XY-line|n8|d48|i6|dir=gaussian|basis=Z|eta=0,U1-RZ-XY-line|n8|d48|i6,U1-RZ-XY-line,8,1,512,0.4414158209931382,0.5350307207932279,0.09361489980008969,0.4958165323503675,0.05824643291740395,0.004200284189150037
v2_spectrum,U1-RZ-XY-line|n8|d48|i6|dir=gaussian|basis=Z|eta=0,U1-RZ-XY-line|n8|d48|i6,U1-RZ-XY-line,8,2,512,0.7559325139644956,0.999999999999999,0.24406748603550343,1.0,0.05824643291740395,0.004200284189150037
v2_spectrum,SU2-CNOT-line|n12|d72|i7|dir=gaussian|basis=Z|eta=0,SU2-CNOT-line|n12|d72|i7,SU2-CNOT-line,12,1,512,0.0028342741166177,0.0718389159252813,0.0690046418086636,0.0174704375036724,0.0029725230151365634,1.1316750099833566e-05
v2_spectrum,SU2-CNOT-line|n12|d72|i7|dir=gaussian|basis=Z|eta=0,SU2-CNOT-line|n12|d72|i7,SU2-CNOT-line,12,2,512,0.0188262850479782,0.3589535249674295,0.3401272399194513,0.0922386220746357,0.0029725230151365634,1.1316750099833566e-05
v2_spectrum,U1-RZ-XY-line|n8|d48|i7|dir=gaussian|basis=Z|eta=0,U1-RZ-XY-line|n8|d48|i7,U1-RZ-XY-line,8,1,512,0.4294212301741378,0.5315769873967573,0.10215575722261949,0.4890177418838449,0.058258850691003006,0.0042238554271173375
v2_spectrum,U1-RZ-XY-line|n8|d48|i7|dir=gaussian|basis=Z|eta=0,U1-RZ-XY-line|n8|d48|i7,U1-RZ-XY-line,8,2,512,0.7460380253636514,0.9999999999999988,0.2539619746363474,1.0,0.058258850691003006,0.0042238554271173375
v2_spectrum,SU2-HaarU4-brickwork|n8|d48|i0|dir=gaussian|basis=Z|eta=0,SU2-HaarU4-brickwork|n8|d48|i0,SU2-HaarU4-brickwork,8,1,512,0.0301772074135071,0.1516068115405621,0.121429604127055,0.09357044591322,0.009358277512942152,0.00012220182361294025
v2_spectrum,SU2-HaarU4-brickwork|n8|d48|i0|dir=gaussian|basis=Z|eta=0,SU2-HaarU4-brickwork|n8|d48|i0,SU2-HaarU4-brickwork,8,2,512,0.1402398519668417,0.4864868942526804,0.3462470422858387,0.3285554316048492,0.009358277512942152,0.00012220182361294025
v2_spectrum,U1-RZ-XY-line|n8|d48|i8|dir=gaussian|basis=Z|eta=0,U1-RZ-XY-line|n8|d48|i8,U1-RZ-XY-line,8,1,512,0.4370713678135713,0.5766612870975374,0.13958991928396608,0.5384085457682823,0.06493676770503727,0.005070054417310411
v2_spectrum,U1-RZ-XY-line|n8|d48|i8|dir=gaussian|basis=Z|eta=0,U1-RZ-XY-line|n8|d48|i8,U1-RZ-XY-line,8,2,512,0.804175401687693,0.9999999999999988,0.1958245983123058,1.0,0.06493676770503727,0.005070054417310411
v2_spectrum,SU2-HaarU4-brickwork|n8|d48|i1|dir=gaussian|basis=Z|eta=0,SU2-HaarU4-brickwork|n8|d48|i1,SU2-HaarU4-brickwork,8,1,512,0.0295171556188443,0.1549253646333633,0.125408209014519,0.0978338688166428,0.00941288275872021,0.00012486112369562718
v2_spectrum,SU2-HaarU4-brickwork|n8|d48|i1|dir=gaussian|basis=Z|eta=0,SU2-HaarU4-brickwork|n8|d48|i1,SU2-HaarU4-brickwork,8,2,512,0.1388570842848827,0.48733589659129667,0.348478812306414,0.3293681359849734,0.00941288275872021,0.00012486112369562718
v2_spectrum,U1-RZ-XY-line|n8|d48|i9|dir=gaussian|basis=Z|eta=0,U1-RZ-XY-line|n8|d48|i9,U1-RZ-XY-line,8,1,512,0.4424504558330246,0.5434949601310339,0.10104450429800932,0.5075209235853237,0.058829668603453004,0.00429390943708603
v2_spectrum,U1-RZ-XY-line|n8|d48|i9|dir=gaussian|basis=Z|eta=0,U1-RZ-XY-line|n8|d48|i9,U1-RZ-XY-line,8,2,512,0.7294802179038888,0.999999999999999,0.27051978209611016,1.0,0.058829668603453004,0.00429390943708603
v2_spectrum,SU2-HaarU4-brickwork|n8|d48|i2|dir=gaussian|basis=Z|eta=0,SU2-HaarU4-brickwork|n8|d48|i2,SU2-HaarU4-brickwork,8,1,512,0.0280333518422159,0.1567333741843108,0.1287000223420949,0.1001104230191843,0.00956470059735917,0.0001299033763959807
v2_spectrum,SU2-HaarU4-brickwork|n8|d48|i2|dir=gaussian|basis=Z|eta=0,SU2-HaarU4-brickwork|n8|d48|i2,SU2-HaarU4-brickwork,8,2,512,0.1354233767292262,0.4936009857662501,0.3581776090370239,0.3377347377721315,0.00956470059735917,0.0001299033763959807
v2_spectrum,U1-RZ-XY-line|n10|d60|i0|dir=gaussian|basis=Z|eta=0,U1-RZ-XY-line|n10|d60|i0,U1-RZ-XY-line,10,1,512,0.3370504692158342,0.4776563855127094,0.1406059162968752,0.4224682909862658,0.03813274300947021,0.0018136503102787415
v2_spectrum,U1-RZ-XY-line|n10|d60|i0|dir=gaussian|basis=Z|eta=0,U1-RZ-XY-line|n10|d60|i0,U1-RZ-XY-line,10,2,512,0.6401312664073548,0.9999999999999982,0.3598687335926434,1.0,0.03813274300947021,0.0018136503102787415
v2_spectrum,SU2-HaarU4-brickwork|n8|d48|i3|dir=gaussian|basis=Z|eta=0,SU2-HaarU4-brickwork|n8|d48|i3,SU2-HaarU4-brickwork,8,1,512,0.0289767493662149,0.1520888582626286,0.1231121088964137,0.0946939732477682,0.009276100729123164,0.00012089741336767867
v2_spectrum,SU2-HaarU4-brickwork|n8|d48|i3|dir=gaussian|basis=Z|eta=0,SU2-HaarU4-brickwork|n8|d48|i3,SU2-HaarU4-brickwork,8,2,512,0.1397619580784484,0.48299159848086276,0.3432296404024143,0.3234944220360431,0.009276100729123164,0.00012089741336767867
v2_spectrum,U1-RZ-XY-line|n10|d60|i1|dir=gaussian|basis=Z|eta=0,U1-RZ-XY-line|n10|d60|i1,U1-RZ-XY-line,10,1,512,0.3524718010209944,0.48081231622027926,0.12834051519928485,0.4279586443788118,0.038541082535677826,0.0019260494635917852
v2_spectrum,U1-RZ-XY-line|n10|d60|i1|dir=gaussian|basis=Z|eta=0,U1-RZ-XY-line|n10|d60|i1,U1-RZ-XY-line,10,2,512,0.6220690049766775,0.9999999999999978,0.3779309950233203,1.0,0.038541082535677826,0.0019260494635917852
v2_spectrum,SU2-HaarU4-brickwork|n8|d48|i4|dir=gaussian|basis=Z|eta=0,SU2-HaarU4-brickwork|n8|d48|i4,SU2-HaarU4-brickwork,8,1,512,0.0286736144496961,0.1575824558541417,0.1289088414044456,0.100893306030142,0.009585318328780571,0.00013103750581080448
v2_spectrum,SU2-HaarU4-brickwork|n8|d48|i4|dir=gaussian|basis=Z|eta=0,SU2-HaarU4-brickwork|n8|d48|i4,SU2-HaarU4-brickwork,8,2,512,0.1359453819367106,0.49377248391979217,0.35782710198308154,0.3376113488976099,0.009585318328780571,0.00013103750581080448
v2_spectrum,U1-RZ-XY-line|n10|d60|i2|dir=gaussian|basis=Z|eta=0,U1-RZ-XY-line|n10|d60|i2,U1-RZ-XY-line,10,1,512,0.3512689928686487,0.5029464091641975,0.15167741629554882,0.4513006408766578,0.0400672224030276,0.001997345207320768
v2_spectrum,U1-RZ-XY-line|n10|d60|i2|dir=gaussian|basis=Z|eta=0,U1-RZ-XY-line|n10|d60|i2,U1-RZ-XY-line,10,2,512,0.6288855047306591,0.999999999999998,0.37111449526933893,1.0,0.0400672224030276,0.001997345207320768
v2_spectrum,SU2-HaarU4-brickwork|n8|d48|i5|dir=gaussian|basis=Z|eta=0,SU2-HaarU4-brickwork|n8|d48|i5,SU2-HaarU4-brickwork,8,1,512,0.0288415173127069,0.1513758045466932,0.1225342872339863,0.0938416419425764,0.009319872810280284,0.00012089238029881858
v2_spectrum,SU2-HaarU4-brickwork|n8|d48|i5|dir=gaussian|basis=Z|eta=0,SU2-HaarU4-brickwork|n8|d48|i5,SU2-HaarU4-brickwork,8,2,512,0.1334188104474214,0.4846431129481105,0.35122430250068915,0.3254113472982481,0.009319872810280284,0.00012089238029881858
v2_spectrum,U1-RZ-XY-line|n10|d60|i3|dir=gaussian|basis=Z|eta=0,U1-RZ-XY-line|n10|d60|i3,U1-RZ-XY-line,10,1,512,0.3650099719331452,0.4875776731073036,0.12256770117415838,0.4318621633600086,0.03897638503699732,0.001924534315720949
v2_spectrum,U1-RZ-XY-line|n10|d60|i3|dir=gaussian|basis=Z|eta=0,U1-RZ-XY-line|n10|d60|i3,U1-RZ-XY-line,10,2,512,0.6350945124784688,0.9999999999999978,0.36490548752152896,1.0,0.03897638503699732,0.001924534315720949
v2_spectrum,SU2-CNOT-line|n8|d48|i3|dir=gaussian|basis=Z|eta=0,SU2-CNOT-line|n8|d48|i3,SU2-CNOT-line,8,1,512,0.0304149274268061,0.1223886748716031,0.091973747444797,0.0652876806814051,0.0077545812166740485,8.014185391359449e-05
v2_spectrum,SU2-CNOT-line|n8|d48|i3|dir=gaussian|basis=Z|eta=0,SU2-CNOT-line|n8|d48|i3,SU2-CNOT-line,8,2,512,0.1391292049674408,0.42257222430515534,0.28344301933771454,0.2515499948406786,0.0077545812166740485,8.014185391359449e-05
v2_spectrum,SU2-HaarU4-brickwork|n10|d60|i3|dir=gaussian|basis=Z|eta=0,SU2-HaarU4-brickwork|n10|d60|i3,SU2-HaarU4-brickwork,10,1,512,0.0087892971799582,0.1100750178109839,0.1012857206310257,0.0509585374867796,0.005036515526364687,3.6057449222937376e-05
v2_spectrum,SU2-HaarU4-brickwork|n10|d60|i3|dir=gaussian|basis=Z|eta=0,SU2-HaarU4-brickwork|n10|d60|i3,SU2-HaarU4-brickwork,10,2,512,0.0513167811508624,0.4266588092364883,0.3753420280856259,0.2079990504871549,0.005036515526364687,3.6057449222937376e-05
v2_spectrum,U1-RZ-XY-line|n10|d60|i9|dir=gaussian|basis=Z|eta=0,U1-RZ-XY-line|n10|d60|i9,U1-RZ-XY-line,10,1,512,0.3925557719739123,0.5209130178453176,0.12835724587140535,0.4730623059910149,0.04200721072154924,0.002230677252056747
v2_spectrum,U1-RZ-XY-line|n10|d60|i9|dir=gaussian|basis=Z|eta=0,U1-RZ-XY-line|n10|d60|i9,U1-RZ-XY-line,10,2,512,0.6625196912537602,0.9999999999999978,0.3374803087462376,1.0,0.04200721072154924,0.002230677252056747
v2_spectrum,SU2-HaarU4-brickwork|n8|d48|i6|dir=gaussian|basis=Z|eta=0,SU2-HaarU4-brickwork|n8|d48|i6,SU2-HaarU4-brickwork,8,1,512,0.0285368714846131,0.15100595251280552,0.12246908102819241,0.0937250487881182,0.00932813439100016,0.00012108785696730472
v2_spectrum,SU2-HaarU4-brickwork|n8|d48|i6|dir=gaussian|basis=Z|eta=0,SU2-HaarU4-brickwork|n8|d48|i6,SU2-HaarU4-brickwork,8,2,512,0.1361073422943634,0.48578176219949315,0.34967441990512976,0.3271209414212953,0.00932813439100016,0.00012108785696730472
v2_spectrum,U1-RZ-XY-line|n10|d60|i4|dir=gaussian|basis=Z|eta=0,U1-RZ-XY-line|n10|d60|i4,U1-RZ-XY-line,10,1,512,0.37545090316851,0.515948847003081,0.14049794383457098,0.4679347656835274,0.041258789645077586,0.002199306057091016
v2_spectrum,U1-RZ-XY-line|n10|d60|i4|dir=gaussian|basis=Z|eta=0,U1-RZ-XY-line|n10|d60|i4,U1-RZ-XY-line,10,2,512,0.6380818061766323,0.9999999999999979,0.36191819382336554,1.0,0.041258789645077586,0.002199306057091016
v2_spectrum,SU2-HaarU4-brickwork|n8|d48|i7|dir=gaussian|basis=Z|eta=0,SU2-HaarU4-brickwork|n8|d48|i7,SU2-HaarU4-brickwork,8,1,512,0.0292124432771711,0.1533601961089776,0.12414775283180651,0.0967704615007814,0.009363593161405016,0.00012320559460866773
v2_spectrum,SU2-HaarU4-brickwork|n8|d48|i7|dir=gaussian|basis=Z|eta=0,SU2-HaarU4-brickwork|n8|d48|i7,SU2-HaarU4-brickwork,8,2,512,0.1351636060657129,0.48512937348806096,0.3499657674223481,0.3267197318016829,0.009363593161405016,0.00012320559460866773
v2_spectrum,U1-RZ-XY-line|n10|d60|i5|dir=gaussian|basis=Z|eta=0,U1-RZ-XY-line|n10|d60|i5,U1-RZ-XY-line,10,1,512,0.3420565032190895,0.4783277236846676,0.1362712204655781,0.4230134302128221,0.03835534356556519,0.0018748120750200297
v2_spectrum,U1-RZ-XY-line|n10|d60|i5|dir=gaussian|basis=Z|eta=0,U1-RZ-XY-line|n10|d60|i5,U1-RZ-XY-line,10,2,512,0.6039248384708615,0.9999999999999981,0.3960751615291366,1.0,0.03835534356556519,0.0018748120750200297
v2_spectrum,SU2-CNOT-line|n8|d48|i4|dir=gaussian|basis=Z|eta=0,SU2-CNOT-line|n8|d48|i4,SU2-CNOT-line,8,1,512,0.0294905400443572,0.12684474322940759,0.09735420318505039,0.0702768629298133,0.007898909246299863,8.416670580332797e-05
v2_spectrum,SU2-CNOT-line|n8|d48|i4|dir=gaussian|basis=Z|eta=0,SU2-CNOT-line|n8|d48|i4,SU2-CNOT-line,8,2,512,0.1369590997264107,0.4289612300791095,0.29200213035269884,0.2596026806160146,0.007898909246299863,8.416670580332797e-05
v2_spectrum,SU2-HaarU4-brickwork|n10|d60|i4|dir=gaussian|basis=Z|eta=0,SU2-HaarU4-brickwork|n10|d60|i4,SU2-HaarU4-brickwork,10,1,512,0.0092044025752587,0.1067252724169644,0.0975208698417057,0.0471230522538925,0.004968177408451699,3.473509863245911e-05
v2_spectrum,SU2-HaarU4-brickwork|n10|d60|i4|dir=gaussian|basis=Z|eta=0,SU2-HaarU4-brickwork|n10|d60|i4,SU2-HaarU4-brickwork,10,2,512,0.0520286517830872,0.4234420174187986,0.3714133656357114,0.2037819131723642,0.004968177408451699,3.473509863245911e-05
v2_spectrum,U1-RZ-XY-line|n12|d72|i0|dir=gaussian|basis=Z|eta=0,U1-RZ-XY-line|n12|d72|i0,U1-RZ-XY-line,12,1,512,0.2908599737315886,0.4336247408544737,0.1427647671228851,0.3660437344276516,0.026744518088003745,0.0009200729654947585
v2_spectrum,U1-RZ-XY-line|n12|d72|i0|dir=gaussian|basis=Z|eta=0,U1-RZ-XY-line|n12|d72|i0,U1-RZ-XY-line,12,2,512,0.5529081546367952,0.999999999999997,0.4470918453632018,1.0,0.026744518088003745,0.0009200729654947585
v2_spectrum,SU2-CNOT-line|n8|d48|i5|dir=gaussian|basis=Z|eta=0,SU2-CNOT-line|n8|d48|i5,SU2-CNOT-line,8,1,512,0.0304370318392272,0.12467868885282951,0.0942416570136023,0.0675986351013605,0.007855749497449976,8.291534143555083e-05
v2_spectrum,SU2-CNOT-line|n8|d48|i5|dir=gaussian|basis=Z|eta=0,SU2-CNOT-line|n8|d48|i5,SU2-CNOT-line,8,2,512,0.1396917179550638,0.42750681179237787,0.2878150938373141,0.2574325923886137,0.007855749497449976,8.291534143555083e-05
v2_spectrum,SU2-HaarU4-brickwork|n10|d60|i5|dir=gaussian|basis=Z|eta=0,SU2-HaarU4-brickwork|n10|d60|i5,SU2-HaarU4-brickwork,10,1,512,0.0087366318646415,0.1086723028304983,0.09993567096585679,0.0494501279774942,0.00498198085450803,3.518299294497309e-05
v2_spectrum,SU2-HaarU4-brickwork|n10|d60|i5|dir=gaussian|basis=Z|eta=0,SU2-HaarU4-brickwork|n10|d60|i5,SU2-HaarU4-brickwork,10,2,512,0.0510650031476489,0.42365792239668815,0.37259291924903926,0.2043925571767659,0.00498198085450803,3.518299294497309e-05
v2_spectrum,U1-RZ-XY-line|n12|d72|i1|dir=gaussian|basis=Z|eta=0,U1-RZ-XY-line|n12|d72|i1,U1-RZ-XY-line,12,1,512,0.3013384049620123,0.44547473304819496,0.14413632808618265,0.3816426085749265,0.027273020462807544,0.0009768766285237693
v2_spectrum,U1-RZ-XY-line|n12|d72|i1|dir=gaussian|basis=Z|eta=0,U1-RZ-XY-line|n12|d72|i1,U1-RZ-XY-line,12,2,512,0.5358416791034308,0.9999999999999966,0.4641583208965657,1.0,0.027273020462807544,0.0009768766285237693
v2_spectrum,SU2-CNOT-line|n8|d48|i6|dir=gaussian|basis=Z|eta=0,SU2-CNOT-line|n8|d48|i6,SU2-CNOT-line,8,1,512,0.0306183106952502,0.12226729014290191,0.09164897944765171,0.0656979929297016,0.00777055125507454,8.06260911744584e-05
v2_spectrum,SU2-CNOT-line|n8|d48|i6|dir=gaussian|basis=Z|eta=0,SU2-CNOT-line|n8|d48|i6,SU2-CNOT-line,8,2,512,0.1401792327657549,0.42337038811668565,0.28319115535093076,0.2521561020749964,0.00777055125507454,8.06260911744584e-05
v2_spectrum,SU2-HaarU4-brickwork|n10|d60|i6|dir=gaussian|basis=Z|eta=0,SU2-HaarU4-brickwork|n10|d60|i6,SU2-HaarU4-brickwork,10,1,512,0.0091113184336238,0.1094423377100356,0.1003310192764118,0.0498745599378441,0.005031454662912285,3.591793506482472e-05
v2_spectrum,SU2-HaarU4-brickwork|n10|d60|i6|dir=gaussian|basis=Z|eta=0,SU2-HaarU4-brickwork|n10|d60|i6,SU2-HaarU4-brickwork,10,2,512,0.0527864439956781,0.4275509114904502,0.3747644674947721,0.2084592516178767,0.005031454662912285,3.591793506482472e-05
v2_spectrum,U1-RZ-XY-line|n12|d72|i2|dir=gaussian|basis=Z|eta=0,U1-RZ-XY-line|n12|d72|i2,U1-RZ-XY-line,12,1,512,0.2955015642826126,0.4387983862723393,0.1432968219897267,0.3703824198178133,0.027349426399197477,0.0009531848001234783
v2_spectrum,U1-RZ-XY-line|n12|d72|i2|dir=gaussian|basis=Z|eta=0,U1-RZ-XY-line|n12|d72|i2,U1-RZ-XY-line,12,2,512,0.5424344328589092,0.9999999999999973,0.4575655671410881,1.0,0.027349426399197477,0.0009531848001234783
v2_spectrum,SU2-CNOT-line|n8|d48|i7|dir=gaussian|basis=Z|eta=0,SU2-CNOT-line|n8|d48|i7,SU2-CNOT-line,8,1,512,0.0305960753152797,0.1259564366724042,0.0953603613571245,0.0696019292015516,0.007824011345052926,8.265534851910126e-05
v2_spectrum,SU2-CNOT-line|n8|d48|i7|dir=gaussian|basis=Z|eta=0,SU2-CNOT-line|n8|d48|i7,SU2-CNOT-line,8,2,512,0.1404963851262963,0.4254033471706194,0.2849069620443231,0.255426436878462,0.007824011345052926,8.265534851910126e-05
v2_spectrum,SU2-HaarU4-brickwork|n10|d60|i7|dir=gaussian|basis=Z|eta=0,SU2-HaarU4-brickwork|n10|d60|i7,SU2-HaarU4-brickwork,10,1,512,0.009513585705113,0.10804967784199691,0.09853609213688391,0.0482693635339936,0.005028980683087381,3.5692808037596635e-05
v2_spectrum,SU2-HaarU4-brickwork|n10|d60|i7|dir=gaussian|basis=Z|eta=0,SU2-HaarU4-brickwork|n10|d60|i7,SU2-HaarU4-brickwork,10,2,512,0.0532697536962677,0.42746588880594566,0.374196135109678,0.2080024482098975,0.005028980683087381,3.5692808037596635e-05
v2_spectrum,U1-RZ-XY-line|n12|d72|i3|dir=gaussian|basis=Z|eta=0,U1-RZ-XY-line|n12|d72|i3,U1-RZ-XY-line,12,1,512,0.3015910837826303,0.434848847076507,0.13325776329387673,0.3652319765023976,0.02707918757272326,0.0009471753387105256
v2_spectrum,U1-RZ-XY-line|n12|d72|i3|dir=gaussian|basis=Z|eta=0,U1-RZ-XY-line|n12|d72|i3,U1-RZ-XY-line,12,2,512,0.5474465168270883,0.9999999999999972,0.4525534831729089,1.0,0.02707918757272326,0.0009471753387105256
v2_spectrum,SU2-CNOT-line|n10|d60|i0|dir=gaussian|basis=Z|eta=0,SU2-CNOT-line|n10|d60|i0,SU2-CNOT-line,10,1,512,0.0092625462773165,0.08694992182085239,0.07768737554353589,0.0315413311779274,0.004153517458940306,2.3487656793898853e-05
v2_spectrum,SU2-CNOT-line|n10|d60|i0|dir=gaussian|basis=Z|eta=0,SU2-CNOT-line|n10|d60|i0,SU2-CNOT-line,10,2,512,0.0525675006339076,0.36849180729258185,0.31592430665867427,0.1477898368537205,0.004153517458940306,2.3487656793898853e-05
v2_spectrum,SU2-HaarU4-brickwork|n12|d72|i0|dir=gaussian|basis=Z|eta=0,SU2-HaarU4-brickwork|n12|d72|i0,SU2-HaarU4-brickwork,12,1,512,0.002662412160575,0.09019924379944151,0.08753683163886651,0.0295378246573864,0.003565781985556528,1.719343773854309e-05
v2_spectrum,SU2-HaarU4-brickwork|n12|d72|i0|dir=gaussian|basis=Z|eta=0,SU2-HaarU4-brickwork|n12|d72|i0,SU2-HaarU4-brickwork,12,2,512,0.018029237729311,0.4213016656056198,0.40327242787630885,0.1473535292130504,0.003565781985556528,1.719343773854309e-05
v2_spectrum,U1-RZ-XY-line|n12|d72|i4|dir=gaussian|basis=Z|eta=0,U1-RZ-XY-line|n12|d72|i4,U1-RZ-XY-line,12,1,512,0.2943004651472861,0.4374800042828103,0.14317953913552423,0.3706096940380074,0.02719945880540763,0.000985812576030544
v2_spectrum,U1-RZ-XY-line|n12|d72|i4|dir=gaussian|basis=Z|eta=0,U1-RZ-XY-line|n12|d72|i4,U1-RZ-XY-line,12,2,512,0.5515487516895986,0.9999999999999973,0.44845124831039873,1.0,0.02719945880540763,0.000985812576030544
v2_spectrum,SU2-CNOT-line|n10|d60|i1|dir=gaussian|basis=Z|eta=0,SU2-CNOT-line|n10|d60|i1,SU2-CNOT-line,10,1,512,0.0096861128005355,0.0851819737054232,0.0754958609048877,0.0302708620382944,0.004099047079912497,2.2703503468239903e-05
v2_spectrum,SU2-CNOT-line|n10|d60|i1|dir=gaussian|basis=Z|eta=0,SU2-CNOT-line|n10|d60|i1,SU2-CNOT-line,10,2,512,0.0539984424117154,0.3633485096678635,0.30935006725614805,0.1425145562781279,0.004099047079912497,2.2703503468239903e-05
v2_spectrum,SU2-HaarU4-brickwork|n12|d72|i1|dir=gaussian|basis=Z|eta=0,SU2-HaarU4-brickwork|n12|d72|i1,SU2-HaarU4-brickwork,12,1,512,0.002635422156556,0.09060707394063709,0.08797165178408109,0.0300259959868304,0.0035490184943076956,1.705270294750054e-05
v2_spectrum,SU2-HaarU4-brickwork|n12|d72|i1|dir=gaussian|basis=Z|eta=0,SU2-HaarU4-brickwork|n12|d72|i1,SU2-HaarU4-brickwork,12,2,512,0.0183494862218612,0.4198710474275657,0.4015215612057045,0.1456042446960901,0.0035490184943076956,1.705270294750054e-05
v2_spectrum,U1-RZ-XY-line|n12|d72|i5|dir=gaussian|basis=Z|eta=0,U1-RZ-XY-line|n12|d72|i5,U1-RZ-XY-line,12,1,512,0.2968368316514126,0.4428279221149933,0.14599109046358066,0.3761119975687256,0.02761407114914591,0.001015170906807599
v2_spectrum,U1-RZ-XY-line|n12|d72|i5|dir=gaussian|basis=Z|eta=0,U1-RZ-XY-line|n12|d72|i5,U1-RZ-XY-line,12,2,512,0.5707803981972457,0.9999999999999971,0.4292196018027514,1.0,0.02761407114914591,0.001015170906807599
