family,n,k,analysis_status,metric,mean,ci95_low,ci95_high,circuits
RY-RZ-CZ-line,6,1,exploratory_post_hoc,enhancement,0.9336939175186365,0.9011712262873185,0.9640600719722283,16
RY-RZ-CZ-line,6,1,exploratory_post_hoc,actual_retention,0.08892323023987009,0.08581649866619875,0.09194006567000779,16
RY-RZ-CZ-line,6,1,exploratory_post_hoc,deff_from_pairwise_purity,41.42710294094681,40.40657982857731,42.46403337834603,16
RY-RZ-CZ-line,6,1,exploratory_post_hoc,r_times_deff,248.56261764568086,242.6187342238806,254.80580215900875,16
RY-RZ-CZ-line,6,1,exploratory_post_hoc,haar_population_sd_rho,0.04959870280103517,0.04778430150351807,0.05140854427788186,16
RY-RZ-CZ-line,6,1,exploratory_post_hoc,population_orientation_z,-1.314335538444858,-1.9496891738065685,-0.7113125949886954,16
RY-RZ-CZ-line,6,1,exploratory_post_hoc,orientation_growth_ratio,0.09519536523853876,0.06376253340924562,0.13026195705570043,16
RY-RZ-CZ-line,6,2,exploratory_post_hoc,enhancement,0.9781070460097794,0.9642166086720776,0.9914265523572161,16
RY-RZ-CZ-line,6,2,exploratory_post_hoc,actual_retention,0.3260356820032597,0.32163339495961274,0.3303829656081563,16
RY-RZ-CZ-line,6,2,exploratory_post_hoc,deff_from_pairwise_purity,41.42710294094681,40.407343755224986,42.46602262837501,16
RY-RZ-CZ-line,6,2,exploratory_post_hoc,r_times_deff,869.969161759883,848.6918648997673,891.7358865520046,16
RY-RZ-CZ-line,6,2,exploratory_post_hoc,haar_population_sd_rho,0.022757445604254745,0.021925382551794072,0.023572253133570562,16
RY-RZ-CZ-line,6,2,exploratory_post_hoc,population_orientation_z,-0.9587650920031832,-1.5861678420572016,-0.3679838746841006,16
RY-RZ-CZ-line,6,2,exploratory_post_hoc,orientation_growth_ratio,0.04090779781700389,0.02471393301088907,0.05823448415228245,16
RY-RZ-CZ-line,8,1,exploratory_post_hoc,enhancement,0.9000647958693823,0.8729594439433231,0.9272781711611364,16
RY-RZ-CZ-line,8,1,exploratory_post_hoc,actual_retention,0.028237326929235473,0.02737773421249355,0.02908730913881098,16
RY-RZ-CZ-line,8,1,exploratory_post_hoc,deff_from_pairwise_purity,109.50517287870002,107.32863052056226,111.74321076554128,16
RY-RZ-CZ-line,8,1,exploratory_post_hoc,r_times_deff,876.0413830296002,857.8122464767472,894.0750860302539,16
RY-RZ-CZ-line,8,1,exploratory_post_hoc,haar_population_sd_rho,0.03548265084455863,0.03485029974813795,0.03612077699543015,16
RY-RZ-CZ-line,8,1,exploratory_post_hoc,population_orientation_z,-2.8506914279044766,-3.6576778770103395,-2.02346518944387,16
RY-RZ-CZ-line,8,1,exploratory_post_hoc,orientation_growth_ratio,0.0979417015407521,0.07371485477565966,0.12359733105383126,16
RY-RZ-CZ-line,8,2,exploratory_post_hoc,enhancement,0.9511498209677525,0.939297972460889,0.9637850647594697,16
RY-RZ-CZ-line,8,2,exploratory_post_hoc,actual_retention,0.13427997472485914,0.13256633902380666,0.13611877725622687,16
RY-RZ-CZ-line,8,2,exploratory_post_hoc,deff_from_pairwise_purity,109.50517287870002,107.27134379612795,111.73506548106535,16
RY-RZ-CZ-line,8,2,exploratory_post_hoc,r_times_deff,3942.186223633201,3863.737661803235,4022.203128205046,16
RY-RZ-CZ-line,8,2,exploratory_post_hoc,haar_population_sd_rho,0.015750102396672523,0.015468468856403567,0.016032241162373336,16
RY-RZ-CZ-line,8,2,exploratory_post_hoc,population_orientation_z,-3.1300991431736294,-3.929782522017079,-2.300541829511957,16
RY-RZ-CZ-line,8,2,exploratory_post_hoc,orientation_growth_ratio,0.04962548565384489,0.03638649791678493,0.06181985963128416,16
RY-RZ-CZ-line,10,1,exploratory_post_hoc,enhancement,0.8911600216006037,0.8603038809027699,0.9190213293355962,16
RY-RZ-CZ-line,10,1,exploratory_post_hoc,actual_retention,0.008711241657874864,0.008414962610693104,0.008981051532175979,16
RY-RZ-CZ-line,10,1,exploratory_post_hoc,deff_from_pairwise_purity,234.9611207024973,228.61707874014186,240.7197177009926,16
RY-RZ-CZ-line,10,1,exploratory_post_hoc,r_times_deff,2349.6112070249733,2284.91544886241,2407.1447058883273,16
RY-RZ-CZ-line,10,1,exploratory_post_hoc,haar_population_sd_rho,0.025501090725169134,0.025088183893073927,0.02596470761668629,16
RY-RZ-CZ-line,10,1,exploratory_post_hoc,population_orientation_z,-4.308759053623691,-5.581404173897406,-3.1845520973604478,16
RY-RZ-CZ-line,10,1,exploratory_post_hoc,orientation_growth_ratio,0.0883391681494991,0.06578288802454034,0.11270130275647536,16
RY-RZ-CZ-line,10,2,exploratory_post_hoc,enhancement,0.933175572673012,0.9232114787244597,0.9447537157347077,16
RY-RZ-CZ-line,10,2,exploratory_post_hoc,actual_retention,0.05017072971360276,0.049627719373947825,0.05079026128081504,16
RY-RZ-CZ-line,10,2,exploratory_post_hoc,deff_from_pairwise_purity,234.9611207024973,228.73402021681645,240.66660771531005,16
RY-RZ-CZ-line,10,2,exploratory_post_hoc,r_times_deff,12922.861638637352,12567.62650680928,13242.613209979183,16
RY-RZ-CZ-line,10,2,exploratory_post_hoc,haar_population_sd_rho,0.010629439578069591,0.01045906373271151,0.010823772759194135,16
RY-RZ-CZ-line,10,2,exploratory_post_hoc,population_orientation_z,-6.328753894008094,-7.35145219983633,-5.199464020465872,16
RY-RZ-CZ-line,10,2,exploratory_post_hoc,orientation_growth_ratio,0.05544716125645525,0.04602781936363145,0.06411669128260879,16
RY-RZ-CZ-line,12,1,exploratory_post_hoc,enhancement,0.8855683766631794,0.8703178263790781,0.9016009955441255,16
RY-RZ-CZ-line,12,1,exploratory_post_hoc,actual_retention,0.0025950721660459,0.002549723059791737,0.002641564178665016,16
RY-RZ-CZ-line,12,1,exploratory_post_hoc,deff_from_pairwise_purity,419.60930327525705,409.48777038989147,429.57428189300157,16
RY-RZ-CZ-line,12,1,exploratory_post_hoc,r_times_deff,5035.311639303085,4919.9580552732405,5153.5589071156555,16
RY-RZ-CZ-line,12,1,exploratory_post_hoc,haar_population_sd_rho,0.01886871541087448,0.01862066442651934,0.019123698392796474,16
RY-RZ-CZ-line,12,1,exploratory_post_hoc,population_orientation_z,-6.067846896986304,-6.892978435621456,-5.225026114306992,16
RY-RZ-CZ-line,12,1,exploratory_post_hoc,orientation_growth_ratio,0.08554393201362581,0.07321905913837033,0.09704226028499235,16
RY-RZ-CZ-line,12,2,exploratory_post_hoc,enhancement,0.9352891090281996,0.9271108537284688,0.943216817839202,16
RY-RZ-CZ-line,12,2,exploratory_post_hoc,actual_retention,0.017815030648156132,0.01765551955888286,0.017964743975917238,16
RY-RZ-CZ-line,12,2,exploratory_post_hoc,deff_from_pairwise_purity,419.60930327525705,409.59369990504337,429.4342757952596,16
RY-RZ-CZ-line,12,2,exploratory_post_hoc,r_times_deff,32729.525655470054,31936.422199064527,33516.5833025336,16
RY-RZ-CZ-line,12,2,exploratory_post_hoc,haar_population_sd_rho,0.007340858990054851,0.0072454101955437954,0.007436587852339926,16
RY-RZ-CZ-line,12,2,exploratory_post_hoc,population_orientation_z,-8.809937554038415,-9.9251945131076,-7.728048085856633,16
RY-RZ-CZ-line,12,2,exploratory_post_hoc,orientation_growth_ratio,0.04876544410292276,0.042853970857079156,0.05490136140498814,16
RY-RZ-CZ-line,14,1,exploratory_post_hoc,enhancement,0.8741854790008513,0.8540487024117853,0.8952762910585087,12
RY-RZ-CZ-line,14,1,exploratory_post_hoc,actual_retention,0.0007470302573406,0.0007297733346684396,0.0007656918564547242,12
RY-RZ-CZ-line,14,1,exploratory_post_hoc,deff_from_pairwise_purity,637.333104437606,623.3499806312154,650.4971563556155,12
RY-RZ-CZ-line,14,1,exploratory_post_hoc,r_times_deff,8922.663462126484,8724.120152865557,9115.52028430137,12
RY-RZ-CZ-line,14,1,exploratory_post_hoc,haar_population_sd_rho,0.014679197153522365,0.014517974123768413,0.014850476233249357,12
RY-RZ-CZ-line,14,1,exploratory_post_hoc,population_orientation_z,-8.58144789084977,-9.960786671614686,-7.124106402116031,12
RY-RZ-CZ-line,14,1,exploratory_post_hoc,orientation_growth_ratio,0.09079146081600305,0.07532889980868325,0.1053616034746949,12
RY-RZ-CZ-line,14,2,exploratory_post_hoc,enhancement,0.9273865432436516,0.9191282723177068,0.9353680910256083,12
RY-RZ-CZ-line,14,2,exploratory_post_hoc,actual_retention,0.005943696944429124,0.005890404030152271,0.005995897911194033,12
RY-RZ-CZ-line,14,2,exploratory_post_hoc,deff_from_pairwise_purity,637.333104437606,623.1360055941715,650.8045122168884,12
RY-RZ-CZ-line,14,2,exploratory_post_hoc,r_times_deff,66919.97596594863,65419.6399771684,68339.44997773772,12
RY-RZ-CZ-line,14,2,exploratory_post_hoc,haar_population_sd_rho,0.005345165042782597,0.005285650387988031,0.0054062048388337,12
RY-RZ-CZ-line,14,2,exploratory_post_hoc,population_orientation_z,-13.603595861591986,-15.197018623219263,-12.04039206408367,12
RY-RZ-CZ-line,14,2,exploratory_post_hoc,orientation_growth_ratio,0.052546567271711614,0.04676586630265211,0.05852234382094396,12
RY-RZ-CZ-line,16,1,exploratory_post_hoc,enhancement,0.8766269483847471,0.8652477733009113,0.8924171409730495,12
RY-RZ-CZ-line,16,1,exploratory_post_hoc,actual_retention,0.00021402351681014167,0.00021121252527591126,0.00021779499017633206,12
RY-RZ-CZ-line,16,1,exploratory_post_hoc,deff_from_pairwise_purity,901.6677567708115,877.2937202480417,925.348591504039,12
RY-RZ-CZ-line,16,1,exploratory_post_hoc,r_times_deff,14426.684108332984,14043.573300586593,14799.844574249297,12
RY-RZ-CZ-line,16,1,exploratory_post_hoc,haar_population_sd_rho,0.01170125564704829,0.011546157516687264,0.01186373187694508,12
RY-RZ-CZ-line,16,1,exploratory_post_hoc,population_orientation_z,-10.571112195497424,-11.562682270451944,-9.211261057223018,12
RY-RZ-CZ-line,16,1,exploratory_post_hoc,orientation_growth_ratio,0.08785814941084645,0.07657577095877142,0.09590299870569777,12
RY-RZ-CZ-line,16,2,exploratory_post_hoc,enhancement,0.9197440393976893,0.9136737067643311,0.9260048052414485,12
RY-RZ-CZ-line,16,2,exploratory_post_hoc,actual_retention,0.0019086776433674083,0.0018955864394266317,0.0019217964668983578,12
RY-RZ-CZ-line,16,2,exploratory_post_hoc,deff_from_pairwise_purity,901.6677567708115,877.2690980458094,925.3745652998734,12
RY-RZ-CZ-line,16,2,exploratory_post_hoc,r_times_deff,122626.81492083035,119379.94075875367,125837.06221261145,12
RY-RZ-CZ-line,16,2,exploratory_post_hoc,haar_population_sd_rho,0.004009820471089364,0.0039572190053992,0.0040652798509415765,12
RY-RZ-CZ-line,16,2,exploratory_post_hoc,population_orientation_z,-20.042014893808553,-21.634528246975727,-18.35638595604543,12
RY-RZ-CZ-line,16,2,exploratory_post_hoc,orientation_growth_ratio,0.057204445230494276,0.052664537466828226,0.06174790851742091,12
SU2-CNOT-line,6,1,exploratory_post_hoc,enhancement,0.9942262464083731,0.969300183691166,1.0192025521032781,16
SU2-CNOT-line,6,1,exploratory_post_hoc,actual_retention,0.09468821394365454,0.09229682745303086,0.09702916104482129,16
SU2-CNOT-line,6,1,exploratory_post_hoc,deff_from_pairwise_purity,51.041277011084254,50.492100179202666,51.583595532735345,16
SU2-CNOT-line,6,1,exploratory_post_hoc,r_times_deff,306.24766206650554,302.9702422555678,309.45062172506937,16
SU2-CNOT-line,6,1,exploratory_post_hoc,haar_population_sd_rho,0.033222544665730935,0.03227707430329025,0.034151779166309876,16
SU2-CNOT-line,6,1,exploratory_post_hoc,population_orientation_z,-0.17045975461655316,-0.9433858883417683,0.5927603072557969,16
SU2-CNOT-line,6,1,exploratory_post_hoc,orientation_growth_ratio,0.07364165517134627,0.049325975508662,0.09762396565224281,16
SU2-CNOT-line,6,2,exploratory_post_hoc,enhancement,0.9917380030189954,0.9793821404728599,1.0042645413334907,16
SU2-CNOT-line,6,2,exploratory_post_hoc,actual_retention,0.33057933433966513,0.326531401728223,0.3346705588398982,16
SU2-CNOT-line,6,2,exploratory_post_hoc,deff_from_pairwise_purity,51.041277011084254,50.48427579266037,51.57815294412544,16
SU2-CNOT-line,6,2,exploratory_post_hoc,r_times_deff,1071.8668172327693,1060.3258643765619,1083.2826263226946,16
SU2-CNOT-line,6,2,exploratory_post_hoc,haar_population_sd_rho,0.01524354893107236,0.01481800479866016,0.015667812117727983,16
SU2-CNOT-line,6,2,exploratory_post_hoc,population_orientation_z,-0.5489273203617164,-1.3702197796709552,0.29791818483061894,16
SU2-CNOT-line,6,2,exploratory_post_hoc,orientation_growth_ratio,0.043488609830260996,0.02875780430143615,0.05980691331996547,16
SU2-CNOT-line,8,1,exploratory_post_hoc,enhancement,0.9810976077159008,0.9573724738242795,1.005297688070886,16
SU2-CNOT-line,8,1,exploratory_post_hoc,actual_retention,0.030779532791087038,0.030037019711370464,0.03152629815686496,16
SU2-CNOT-line,8,1,exploratory_post_hoc,deff_from_pairwise_purity,169.209702863804,166.7524648938151,171.7527919707056,16
SU2-CNOT-line,8,1,exploratory_post_hoc,r_times_deff,1353.677622910432,1333.6327182640664,1374.189309769253,16
SU2-CNOT-line,8,1,exploratory_post_hoc,haar_population_sd_rho,0.02190741019057442,0.02142081321719254,0.02238241237323006,16
SU2-CNOT-line,8,1,exploratory_post_hoc,population_orientation_z,-0.8994470931170622,-2.0369156657676015,0.2244050872849934,16
SU2-CNOT-line,8,1,exploratory_post_hoc,orientation_growth_ratio,0.05905464611531913,0.044813020591984505,0.07523749244092763,16
SU2-CNOT-line,8,2,exploratory_post_hoc,enhancement,0.9856984978649397,0.9791314858903503,0.9917323829445234,16
SU2-CNOT-line,8,2,exploratory_post_hoc,actual_retention,0.13915743499269734,0.13820970047450148,0.14004549010056933,16
SU2-CNOT-line,8,2,exploratory_post_hoc,deff_from_pairwise_purity,169.209702863804,166.72099366550353,171.75430784230028,16
SU2-CNOT-line,8,2,exploratory_post_hoc,r_times_deff,6091.549303096944,6002.027546352643,6182.421662556203,16
SU2-CNOT-line,8,2,exploratory_post_hoc,haar_population_sd_rho,0.009724300342130943,0.009510963941849726,0.00993326609586855,16
SU2-CNOT-line,8,2,exploratory_post_hoc,population_orientation_z,-1.4959372496448515,-2.209078521214828,-0.8372343421231218,16
SU2-CNOT-line,8,2,exploratory_post_hoc,orientation_growth_ratio,0.021077107600519552,0.014186409266254144,0.02909963356320888,16
SU2-CNOT-line,10,1,exploratory_post_hoc,enhancement,0.9929654450833425,0.9717371318529923,1.0148214195933607,16
SU2-CNOT-line,10,1,exploratory_post_hoc,actual_retention,0.009706407087813663,0.009492473650099685,0.009918604993995744,16
SU2-CNOT-line,10,1,exploratory_post_hoc,deff_from_pairwise_purity,467.649031289492,463.14611684553654,473.00967112816494,16
SU2-CNOT-line,10,1,exploratory_post_hoc,r_times_deff,4676.490312894919,4631.930794260671,4730.283802844742,16
SU2-CNOT-line,10,1,exploratory_post_hoc,haar_population_sd_rho,0.015158356259427696,0.015003690326142,0.015292358232058661,16
SU2-CNOT-line,10,1,exploratory_post_hoc,population_orientation_z,-0.46720826711103314,-1.85662655072461,0.9653575709776464,16
SU2-CNOT-line,10,1,exploratory_post_hoc,orientation_growth_ratio,0.03248327718513698,0.01969060567831822,0.047269890635998804,16
SU2-CNOT-line,10,2,exploratory_post_hoc,enhancement,0.9912473656654028,0.9866659887770524,0.9956167570712722,16
SU2-CNOT-line,10,2,exploratory_post_hoc,actual_retention,0.053292869121795795,0.053050232396613294,0.05352721497382245,16
SU2-CNOT-line,10,2,exploratory_post_hoc,deff_from_pairwise_purity,467.649031289492,463.0850928953052,472.9411957357961,16
SU2-CNOT-line,10,2,exploratory_post_hoc,r_times_deff,25720.696720922057,25471.051654953415,26010.01178553547,16
SU2-CNOT-line,10,2,exploratory_post_hoc,haar_population_sd_rho,0.006318350603074882,0.006255427281012778,0.006374652378155526,16
SU2-CNOT-line,10,2,exploratory_post_hoc,population_orientation_z,-1.3873636992512832,-2.087992929698901,-0.7004451229845826,16
SU2-CNOT-line,10,2,exploratory_post_hoc,orientation_growth_ratio,0.010091094503758868,0.006649428845309679,0.013785052320088002,16
SU2-CNOT-line,12,1,exploratory_post_hoc,enhancement,0.9846586585419532,0.9692451533117523,1.0024019867278737,16
SU2-CNOT-line,12,1,exploratory_post_hoc,actual_retention,0.002885446618437906,0.002838945426458039,0.002935902275576846,16
SU2-CNOT-line,12,1,exploratory_post_hoc,deff_from_pairwise_purity,981.9063314931417,973.4955772381594,989.9352167345162,16
SU2-CNOT-line,12,1,exploratory_post_hoc,r_times_deff,11782.8759779177,11681.59722456606,11876.474631597466,16
SU2-CNOT-line,12,1,exploratory_post_hoc,haar_population_sd_rho,0.011342934297144803,0.011281536338517112,0.011407023500089555,16
SU2-CNOT-line,12,1,exploratory_post_hoc,population_orientation_z,-1.3558987125617656,-2.7533335513214703,0.1603905352886593,16
SU2-CNOT-line,12,1,exploratory_post_hoc,orientation_growth_ratio,0.025863912733624483,0.018283103165733814,0.03375604278002998,16
SU2-CNOT-line,12,2,exploratory_post_hoc,enhancement,0.9789796890504243,0.972285323715699,0.9859334221856199,16
SU2-CNOT-line,12,2,exploratory_post_hoc,actual_retention,0.018647232172388985,0.018515542082597956,0.01878390813245841,16
SU2-CNOT-line,12,2,exploratory_post_hoc,deff_from_pairwise_purity,981.9063314931417,973.2986750586052,989.9646431170403,16
SU2-CNOT-line,12,2,exploratory_post_hoc,r_times_deff,76588.69385646505,75949.09059683903,77209.91545946253,16
SU2-CNOT-line,12,2,exploratory_post_hoc,haar_population_sd_rho,0.004412959727020329,0.004388563895149092,0.004439179072308735,16
SU2-CNOT-line,12,2,exploratory_post_hoc,population_orientation_z,-4.767148137072289,-6.295905989741202,-3.1468967079049373,16
SU2-CNOT-line,12,2,exploratory_post_hoc,orientation_growth_ratio,0.01806841639052406,0.013003228141875392,0.023024006125492765,16
SU2-CNOT-line,14,1,exploratory_post_hoc,enhancement,0.9609656321740406,0.9391629645644499,0.9810450958885083,12
SU2-CNOT-line,14,1,exploratory_post_hoc,actual_retention,0.0008211877464710751,0.0008029004853573661,0.0008383501596871211,12
SU2-CNOT-line,14,1,exploratory_post_hoc,deff_from_pairwise_purity,1643.406082893701,1628.485651438981,1658.5110328963692,12
SU2-CNOT-line,14,1,exploratory_post_hoc,r_times_deff,23007.685160511814,22804.30372436065,23220.401454716095,12
SU2-CNOT-line,14,1,exploratory_post_hoc,haar_population_sd_rho,0.00884038679755575,0.00879517294447633,0.008883961740674502,12
SU2-CNOT-line,14,1,exploratory_post_hoc,population_orientation_z,-4.40912013981621,-6.861886140883358,-2.164155909630536,12
SU2-CNOT-line,14,1,exploratory_post_hoc,orientation_growth_ratio,0.030624015530700766,0.016753743420140035,0.045998219721836764,12
SU2-CNOT-line,14,2,exploratory_post_hoc,enhancement,0.978882707934209,0.9727999555359432,0.9854684880466676,12
SU2-CNOT-line,14,2,exploratory_post_hoc,actual_retention,0.006273740116772925,0.006234177438984473,0.006315102593797797,12
SU2-CNOT-line,14,2,exploratory_post_hoc,deff_from_pairwise_purity,1643.406082893701,1628.3684561764742,1658.8003321408833,12
SU2-CNOT-line,14,2,exploratory_post_hoc,r_times_deff,172557.6387038386,171008.64923360414,174207.57377423134,12
SU2-CNOT-line,14,2,exploratory_post_hoc,haar_population_sd_rho,0.003219067499453339,0.003202358765879592,0.0032351501418555165,12
SU2-CNOT-line,14,2,exploratory_post_hoc,population_orientation_z,-6.558984615393701,-8.455397781504603,-4.5603311525876,12
SU2-CNOT-line,14,2,exploratory_post_hoc,orientation_growth_ratio,0.015793430806546504,0.010943754907083903,0.020347365615014257,12
SU2-CNOT-line,16,1,exploratory_post_hoc,enhancement,0.9523307476215028,0.9412316492239138,0.963436369545155,12
SU2-CNOT-line,16,1,exploratory_post_hoc,actual_retention,0.0002325061716936167,0.00022982055292670005,0.00023518219308108065,12
SU2-CNOT-line,16,1,exploratory_post_hoc,deff_from_pairwise_purity,2330.240070930438,2302.5790568572156,2360.520101606809,12
SU2-CNOT-line,16,1,exploratory_post_hoc,r_times_deff,37283.84113488701,36850.65442831646,37769.79205445804,12
SU2-CNOT-line,16,1,exploratory_post_hoc,haar_population_sd_rho,0.007193114540779164,0.007145375039359283,0.0072370560271047156,12
SU2-CNOT-line,16,1,exploratory_post_hoc,population_orientation_z,-6.6428749687084085,-8.203981434087586,-5.057191375169169,12
SU2-CNOT-line,16,1,exploratory_post_hoc,orientation_growth_ratio,0.03433021163860243,0.02618572117432823,0.04216152377551897,12
SU2-CNOT-line,16,2,exploratory_post_hoc,enhancement,0.9855648089589675,0.9793519987688685,0.9924084254186467,12
SU2-CNOT-line,16,2,exploratory_post_hoc,actual_retention,0.00204527068007045,0.002031944293513925,0.0020594087644306702,12
SU2-CNOT-line,16,2,exploratory_post_hoc,deff_from_pairwise_purity,2330.240070930438,2302.9345326312496,2360.2011838957974,12
SU2-CNOT-line,16,2,exploratory_post_hoc,r_times_deff,316912.64964653965,313238.20398904383,320957.83664200275,12
SU2-CNOT-line,16,2,exploratory_post_hoc,haar_population_sd_rho,0.002464957505973532,0.0024483763183388027,0.0024802823518439952,12
SU2-CNOT-line,16,2,exploratory_post_hoc,population_orientation_z,-5.859821437177036,-8.351526109276403,-3.1217973607768363,12
SU2-CNOT-line,16,2,exploratory_post_hoc,orientation_growth_ratio,0.011847475429752188,0.008336200842328789,0.01531101271657151,12
SU2-CZ-random-matching,6,1,exploratory_post_hoc,enhancement,0.9372871040940403,0.9089494281308199,0.9652740967453535,16
SU2-CZ-random-matching,6,1,exploratory_post_hoc,actual_retention,0.08926543848514665,0.08657785634916813,0.09204677396016614,16
SU2-CZ-random-matching,6,1,exploratory_post_hoc,deff_from_pairwise_purity,48.463586119510055,47.84920916978213,49.057947715445316,16
SU2-CZ-random-matching,6,1,exploratory_post_hoc,r_times_deff,290.7815167170603,287.07680580242265,294.3794421559174,16
SU2-CZ-random-matching,6,1,exploratory_post_hoc,haar_population_sd_rho,0.03760077397997408,0.03660193649945723,0.03865689838905109,16
SU2-CZ-random-matching,6,1,exploratory_post_hoc,population_orientation_z,-1.6588187269256913,-2.376015554865237,-0.9203365438335926,16
SU2-CZ-random-matching,6,1,exploratory_post_hoc,orientation_growth_ratio,0.11003909754935122,0.07571132338839742,0.14578027012438086,16
SU2-CZ-random-matching,6,2,exploratory_post_hoc,enhancement,0.9666484645440767,0.9513581718679842,0.9820129036810794,16
SU2-CZ-random-matching,6,2,exploratory_post_hoc,actual_retention,0.32221615484802557,0.3171439713118552,0.32720747262537636,16
SU2-CZ-random-matching,6,2,exploratory_post_hoc,deff_from_pairwise_purity,48.463586119510055,47.85856052883856,49.075899223455366,16
SU2-CZ-random-matching,6,2,exploratory_post_hoc,r_times_deff,1017.7353085097111,1004.9770310318753,1030.3746861635216,16
SU2-CZ-random-matching,6,2,exploratory_post_hoc,haar_population_sd_rho,0.01725241831343375,0.016795085878246976,0.017731266859725356,16
SU2-CZ-random-matching,6,2,exploratory_post_hoc,population_orientation_z,-1.9071102545332856,-2.758204891054037,-1.0306606474551816,16
SU2-CZ-random-matching,6,2,exploratory_post_hoc,orientation_growth_ratio,0.06762363115579689,0.04586540972914723,0.0909834862040647,16
SU2-CZ-random-matching,8,1,exploratory_post_hoc,enhancement,0.9651373809985491,0.9445424024304011,0.9862768942190027,16
SU2-CZ-random-matching,8,1,exploratory_post_hoc,actual_retention,0.030278819796032863,0.0296327559270328,0.03092512121712745,16
SU2-CZ-random-matching,8,1,exploratory_post_hoc,deff_from_pairwise_purity,154.86297835279845,153.65570809831007,156.1997118394397,16
SU2-CZ-random-matching,8,1,exploratory_post_hoc,r_times_deff,1238.9038268223876,1229.0186417620894,1249.5425922696547,16
SU2-CZ-random-matching,8,1,exploratory_post_hoc,haar_population_sd_rho,0.024735199289372307,0.02446377851048898,0.02498569835271166,16
SU2-CZ-random-matching,8,1,exploratory_post_hoc,population_orientation_z,-1.3945911252177536,-2.2343292740700207,-0.5548151696258299,16
SU2-CZ-random-matching,8,1,exploratory_post_hoc,orientation_growth_ratio,0.049636316576056896,0.0316109753355586,0.06956390970128802,16
SU2-CZ-random-matching,8,2,exploratory_post_hoc,enhancement,0.9836844078858338,0.9745701767501873,0.992649646662113,16
SU2-CZ-random-matching,8,2,exploratory_post_hoc,actual_retention,0.13887309287800004,0.1375791690127453,0.14018422600644237,16
SU2-CZ-random-matching,8,2,exploratory_post_hoc,deff_from_pairwise_purity,154.86297835279845,153.61276110830346,156.16555940644855,16
SU2-CZ-random-matching,8,2,exploratory_post_hoc,r_times_deff,5575.067220700744,5530.941237787217,5623.326655411198,16
SU2-CZ-random-matching,8,2,exploratory_post_hoc,haar_population_sd_rho,0.010979504415168541,0.010858390372509118,0.01108882232854478,16
SU2-CZ-random-matching,8,2,exploratory_post_hoc,population_orientation_z,-1.4736630684686636,-2.2906748777154435,-0.6213921817586442,16
SU2-CZ-random-matching,8,2,exploratory_post_hoc,orientation_growth_ratio,0.025036963424934125,0.01708665690457369,0.03354423797711477,16
SU2-CZ-random-matching,10,1,exploratory_post_hoc,enhancement,0.945141286285997,0.9293705442845794,0.9613064071217997,16
SU2-CZ-random-matching,10,1,exploratory_post_hoc,actual_retention,0.009238917754506274,0.009077868391814075,0.009397714382685893,16
SU2-CZ-random-matching,10,1,exploratory_post_hoc,deff_from_pairwise_purity,402.75668461368633,400.1732701054776,405.2971204099928,16
SU2-CZ-random-matching,10,1,exploratory_post_hoc,r_times_deff,4027.5668461368637,4001.7353948631458,4053.382081854796,16
SU2-CZ-random-matching,10,1,exploratory_post_hoc,haar_population_sd_rho,0.017259502499956537,0.017170614135501534,0.017350945876517202,16
SU2-CZ-random-matching,10,1,exploratory_post_hoc,population_orientation_z,-3.165352365094908,-4.097619322924272,-2.2388182541244044,16
SU2-CZ-random-matching,10,1,exploratory_post_hoc,orientation_growth_ratio,0.05000557382300652,0.03560640190249843,0.06433144138855267,16
SU2-CZ-random-matching,10,2,exploratory_post_hoc,enhancement,0.9733952626776547,0.964863911610137,0.9826907158165008,16
SU2-CZ-random-matching,10,2,exploratory_post_hoc,actual_retention,0.052333078638583524,0.05186902025257653,0.052861596052449236,16
SU2-CZ-random-matching,10,2,exploratory_post_hoc,deff_from_pairwise_purity,402.75668461368633,400.1564852674534,405.355373109841,16
SU2-CZ-random-matching,10,2,exploratory_post_hoc,r_times_deff,22151.61765375275,22012.179523637482,22295.517192670646,16
SU2-CZ-random-matching,10,2,exploratory_post_hoc,haar_population_sd_rho,0.007194156553851182,0.0071559397725946975,0.007232426477055546,16
SU2-CZ-random-matching,10,2,exploratory_post_hoc,population_orientation_z,-3.6961095103570845,-4.875778800066041,-2.3851024094351687,16
SU2-CZ-random-matching,10,2,exploratory_post_hoc,orientation_growth_ratio,0.02747396567825245,0.021025285858071466,0.03347831470754271,16
SU2-CZ-random-matching,12,1,exploratory_post_hoc,enhancement,0.9573318793621852,0.9432462595916722,0.9694931437195218,16
SU2-CZ-random-matching,12,1,exploratory_post_hoc,actual_retention,0.0028053681446510437,0.0027641301557390792,0.0028417087265346004,16
SU2-CZ-random-matching,12,1,exploratory_post_hoc,deff_from_pairwise_purity,803.7649442552942,797.7368205034439,810.1031694225612,16
SU2-CZ-random-matching,12,1,exploratory_post_hoc,r_times_deff,9645.17933106353,9574.11372378582,9721.845681466883,16
SU2-CZ-random-matching,12,1,exploratory_post_hoc,haar_population_sd_rho,0.012890473448624684,0.012828862100521622,0.012951240845728391,16
SU2-CZ-random-matching,12,1,exploratory_post_hoc,population_orientation_z,-3.306291811466082,-4.391898635476992,-2.336869960023108,16
SU2-CZ-random-matching,12,1,exploratory_post_hoc,orientation_growth_ratio,0.03369953887128592,0.02405843839328592,0.044841313037423565,16
SU2-CZ-random-matching,12,2,exploratory_post_hoc,enhancement,0.9751597126875373,0.9687261959849285,0.9812651559129473,16
SU2-CZ-random-matching,12,2,exploratory_post_hoc,actual_retention,0.018574470717857804,0.01845123872334515,0.018692220791933285,16
SU2-CZ-random-matching,12,2,exploratory_post_hoc,deff_from_pairwise_purity,803.7649442552942,797.721187417131,810.092179397257,16
SU2-CZ-random-matching,12,2,exploratory_post_hoc,r_times_deff,62693.66565191295,62216.632987691286,63196.684719355144,16
SU2-CZ-random-matching,12,2,exploratory_post_hoc,haar_population_sd_rho,0.005015028624940944,0.004990339333134671,0.005038584038274448,16
SU2-CZ-random-matching,12,2,exploratory_post_hoc,population_orientation_z,-4.956863203092549,-6.221153682713018,-3.76679911539424,16
SU2-CZ-random-matching,12,2,exploratory_post_hoc,orientation_growth_ratio,0.019786794952160666,0.014930277170840856,0.024851328347921853,16
SU2-CZ-ring,6,1,exploratory_post_hoc,enhancement,0.9873668149085162,0.9562448396439975,1.0186576864889751,16
SU2-CZ-ring,6,1,exploratory_post_hoc,actual_retention,0.09403493475319197,0.09101399188156689,0.09696733202142584,16
SU2-CZ-ring,6,1,exploratory_post_hoc,deff_from_pairwise_purity,49.32040346439333,48.793434706265174,49.839609724005626,16
SU2-CZ-ring,6,1,exploratory_post_hoc,r_times_deff,295.92242078635996,292.6765460850153,299.03923165885703,16
SU2-CZ-ring,6,1,exploratory_post_hoc,haar_population_sd_rho,0.036155859618770936,0.03529626087507574,0.037068510922299444,16
SU2-CZ-ring,6,1,exploratory_post_hoc,population_orientation_z,-0.37399114256189064,-1.2361630499020262,0.47899965010253137,16
SU2-CZ-ring,6,1,exploratory_post_hoc,orientation_growth_ratio,0.08171807631143019,0.052584698078947625,0.1152115169156402,16
SU2-CZ-ring,6,2,exploratory_post_hoc,enhancement,0.9714801385885539,0.9600744571836268,0.9829082895851626,16
SU2-CZ-ring,6,2,exploratory_post_hoc,actual_retention,0.32382671286285125,0.31999304519741795,0.32752853439618373,16
SU2-CZ-ring,6,2,exploratory_post_hoc,deff_from_pairwise_purity,49.32040346439333,48.77005540661716,49.83563212897943,16
SU2-CZ-ring,6,2,exploratory_post_hoc,r_times_deff,1035.7284727522597,1024.4750186258655,1046.4922508035354,16
SU2-CZ-ring,6,2,exploratory_post_hoc,haar_population_sd_rho,0.016589446136322687,0.01619031832751742,0.01699636763126017,16
SU2-CZ-ring,6,2,exploratory_post_hoc,population_orientation_z,-1.7484670025814397,-2.437389643030359,-1.0833448192050985,16
SU2-CZ-ring,6,2,exploratory_post_hoc,orientation_growth_ratio,0.05841463457943495,0.04118103127394585,0.07755052173960351,16
SU2-CZ-ring,8,1,exploratory_post_hoc,enhancement,0.9635022514083034,0.939026725049212,0.9910568998013787,16
SU2-CZ-ring,8,1,exploratory_post_hoc,actual_retention,0.030227521612809477,0.02945835476279907,0.031086872352387086,16
SU2-CZ-ring,8,1,exploratory_post_hoc,deff_from_pairwise_purity,158.1038853017351,157.02710018525198,159.15010700219702,16
SU2-CZ-ring,8,1,exploratory_post_hoc,r_times_deff,1264.8310824138807,1256.366556835801,1273.1725844937516,16
SU2-CZ-ring,8,1,exploratory_post_hoc,haar_population_sd_rho,0.024079876774038878,0.02386771718262091,0.024296060579442332,16
SU2-CZ-ring,8,1,exploratory_post_hoc,population_orientation_z,-1.5353304838033361,-2.5516862304629995,-0.3917245346865431,16
SU2-CZ-ring,8,1,exploratory_post_hoc,orientation_growth_ratio,0.06545569462501843,0.046836914205021195,0.08356257307942834,16
SU2-CZ-ring,8,2,exploratory_post_hoc,enhancement,0.985779149839213,0.9763033940239845,0.9963668431246624,16
SU2-CZ-ring,8,2,exploratory_post_hoc,actual_retention,0.1391688211537712,0.13785770603915387,0.14065881589479623,16
SU2-CZ-ring,8,2,exploratory_post_hoc,deff_from_pairwise_purity,158.1038853017351,157.0209073909148,159.15714052261117,16
SU2-CZ-ring,8,2,exploratory_post_hoc,r_times_deff,5691.739870862464,5651.8851889801945,5730.097543225829,16
SU2-CZ-ring,8,2,exploratory_post_hoc,haar_population_sd_rho,0.010688618687251475,0.01059831650636456,0.010783540106755876,16
SU2-CZ-ring,8,2,exploratory_post_hoc,population_orientation_z,-1.3277411702443191,-2.234855499025609,-0.3327636505608185,16
SU2-CZ-ring,8,2,exploratory_post_hoc,orientation_growth_ratio,0.02714299228136252,0.019614502248010965,0.03471286885930289,16
SU2-CZ-ring,10,1,exploratory_post_hoc,enhancement,0.9582305451626847,0.936042800149135,0.9798816881023246,16
SU2-CZ-ring,10,1,exploratory_post_hoc,actual_retention,0.009366867499146432,0.009149276154692042,0.009577656403465492,16
SU2-CZ-ring,10,1,exploratory_post_hoc,deff_from_pairwise_purity,408.3407378881383,404.31621084693546,412.3277255930718,16
SU2-CZ-ring,10,1,exploratory_post_hoc,r_times_deff,4083.407378881383,4042.058731758213,4122.763836657749,16
SU2-CZ-ring,10,1,exploratory_post_hoc,haar_population_sd_rho,0.01706572015524878,0.01692744540414919,0.017206012334941748,16
SU2-CZ-ring,10,1,exploratory_post_hoc,population_orientation_z,-2.4239465725086884,-3.7007196431810345,-1.2062214151668296,16
SU2-CZ-ring,10,1,exploratory_post_hoc,orientation_growth_ratio,0.043022297299999415,0.026658270569595927,0.06081034408542519,16
SU2-CZ-ring,10,2,exploratory_post_hoc,enhancement,0.9776802263933846,0.9692494769645981,0.9856489293510237,16
SU2-CZ-ring,10,2,exploratory_post_hoc,actual_retention,0.05256345303190233,0.05211458088915598,0.05299955188299267,16
SU2-CZ-ring,10,2,exploratory_post_hoc,deff_from_pairwise_purity,408.3407378881383,404.2645738408417,412.23530925019656,16
SU2-CZ-ring,10,2,exploratory_post_hoc,r_times_deff,22458.740583847604,22231.695565101312,22675.18163984563,16
SU2-CZ-ring,10,2,exploratory_post_hoc,haar_population_sd_rho,0.007113383627447104,0.007056767264755058,0.007172449495557421,16
SU2-CZ-ring,10,2,exploratory_post_hoc,population_orientation_z,-3.114263006503064,-4.254429207825965,-1.9945290911188638,16
SU2-CZ-ring,10,2,exploratory_post_hoc,orientation_growth_ratio,0.022184187931728737,0.015936861872694583,0.02926681227930298,16
SU2-CZ-ring,12,1,exploratory_post_hoc,enhancement,0.9605544863388593,0.9410399289845758,0.9814927052037353,16
SU2-CZ-ring,12,1,exploratory_post_hoc,actual_retention,0.0028148116815790184,0.0027566609343324245,0.00287443797513916,16
SU2-CZ-ring,12,1,exploratory_post_hoc,deff_from_pairwise_purity,794.354723489618,788.3004060435642,800.3716486681658,16
SU2-CZ-ring,12,1,exploratory_post_hoc,r_times_deff,9532.256681875417,9460.720165643866,9605.44913975852,16
SU2-CZ-ring,12,1,exploratory_post_hoc,haar_population_sd_rho,0.012985070636371492,0.012922825352499279,0.013047222726819485,16
SU2-CZ-ring,12,1,exploratory_post_hoc,population_orientation_z,-3.038453347416238,-4.523886955248888,-1.4342237369684887,16
SU2-CZ-ring,12,1,exploratory_post_hoc,orientation_growth_ratio,0.037440959933966386,0.025406016842531152,0.04926557097890396,16
SU2-CZ-ring,12,2,exploratory_post_hoc,enhancement,0.9689936280513027,0.9627752326441664,0.9755552875894706,16
SU2-CZ-ring,12,2,exploratory_post_hoc,actual_retention,0.018457021486691445,0.018336968881308178,0.018583090448798124,16
SU2-CZ-ring,12,2,exploratory_post_hoc,deff_from_pairwise_purity,794.354723489618,788.237891057126,800.4718035058112,16
SU2-CZ-ring,12,2,exploratory_post_hoc,r_times_deff,61959.66843219021,61488.22698246589,62437.591209791164,16
SU2-CZ-ring,12,2,exploratory_post_hoc,haar_population_sd_rho,0.005051831586932985,0.005028367435245522,0.005075383180001294,16
SU2-CZ-ring,12,2,exploratory_post_hoc,population_orientation_z,-6.134957452160876,-7.3853281133700515,-4.866194351971848,16
SU2-CZ-ring,12,2,exploratory_post_hoc,orientation_growth_ratio,0.024657518550422718,0.019453721290133157,0.02965989232799245,16
SU2-HaarU4-brickwork,6,1,exploratory_post_hoc,enhancement,0.9463173112702745,0.9189156458746099,0.978054368269367,16
SU2-HaarU4-brickwork,6,1,exploratory_post_hoc,actual_retention,0.09012545821621659,0.08754703890926831,0.09319998638344902,16
SU2-HaarU4-brickwork,6,1,exploratory_post_hoc,deff_from_pairwise_purity,44.65687240475981,44.153686331420424,45.20746109153242,16
SU2-HaarU4-brickwork,6,1,exploratory_post_hoc,r_times_deff,267.9412344285589,264.8917932766473,271.3430221922369,16
SU2-HaarU4-brickwork,6,1,exploratory_post_hoc,haar_population_sd_rho,0.04401224409503395,0.04307213142049514,0.044862742458278586,16
SU2-HaarU4-brickwork,6,1,exploratory_post_hoc,population_orientation_z,-1.2196980933306003,-1.8423194498403275,-0.5050900581555354,16
SU2-HaarU4-brickwork,6,1,exploratory_post_hoc,orientation_growth_ratio,0.10259123978723178,0.08073504032315726,0.12500751161676943,16
SU2-HaarU4-brickwork,6,2,exploratory_post_hoc,enhancement,0.9826203311424347,0.9680016943596899,0.9980778526668851,16
SU2-HaarU4-brickwork,6,2,exploratory_post_hoc,actual_retention,0.32754011038081154,0.32271254714024966,0.33273553431985176,16
SU2-HaarU4-brickwork,6,2,exploratory_post_hoc,deff_from_pairwise_purity,44.65687240475981,44.17167721186633,45.21368278281838,16
SU2-HaarU4-brickwork,6,2,exploratory_post_hoc,r_times_deff,937.794320499956,927.0158493989537,949.514111159304,16
SU2-HaarU4-brickwork,6,2,exploratory_post_hoc,haar_population_sd_rho,0.020194202556705024,0.019759277210940212,0.02059001877397276,16
SU2-HaarU4-brickwork,6,2,exploratory_post_hoc,population_orientation_z,-0.8897306131914837,-1.6100622860955893,-0.11366342162517025,16
SU2-HaarU4-brickwork,6,2,exploratory_post_hoc,orientation_growth_ratio,0.05053592736754636,0.037628253102343016,0.06400647742094484,16
SU2-HaarU4-brickwork,8,1,exploratory_post_hoc,enhancement,0.9251479797610936,0.896299191558203,0.9549128249298954,16
SU2-HaarU4-brickwork,8,1,exploratory_post_hoc,actual_retention,0.02902425034544603,0.028115185709606805,0.02995505746790416,16
SU2-HaarU4-brickwork,8,1,exploratory_post_hoc,deff_from_pairwise_purity,133.32878878902827,131.725020844327,134.9121495360709,16
SU2-HaarU4-brickwork,8,1,exploratory_post_hoc,r_times_deff,1066.6303103122261,1053.7050517496302,1078.9753543801341,16
SU2-HaarU4-brickwork,8,1,exploratory_post_hoc,haar_population_sd_rho,0.029389736644518008,0.029026645327423738,0.029763122566903707,16
SU2-HaarU4-brickwork,8,1,exploratory_post_hoc,population_orientation_z,-2.5621597426022555,-3.5593533850139685,-1.514459859990692,16
SU2-HaarU4-brickwork,8,1,exploratory_post_hoc,orientation_growth_ratio,0.08460905891956894,0.058942801351181476,0.1112124587299431,16
SU2-HaarU4-brickwork,8,2,exploratory_post_hoc,enhancement,0.9653300538853926,0.9568853234231383,0.9739921112118229,16
SU2-HaarU4-brickwork,8,2,exploratory_post_hoc,actual_retention,0.13628188996029067,0.13508253527341846,0.13748578370785064,16
SU2-HaarU4-brickwork,8,2,exploratory_post_hoc,deff_from_pairwise_purity,133.32878878902827,131.73423599026344,134.8943359830924,16
SU2-HaarU4-brickwork,8,2,exploratory_post_hoc,r_times_deff,4799.836396405017,4742.7213211922535,4856.46599366272,16
SU2-HaarU4-brickwork,8,2,exploratory_post_hoc,haar_population_sd_rho,0.013045568765147184,0.012879534996043577,0.013213359376947635,16
SU2-HaarU4-brickwork,8,2,exploratory_post_hoc,population_orientation_z,-2.660892951564833,-3.3156326446325872,-2.0028042232464025,16
SU2-HaarU4-brickwork,8,2,exploratory_post_hoc,orientation_growth_ratio,0.03839290595352835,0.028846080266185254,0.04748853393663844,16
SU2-HaarU4-brickwork,10,1,exploratory_post_hoc,enhancement,0.9331164529451954,0.916931099800461,0.9495709372416576,16
SU2-HaarU4-brickwork,10,1,exploratory_post_hoc,actual_retention,0.009121372951565895,0.008962421531483966,0.009283002517148736,16
SU2-HaarU4-brickwork,10,1,exploratory_post_hoc,deff_from_pairwise_purity,323.8162784763842,319.3642254646831,328.1063528235858,16
SU2-HaarU4-brickwork,10,1,exploratory_post_hoc,r_times_deff,3238.162784763842,3192.6426020471135,3282.1756776442676,16
SU2-HaarU4-brickwork,10,1,exploratory_post_hoc,haar_population_sd_rho,0.020442640279024975,0.020240617479865417,0.020651247735359576,16
SU2-HaarU4-brickwork,10,1,exploratory_post_hoc,population_orientation_z,-3.2709630167592176,-4.063363540233503,-2.4671231199028134,16
SU2-HaarU4-brickwork,10,1,exploratory_post_hoc,orientation_growth_ratio,0.05750765092372598,0.043635967722590166,0.0715160670068355,16
SU2-HaarU4-brickwork,10,2,exploratory_post_hoc,enhancement,0.9615704422572297,0.9528981584474854,0.9696057371456873,16
SU2-HaarU4-brickwork,10,2,exploratory_post_hoc,actual_retention,0.05169733560522735,0.05122982617663751,0.05211817619013398,16
SU2-HaarU4-brickwork,10,2,exploratory_post_hoc,deff_from_pairwise_purity,323.8162784763842,319.3291779216111,328.16875417000904,16
SU2-HaarU4-brickwork,10,2,exploratory_post_hoc,r_times_deff,17809.89531620113,17562.529289096405,18053.796164840172,16
SU2-HaarU4-brickwork,10,2,exploratory_post_hoc,haar_population_sd_rho,0.008520961397452792,0.008435248474601304,0.008606072889538456,16
SU2-HaarU4-brickwork,10,2,exploratory_post_hoc,population_orientation_z,-4.5136133701834815,-5.551834434232053,-3.570903985872689,16
SU2-HaarU4-brickwork,10,2,exploratory_post_hoc,orientation_growth_ratio,0.033813322054994814,0.026907586867787738,0.041676076596253546,16
SU2-HaarU4-brickwork,12,1,exploratory_post_hoc,enhancement,0.9245051915885493,0.8994145926340068,0.9486101517432999,16
SU2-HaarU4-brickwork,12,1,exploratory_post_hoc,actual_retention,0.002709172722603744,0.0026357929519294056,0.002780550706173074,16
SU2-HaarU4-brickwork,12,1,exploratory_post_hoc,deff_from_pairwise_purity,618.9643099700538,612.7113444649959,625.3616270128765,16
SU2-HaarU4-brickwork,12,1,exploratory_post_hoc,r_times_deff,7427.571719640646,7351.825621882358,7504.518603763492,16
SU2-HaarU4-brickwork,12,1,exploratory_post_hoc,haar_population_sd_rho,0.015097202139583758,0.015007970447669541,0.015188347968531518,16
SU2-HaarU4-brickwork,12,1,exploratory_post_hoc,population_orientation_z,-5.002414373505884,-6.607518592995867,-3.384293140636814,16
SU2-HaarU4-brickwork,12,1,exploratory_post_hoc,orientation_growth_ratio,0.058937055370380596,0.04157949467449744,0.07737086209772386,16
SU2-HaarU4-brickwork,12,2,exploratory_post_hoc,enhancement,0.9568905141863808,0.9523596306336956,0.9619432419760355,16
SU2-HaarU4-brickwork,12,2,exploratory_post_hoc,actual_retention,0.018226485984502445,0.018138651214320345,0.018321281434327145,16
SU2-HaarU4-brickwork,12,2,exploratory_post_hoc,deff_from_pairwise_purity,618.9643099700538,612.8614469984261,625.3941156001446,16
SU2-HaarU4-brickwork,12,2,exploratory_post_hoc,r_times_deff,48279.2161776642,47789.12073229622,48775.28243795338,16
SU2-HaarU4-brickwork,12,2,exploratory_post_hoc,haar_population_sd_rho,0.005873554698226403,0.005837496128769211,0.00590877102379791,16
SU2-HaarU4-brickwork,12,2,exploratory_post_hoc,population_orientation_z,-7.347939347357176,-8.143975255565167,-6.484128942300779,16
SU2-HaarU4-brickwork,12,2,exploratory_post_hoc,orientation_growth_ratio,0.03341477909288036,0.02960853264154267,0.036950150928923425,16
SU2-HaarU4-brickwork,14,1,exploratory_post_hoc,enhancement,0.9300123611598438,0.9099886791093937,0.9517767885598457,12
SU2-HaarU4-brickwork,14,1,exploratory_post_hoc,actual_retention,0.0007947368037744415,0.0007771991504630972,0.0008130890399719454,12
SU2-HaarU4-brickwork,14,1,exploratory_post_hoc,deff_from_pairwise_purity,972.5940118879225,959.0149244449378,986.1365172874519,12
SU2-HaarU4-brickwork,14,1,exploratory_post_hoc,r_times_deff,13616.31616643091,13424.268770832588,13808.404756081492,12
SU2-HaarU4-brickwork,14,1,exploratory_post_hoc,haar_population_sd_rho,0.01175168579981921,0.011665802058565796,0.011839511549445313,12
SU2-HaarU4-brickwork,14,1,exploratory_post_hoc,population_orientation_z,-5.963951743623848,-7.719545281516719,-4.1215186348326665,12
SU2-HaarU4-brickwork,14,1,exploratory_post_hoc,orientation_growth_ratio,0.05240199436519691,0.03815639038946341,0.06617485708288169,12
SU2-HaarU4-brickwork,14,2,exploratory_post_hoc,enhancement,0.9574997645062958,0.9488531813074443,0.9652618145842183,12
SU2-HaarU4-brickwork,14,2,exploratory_post_hoc,actual_retention,0.006136695066420092,0.0060827652956664,0.006185909751316707,12
SU2-HaarU4-brickwork,14,2,exploratory_post_hoc,deff_from_pairwise_purity,972.5940118879225,958.8240444376946,986.5223213958436,12
SU2-HaarU4-brickwork,14,2,exploratory_post_hoc,r_times_deff,102122.37124823184,100710.42588825816,103544.40516473846,12
SU2-HaarU4-brickwork,14,2,exploratory_post_hoc,haar_population_sd_rho,0.004279164553347901,0.004247890946050892,0.004310861627904897,12
SU2-HaarU4-brickwork,14,2,exploratory_post_hoc,population_orientation_z,-9.95113906061162,-11.995168615943033,-8.092628083610988,12
SU2-HaarU4-brickwork,14,2,exploratory_post_hoc,orientation_growth_ratio,0.031090022828181716,0.02536406940432765,0.03733248164584763,12
SU2-HaarU4-brickwork,16,1,exploratory_post_hoc,enhancement,0.9267109118333674,0.90631845211702,0.9455912168771851,12
SU2-HaarU4-brickwork,16,1,exploratory_post_hoc,actual_retention,0.00022625123352912498,0.0002211622697923604,0.00023080136086726163,12
SU2-HaarU4-brickwork,16,1,exploratory_post_hoc,deff_from_pairwise_purity,1350.746420628579,1334.892716384119,1366.7962919913505,12
SU2-HaarU4-brickwork,16,1,exploratory_post_hoc,r_times_deff,21611.942730057264,21362.977406354796,21874.319346297292,12
SU2-HaarU4-brickwork,16,1,exploratory_post_hoc,haar_population_sd_rho,0.009520536705407966,0.009463596836167272,0.009577126456557082,12
SU2-HaarU4-brickwork,16,1,exploratory_post_hoc,population_orientation_z,-7.699488119843931,-9.904019032400512,-5.711151133335538,12
SU2-HaarU4-brickwork,16,1,exploratory_post_hoc,orientation_growth_ratio,0.05237255955138414,0.03876574377513686,0.06692018522884875,12
SU2-HaarU4-brickwork,16,2,exploratory_post_hoc,enhancement,0.9511742275097904,0.9437249967052894,0.9583766692298098,12
SU2-HaarU4-brickwork,16,2,exploratory_post_hoc,actual_retention,0.001973902417659708,0.001958892076555693,0.0019891252934485797,12
SU2-HaarU4-brickwork,16,2,exploratory_post_hoc,deff_from_pairwise_purity,1350.746420628579,1335.237728993675,1367.0176159147393,12
SU2-HaarU4-brickwork,16,2,exploratory_post_hoc,r_times_deff,183701.51320548673,181598.57969569985,185897.93529065154,12
SU2-HaarU4-brickwork,16,2,exploratory_post_hoc,haar_population_sd_rho,0.0032625253330596684,0.0032422609621824737,0.0032816348371671727,12
SU2-HaarU4-brickwork,16,2,exploratory_post_hoc,population_orientation_z,-14.955161763392072,-17.169632745347837,-12.700718110168673,12
SU2-HaarU4-brickwork,16,2,exploratory_post_hoc,orientation_growth_ratio,0.03492236608481785,0.029802634831132144,0.040156726604010755,12
SU2-HaarU4-brickwork,18,1,exploratory_post_hoc,enhancement,0.9292457387753762,0.9096542785467122,0.9503339549271813,12
SU2-HaarU4-brickwork,18,1,exploratory_post_hoc,actual_retention,6.380648462082442e-05,6.244311677937442e-05,6.521291502986606e-05,12
SU2-HaarU4-brickwork,18,1,exploratory_post_hoc,deff_from_pairwise_purity,1789.660391597069,1745.6301024989834,1831.7133204559912,12
SU2-HaarU4-brickwork,18,1,exploratory_post_hoc,r_times_deff,32213.887048747245,31389.41548953247,32967.26102307641,12
SU2-HaarU4-brickwork,18,1,exploratory_post_hoc,haar_population_sd_rho,0.007857894650220567,0.00776380689685811,0.007961639193537127,12
SU2-HaarU4-brickwork,18,1,exploratory_post_hoc,population_orientation_z,-9.054740677372461,-11.635105094210834,-6.325371458455348,12
SU2-HaarU4-brickwork,18,1,exploratory_post_hoc,orientation_growth_ratio,0.05020605396547212,0.03547252409948018,0.0643127511932542,12
SU2-HaarU4-brickwork,18,2,exploratory_post_hoc,enhancement,0.9584184295480891,0.9524044937280597,0.9662334944576633,12
SU2-HaarU4-brickwork,18,2,exploratory_post_hoc,actual_retention,0.0006251914087071166,0.0006212332695213548,0.0006302979642993347,12
SU2-HaarU4-brickwork,18,2,exploratory_post_hoc,deff_from_pairwise_purity,1789.660391597069,1743.8638112976275,1830.9727903483188,12
SU2-HaarU4-brickwork,18,2,exploratory_post_hoc,r_times_deff,306031.9269630988,298262.32763725804,313122.6326839503,12
SU2-HaarU4-brickwork,18,2,exploratory_post_hoc,haar_population_sd_rho,0.002548693524008434,0.0025179269203894792,0.0025822619409616005,12
SU2-HaarU4-brickwork,18,2,exploratory_post_hoc,population_orientation_z,-16.28592167920782,-18.603472271603373,-13.209673880116407,12
SU2-HaarU4-brickwork,18,2,exploratory_post_hoc,orientation_growth_ratio,0.029512726286860396,0.02411612743574124,0.03378601248134112,12
U1-RZ-XY-line,6,1,exploratory_post_hoc,enhancement,2.0581664696043567,2.0237503686623235,2.0945557804941273,20
U1-RZ-XY-line,6,1,exploratory_post_hoc,actual_retention,0.5416227551590411,0.5324931955238731,0.5514315882231215,20
U1-RZ-XY-line,6,1,exploratory_post_hoc,deff_from_pairwise_purity,9.41730434553753,9.150188710998508,9.682558862649335,20
U1-RZ-XY-line,6,1,exploratory_post_hoc,r_times_deff,47.08652172768766,45.719655336091265,48.383354587545575,20
U1-RZ-XY-line,6,1,exploratory_post_hoc,haar_population_sd_rho,0.12303982881758495,0.1195397503938962,0.1265712259693446,20
U1-RZ-XY-line,6,1,exploratory_post_hoc,population_orientation_z,8.616192887540972,8.338507867293318,8.886836924308918,20
U1-RZ-XY-line,6,1,exploratory_post_hoc,orientation_growth_ratio,1.2564602090670078,1.2185135267560252,1.294419673069872,20
U1-RZ-XY-line,6,2,exploratory_post_hoc,enhancement,1.1921892516726256,1.1712182569027505,1.210214142894686,20
U1-RZ-XY-line,6,2,exploratory_post_hoc,actual_retention,0.8784552380745663,0.8634235949935298,0.8919711707119563,20
U1-RZ-XY-line,6,2,exploratory_post_hoc,deff_from_pairwise_purity,9.41730434553753,9.152566967369246,9.68080090118506,20
U1-RZ-XY-line,6,2,exploratory_post_hoc,r_times_deff,131.84226083752543,128.06508322862402,135.51902917096191,20
U1-RZ-XY-line,6,2,exploratory_post_hoc,haar_population_sd_rho,0.043942796006280344,0.04272109355422453,0.04520219196079422,20
U1-RZ-XY-line,6,2,exploratory_post_hoc,population_orientation_z,4.3859361398420145,3.908820372636425,4.816684293032509,20
U1-RZ-XY-line,6,2,exploratory_post_hoc,orientation_growth_ratio,0.38203027833667014,0.3401625415336734,0.41948477353099195,20
U1-RZ-XY-line,8,1,exploratory_post_hoc,enhancement,4.218775643990051,4.116441123992747,4.31589281945301,20
U1-RZ-XY-line,8,1,exploratory_post_hoc,actual_retention,0.4279917319989906,0.4177352583710664,0.4383650486390456,20
U1-RZ-XY-line,8,1,exploratory_post_hoc,deff_from_pairwise_purity,17.05386275562539,16.67057599478203,17.4161265041956,20
U1-RZ-XY-line,8,1,exploratory_post_hoc,r_times_deff,119.37703928937772,116.71372708572726,121.92681910143779,20
U1-RZ-XY-line,8,1,exploratory_post_hoc,haar_population_sd_rho,0.10583855348439333,0.10431298127576351,0.10747003355653988,20
U1-RZ-XY-line,8,1,exploratory_post_hoc,population_orientation_z,30.404049220927345,29.582718153868676,31.1778504370253,20
U1-RZ-XY-line,8,1,exploratory_post_hoc,orientation_growth_ratio,2.7859979408397093,2.7033198913471286,2.866324343024766,20
U1-RZ-XY-line,8,2,exploratory_post_hoc,enhancement,1.8976777288711109,1.8680609153560628,1.9270964370756238,20
U1-RZ-XY-line,8,2,exploratory_post_hoc,actual_retention,0.7425695460799998,0.7311604057462829,0.7540561609847942,20
U1-RZ-XY-line,8,2,exploratory_post_hoc,deff_from_pairwise_purity,17.05386275562539,16.67737027758097,17.421934719208142,20
U1-RZ-XY-line,8,2,exploratory_post_hoc,r_times_deff,460.4542944018855,449.7999906185544,470.3207330441348,20
U1-RZ-XY-line,8,2,exploratory_post_hoc,haar_population_sd_rho,0.04435471918416334,0.043701618305334006,0.045043042934892544,20
U1-RZ-XY-line,8,2,exploratory_post_hoc,population_orientation_z,20.249216226069798,19.60845571648579,20.93862209399452,20
U1-RZ-XY-line,8,2,exploratory_post_hoc,orientation_growth_ratio,0.9442051556624136,0.9144833250472593,0.9743930765894531,20
U1-RZ-XY-line,10,1,exploratory_post_hoc,enhancement,9.885729003053928,9.714177321836683,10.060825224140286,20
U1-RZ-XY-line,10,1,exploratory_post_hoc,actual_retention,0.3544683706274317,0.3481218899103267,0.36084528196948135,20
U1-RZ-XY-line,10,1,exploratory_post_hoc,deff_from_pairwise_purity,27.26550853448945,26.864172001569354,27.71182759384986,20
U1-RZ-XY-line,10,1,exploratory_post_hoc,r_times_deff,245.389576810405,241.73262313681846,249.40486948197557,20
U1-RZ-XY-line,10,1,exploratory_post_hoc,haar_population_sd_rho,0.08356950309092848,0.08281794026949983,0.08423621898350044,20
U1-RZ-XY-line,10,1,exploratory_post_hoc,population_orientation_z,106.33891253529862,104.36247420230536,108.39019282310669,20
U1-RZ-XY-line,10,1,exploratory_post_hoc,orientation_growth_ratio,6.790846099695879,6.660995920941732,6.921241991148728,20
U1-RZ-XY-line,10,2,exploratory_post_hoc,enhancement,3.605632976909173,3.5663718896644694,3.6455686468044552,20
U1-RZ-XY-line,10,2,exploratory_post_hoc,actual_retention,0.6320631513306917,0.6251931871030318,0.6391949317913025,20
U1-RZ-XY-line,10,2,exploratory_post_hoc,deff_from_pairwise_purity,27.26550853448945,26.86234007456895,27.713132466196555,20
U1-RZ-XY-line,10,2,exploratory_post_hoc,r_times_deff,1199.682375517536,1182.029738598324,1219.4336575385396,20
U1-RZ-XY-line,10,2,exploratory_post_hoc,haar_population_sd_rho,0.03495587889415275,0.03464705714101542,0.03524039192658503,20
U1-RZ-XY-line,10,2,exploratory_post_hoc,population_orientation_z,74.54419697404852,73.60222800009937,75.60741071146734,20
U1-RZ-XY-line,10,2,exploratory_post_hoc,orientation_growth_ratio,2.1530976411538365,2.1213676842446043,2.1861407174533842,20
U1-RZ-XY-line,12,1,exploratory_post_hoc,enhancement,25.485826421653847,25.001592089795952,25.979967614324316,20
U1-RZ-XY-line,12,1,exploratory_post_hoc,actual_retention,0.3037314091421369,0.29774693902595367,0.3096528613641004,20
U1-RZ-XY-line,12,1,exploratory_post_hoc,deff_from_pairwise_purity,38.55354246382253,37.92087422817097,39.18245389963347,20
U1-RZ-XY-line,12,1,exploratory_post_hoc,r_times_deff,424.0889671020479,416.96609237308047,430.9071841012401,20
U1-RZ-XY-line,12,1,exploratory_post_hoc,haar_population_sd_rho,0.06682218670291694,0.0662556975520913,0.06741050380866954,20
U1-RZ-XY-line,12,1,exploratory_post_hoc,population_orientation_z,366.35799355252,360.37554045039656,372.261425805678,20
U1-RZ-XY-line,12,1,exploratory_post_hoc,orientation_growth_ratio,17.802978759331022,17.447211047617046,18.156967400625263,20
U1-RZ-XY-line,12,2,exploratory_post_hoc,enhancement,7.88180223682807,7.809751154220223,7.955368039786671,20
U1-RZ-XY-line,12,2,exploratory_post_hoc,actual_retention,0.5550564955512727,0.5499719364988558,0.560308485849729,20
U1-RZ-XY-line,12,2,exploratory_post_hoc,deff_from_pairwise_purity,38.55354246382253,37.91561744697368,39.18580681639775,20
U1-RZ-XY-line,12,2,exploratory_post_hoc,r_times_deff,2505.9802601484653,2462.9765185263923,2545.6883767672957,20
U1-RZ-XY-line,12,2,exploratory_post_hoc,haar_population_sd_rho,0.026662850188360798,0.026437235280018862,0.02689999608156759,20
U1-RZ-XY-line,12,2,exploratory_post_hoc,population_orientation_z,258.16363228083577,255.2715105704471,261.0852288682408,20
U1-RZ-XY-line,12,2,exploratory_post_hoc,orientation_growth_ratio,5.15871667176214,5.105393163582535,5.21343473458214,20
U1-RZ-XY-line,14,1,exploratory_post_hoc,enhancement,71.0250501816698,69.8178751751334,72.1478149433452,16
U1-RZ-XY-line,14,1,exploratory_post_hoc,actual_retention,0.26911269378073654,0.2646016938290976,0.27355706363688675,16
U1-RZ-XY-line,14,1,exploratory_post_hoc,deff_from_pairwise_purity,52.351863036296464,51.429295756336806,53.13252079771505,16
U1-RZ-XY-line,14,1,exploratory_post_hoc,r_times_deff,680.5742194718541,668.3754864233716,690.7057842597333,16
U1-RZ-XY-line,14,1,exploratory_post_hoc,haar_population_sd_rho,0.053708334047449235,0.05328914631915812,0.05420319470455895,16
U1-RZ-XY-line,14,1,exploratory_post_hoc,population_orientation_z,1303.8346618461576,1283.2696857279675,1322.7831653623095,16
U1-RZ-XY-line,14,1,exploratory_post_hoc,orientation_growth_ratio,49.99920724138269,49.154683396575834,50.807568754845924,16
U1-RZ-XY-line,14,2,exploratory_post_hoc,enhancement,18.77006197009724,18.60461440249556,18.92222961062966,16
U1-RZ-XY-line,14,2,exploratory_post_hoc,actual_retention,0.49236536791278107,0.48802696131417456,0.49642128011332776,16
U1-RZ-XY-line,14,2,exploratory_post_hoc,deff_from_pairwise_purity,52.351863036296464,51.42660586197159,53.13025745096224,16
U1-RZ-XY-line,14,2,exploratory_post_hoc,r_times_deff,4711.667673266682,4628.552914385284,4781.178213169425,16
U1-RZ-XY-line,14,2,exploratory_post_hoc,haar_population_sd_rho,0.02018107570072971,0.020026065867447897,0.020372503117571928,16
U1-RZ-XY-line,14,2,exploratory_post_hoc,population_orientation_z,880.6735868378972,872.2528059028868,888.769258993669,16
U1-RZ-XY-line,14,2,exploratory_post_hoc,orientation_growth_ratio,12.83356519078168,12.711959290140758,12.944952070582257,16
U1-RZ-XY-line,16,1,exploratory_post_hoc,enhancement,205.27708618177408,200.74885176867906,209.8043238544104,16
U1-RZ-XY-line,16,1,exploratory_post_hoc,actual_retention,0.23926927443675583,0.2340301270890308,0.24458363888066273,16
U1-RZ-XY-line,16,1,exploratory_post_hoc,deff_from_pairwise_purity,68.10988559661992,66.79208522736273,69.44559612540439,16
U1-RZ-XY-line,16,1,exploratory_post_hoc,r_times_deff,1021.6482839492987,1002.0467009152452,1041.9091594951726,16
U1-RZ-XY-line,16,1,exploratory_post_hoc,haar_population_sd_rho,0.04412688072117975,0.04369035515162822,0.044554919919997556,16
U1-RZ-XY-line,16,1,exploratory_post_hoc,population_orientation_z,4629.1685749474655,4538.416865659181,4715.369085710005,16
U1-RZ-XY-line,16,1,exploratory_post_hoc,orientation_growth_ratio,144.91925999190843,141.83284204600918,148.180211267246,16
U1-RZ-XY-line,16,2,exploratory_post_hoc,enhancement,47.644034077888975,47.282992232109535,48.01882138794327,16
U1-RZ-XY-line,16,2,exploratory_post_hoc,actual_retention,0.44056570481535384,0.4373560772196257,0.44392591490830674,16
U1-RZ-XY-line,16,2,exploratory_post_hoc,deff_from_pairwise_purity,68.10988559661992,66.78032891727895,69.41512972165738,16
U1-RZ-XY-line,16,2,exploratory_post_hoc,r_times_deff,8105.076385997769,7950.147055737205,8261.768466558111,16
U1-RZ-XY-line,16,2,exploratory_post_hoc,haar_population_sd_rho,0.015603115459279122,0.01545076727706717,0.015755951238495113,16
U1-RZ-XY-line,16,2,exploratory_post_hoc,population_orientation_z,2990.092585262822,2964.459348593444,3015.8120639668687,16
U1-RZ-XY-line,16,2,exploratory_post_hoc,orientation_growth_ratio,33.22516978013314,32.972126202776685,33.48646563490073,16
U1-RZ-XY-line,18,1,exploratory_post_hoc,enhancement,615.4756327726393,599.2725393066765,632.2075050667326,16
U1-RZ-XY-line,18,1,exploratory_post_hoc,actual_retention,0.21520569647946,0.20971526850236089,0.2211397473954703,16
U1-RZ-XY-line,18,1,exploratory_post_hoc,deff_from_pairwise_purity,85.39897169562127,83.1364567890845,87.52020984126263,16
U1-RZ-XY-line,18,1,exploratory_post_hoc,r_times_deff,1451.7825188255615,1413.5329043570503,1487.6226598860906,16
U1-RZ-XY-line,18,1,exploratory_post_hoc,haar_population_sd_rho,0.03711560188170038,0.03665018360636042,0.03761272214430104,16
U1-RZ-XY-line,18,1,exploratory_post_hoc,population_orientation_z,16554.34363626173,16193.985028023098,16938.123078775985,16
U1-RZ-XY-line,18,1,exploratory_post_hoc,orientation_growth_ratio,434.96191431475563,423.5208838332601,446.8499947723769,16
U1-RZ-XY-line,18,2,exploratory_post_hoc,enhancement,128.1769534555117,126.59700034141615,129.67840096026345,16
U1-RZ-XY-line,18,2,exploratory_post_hoc,actual_retention,0.40072599035845613,0.3958528050116264,0.4054885382446184,16
U1-RZ-XY-line,18,2,exploratory_post_hoc,deff_from_pairwise_purity,85.39897169562127,83.17093859937793,87.57269579444112,16
U1-RZ-XY-line,18,2,exploratory_post_hoc,r_times_deff,12980.643697734431,12634.26936562733,13301.660060448465,16
U1-RZ-XY-line,18,2,exploratory_post_hoc,haar_population_sd_rho,0.012395246651271615,0.012236920465891624,0.01256611916216842,16
U1-RZ-XY-line,18,2,exploratory_post_hoc,population_orientation_z,10264.709915599102,10123.8478467414,10411.96121774127,16
U1-RZ-XY-line,18,2,exploratory_post_hoc,orientation_growth_ratio,90.14868284014037,89.01241096587937,91.21473133938451,16
