family,n,shots,method,metric,bitflip_rate,noisy_over_clean,ci_low,ci_high,paired_circuits
SU2-HaarU4-brickwork,8,100,aligned_crossfit,actual_retention,0.01,1.031387263760304,1.0232507176163932,1.0404798003895945,16
SU2-HaarU4-brickwork,8,100,aligned_crossfit,actual_retention,0.03,1.0894982463904137,1.073700923440313,1.1066257016048031,16
SU2-HaarU4-brickwork,8,100,aligned_crossfit,actual_retention,0.05,1.1687567134591061,1.1467384313206308,1.1934371929715935,16
SU2-HaarU4-brickwork,8,100,aligned_crossfit,expected_scalar_directional_grad2,0.01,0.7856231285600991,0.7795298176994208,0.7920248010601203,16
SU2-HaarU4-brickwork,8,100,aligned_crossfit,expected_scalar_directional_grad2,0.03,0.5642740841403369,0.5569230299914363,0.572397231355924,16
SU2-HaarU4-brickwork,8,100,aligned_crossfit,expected_scalar_directional_grad2,0.05,0.43221899850009765,0.42458022155553354,0.44065435059378216,16
SU2-HaarU4-brickwork,8,100,aligned_crossfit,finite_difference_snr_mean,0.01,0.8780179481397278,0.8647996646796575,0.8903893691418537,16
SU2-HaarU4-brickwork,8,100,aligned_crossfit,finite_difference_snr_mean,0.03,0.745026314485966,0.7260243471671293,0.7641792965381828,16
SU2-HaarU4-brickwork,8,100,aligned_crossfit,finite_difference_snr_mean,0.05,0.650482524525086,0.6330717216137693,0.6677396957212351,16
SU2-HaarU4-brickwork,8,100,physical,actual_retention,0.01,1.257358867425188,1.2499582788753991,1.2648141572399592,16
SU2-HaarU4-brickwork,8,100,physical,actual_retention,0.03,1.6935328871841473,1.6824183153812533,1.705462554451875,16
SU2-HaarU4-brickwork,8,100,physical,actual_retention,0.05,2.1655687835064845,2.1515775094556924,2.1799315577113596,16
SU2-HaarU4-brickwork,8,100,physical,expected_scalar_directional_grad2,0.01,0.9592628744819222,0.9590716761671595,0.9594669369756073,16
SU2-HaarU4-brickwork,8,100,physical,expected_scalar_directional_grad2,0.03,0.8807344027842313,0.8802393427025199,0.8812344936646538,16
SU2-HaarU4-brickwork,8,100,physical,expected_scalar_directional_grad2,0.05,0.8060071750218982,0.8052943459142998,0.8067689729520497,16
SU2-HaarU4-brickwork,8,100,physical,finite_difference_snr_mean,0.01,0.979679748446055,0.9795049062778468,0.9798631048589703,16
SU2-HaarU4-brickwork,8,100,physical,finite_difference_snr_mean,0.03,0.9391971132834107,0.9387074312229832,0.9397183679367735,16
SU2-HaarU4-brickwork,8,100,physical,finite_difference_snr_mean,0.05,0.8988931150167635,0.8980949750363263,0.8997103126927356,16
SU2-HaarU4-brickwork,8,100,random_rank,actual_retention,0.01,0.9916648076089616,0.9859232280517243,0.9969274485441735,16
SU2-HaarU4-brickwork,8,100,random_rank,actual_retention,0.03,0.9909839251329928,0.9804693313939362,1.0006011139062316,16
SU2-HaarU4-brickwork,8,100,random_rank,actual_retention,0.05,0.9923308723794179,0.9788172218316524,1.0051943220666069,16
SU2-HaarU4-brickwork,8,100,random_rank,expected_scalar_directional_grad2,0.01,0.7551082828816923,0.7473342101490339,0.7626578515227264,16
SU2-HaarU4-brickwork,8,100,random_rank,expected_scalar_directional_grad2,0.03,0.5130676286797413,0.5050343071367647,0.5207620622967682,16
SU2-HaarU4-brickwork,8,100,random_rank,expected_scalar_directional_grad2,0.05,0.3667171799154147,0.3599472862120109,0.37314231343083015,16
SU2-HaarU4-brickwork,8,100,random_rank,finite_difference_snr_mean,0.01,0.8700587354083847,0.861224987553463,0.8793274419856983,16
SU2-HaarU4-brickwork,8,100,random_rank,finite_difference_snr_mean,0.03,0.7174691805758736,0.7057592702385671,0.7303549081925026,16
SU2-HaarU4-brickwork,8,100,random_rank,finite_difference_snr_mean,0.05,0.6069721181737723,0.5943913899654443,0.6211537733631999,16
SU2-HaarU4-brickwork,8,1000,aligned_crossfit,actual_retention,0.01,1.031387263760304,1.02316640870057,1.040704238207247,16
SU2-HaarU4-brickwork,8,1000,aligned_crossfit,actual_retention,0.03,1.0894982463904137,1.0730841906645778,1.106165137375875,16
SU2-HaarU4-brickwork,8,1000,aligned_crossfit,actual_retention,0.05,1.1687567134591061,1.146059783918984,1.194245178567252,16
SU2-HaarU4-brickwork,8,1000,aligned_crossfit,expected_scalar_directional_grad2,0.01,0.7856231285600991,0.7795212243496521,0.792131858028436,16
SU2-HaarU4-brickwork,8,1000,aligned_crossfit,expected_scalar_directional_grad2,0.03,0.5642740841403369,0.5567920940552004,0.5724603345810791,16
SU2-HaarU4-brickwork,8,1000,aligned_crossfit,expected_scalar_directional_grad2,0.05,0.43221899850009765,0.4247652991078926,0.4408921896021972,16
SU2-HaarU4-brickwork,8,1000,aligned_crossfit,finite_difference_snr_mean,0.01,0.8780179481397301,0.8647765841765594,0.8903181247646552,16
SU2-HaarU4-brickwork,8,1000,aligned_crossfit,finite_difference_snr_mean,0.03,0.7450263144859698,0.7259941026898836,0.7635142519016792,16
SU2-HaarU4-brickwork,8,1000,aligned_crossfit,finite_difference_snr_mean,0.05,0.6504825245250881,0.63341252364513,0.667599256548862,16
SU2-HaarU4-brickwork,8,1000,physical,actual_retention,0.01,1.257358867425188,1.2498209342561386,1.264874519614546,16
SU2-HaarU4-brickwork,8,1000,physical,actual_retention,0.03,1.6935328871841473,1.6819786741523108,1.7053634781226663,16
SU2-HaarU4-brickwork,8,1000,physical,actual_retention,0.05,2.1655687835064845,2.1512678287816898,2.179958677660963,16
SU2-HaarU4-brickwork,8,1000,physical,expected_scalar_directional_grad2,0.01,0.9592628744819222,0.9590726135705524,0.9594570830240673,16
SU2-HaarU4-brickwork,8,1000,physical,expected_scalar_directional_grad2,0.03,0.8807344027842313,0.8802589257060462,0.8812613070401759,16
SU2-HaarU4-brickwork,8,1000,physical,expected_scalar_directional_grad2,0.05,0.8060071750218982,0.8052991204833971,0.8067610608047293,16
SU2-HaarU4-brickwork,8,1000,physical,finite_difference_snr_mean,0.01,0.9796797484460616,0.9795010221080502,0.9798611529987534,16
SU2-HaarU4-brickwork,8,1000,physical,finite_difference_snr_mean,0.03,0.9391971132834172,0.9386912043359367,0.9397106821202107,16
SU2-HaarU4-brickwork,8,1000,physical,finite_difference_snr_mean,0.05,0.8988931150167653,0.8980876852082751,0.8997015160226814,16
SU2-HaarU4-brickwork,8,1000,random_rank,actual_retention,0.01,0.9916648076089616,0.9860848515547522,0.996928245232107,16
SU2-HaarU4-brickwork,8,1000,random_rank,actual_retention,0.03,0.9909839251329928,0.9805812734255959,1.00052181844264,16
SU2-HaarU4-brickwork,8,1000,random_rank,actual_retention,0.05,0.9923308723794179,0.978541759751901,1.0049306556463382,16
SU2-HaarU4-brickwork,8,1000,random_rank,expected_scalar_directional_grad2,0.01,0.7551082828816923,0.7474179793123755,0.7625758521352817,16
SU2-HaarU4-brickwork,8,1000,random_rank,expected_scalar_directional_grad2,0.03,0.5130676286797413,0.5049817331101242,0.5204258665204218,16
SU2-HaarU4-brickwork,8,1000,random_rank,expected_scalar_directional_grad2,0.05,0.3667171799154147,0.3600917303464818,0.3732703626494245,16
SU2-HaarU4-brickwork,8,1000,random_rank,finite_difference_snr_mean,0.01,0.8700587354083894,0.8612720296747604,0.8793850827394721,16
SU2-HaarU4-brickwork,8,1000,random_rank,finite_difference_snr_mean,0.03,0.7174691805758788,0.7059889442840918,0.7305290329109648,16
SU2-HaarU4-brickwork,8,1000,random_rank,finite_difference_snr_mean,0.05,0.606972118173777,0.594533214221051,0.6209856548266481,16
SU2-HaarU4-brickwork,8,10000,aligned_crossfit,actual_retention,0.01,1.031387263760304,1.0232538889575356,1.0407828518123108,16
SU2-HaarU4-brickwork,8,10000,aligned_crossfit,actual_retention,0.03,1.0894982463904137,1.0731103220759655,1.1066930779039148,16
SU2-HaarU4-brickwork,8,10000,aligned_crossfit,actual_retention,0.05,1.1687567134591061,1.1462116585867947,1.1940435349929028,16
SU2-HaarU4-brickwork,8,10000,aligned_crossfit,expected_scalar_directional_grad2,0.01,0.7856231285600991,0.7795346653848453,0.7920907488422922,16
SU2-HaarU4-brickwork,8,10000,aligned_crossfit,expected_scalar_directional_grad2,0.03,0.5642740841403369,0.5568398225387093,0.5722612589161374,16
SU2-HaarU4-brickwork,8,10000,aligned_crossfit,expected_scalar_directional_grad2,0.05,0.43221899850009765,0.4244545708514524,0.4406346089922116,16
SU2-HaarU4-brickwork,8,10000,aligned_crossfit,finite_difference_snr_mean,0.01,0.8780179481397313,0.864568488791979,0.8904597594557855,16
SU2-HaarU4-brickwork,8,10000,aligned_crossfit,finite_difference_snr_mean,0.03,0.7450263144859712,0.7267461571154706,0.7635981140915611,16
SU2-HaarU4-brickwork,8,10000,aligned_crossfit,finite_difference_snr_mean,0.05,0.6504825245250895,0.6330715536760534,0.6682291409736966,16
SU2-HaarU4-brickwork,8,10000,physical,actual_retention,0.01,1.257358867425188,1.2498311977945302,1.2648731964197557,16
SU2-HaarU4-brickwork,8,10000,physical,actual_retention,0.03,1.6935328871841473,1.682089218600838,1.7053233390323805,16
SU2-HaarU4-brickwork,8,10000,physical,actual_retention,0.05,2.1655687835064845,2.151379538813585,2.1801524900721327,16
SU2-HaarU4-brickwork,8,10000,physical,expected_scalar_directional_grad2,0.01,0.9592628744819222,0.959070795244262,0.9594630807934789,16
SU2-HaarU4-brickwork,8,10000,physical,expected_scalar_directional_grad2,0.03,0.8807344027842313,0.8802365136107198,0.8812419209312337,16
SU2-HaarU4-brickwork,8,10000,physical,expected_scalar_directional_grad2,0.05,0.8060071750218982,0.805286750694529,0.806767813526766,16
SU2-HaarU4-brickwork,8,10000,physical,finite_difference_snr_mean,0.01,0.9796797484460639,0.9795007901095312,0.9798607243764527,16
SU2-HaarU4-brickwork,8,10000,physical,finite_difference_snr_mean,0.03,0.9391971132834188,0.9386934304444216,0.9397043060016557,16
SU2-HaarU4-brickwork,8,10000,physical,finite_difference_snr_mean,0.05,0.8988931150167677,0.8980990334869677,0.8996857719174872,16
SU2-HaarU4-brickwork,8,10000,random_rank,actual_retention,0.01,0.9916648076089616,0.9860695817720246,0.9969739945387829,16
SU2-HaarU4-brickwork,8,10000,random_rank,actual_retention,0.03,0.9909839251329928,0.9803664362609728,1.000601746213624,16
SU2-HaarU4-brickwork,8,10000,random_rank,actual_retention,0.05,0.9923308723794179,0.9785480186599912,1.0052119007945652,16
SU2-HaarU4-brickwork,8,10000,random_rank,expected_scalar_directional_grad2,0.01,0.7551082828816923,0.7471866860853122,0.7627693838939574,16
SU2-HaarU4-brickwork,8,10000,random_rank,expected_scalar_directional_grad2,0.03,0.5130676286797413,0.5050529135449268,0.5206687757286574,16
SU2-HaarU4-brickwork,8,10000,random_rank,expected_scalar_directional_grad2,0.05,0.3667171799154147,0.35981785863717175,0.3730979172684421,16
SU2-HaarU4-brickwork,8,10000,random_rank,finite_difference_snr_mean,0.01,0.8700587354083904,0.8612804073676498,0.8796693096414039,16
SU2-HaarU4-brickwork,8,10000,random_rank,finite_difference_snr_mean,0.03,0.7174691805758806,0.7060266100900944,0.7301954894588167,16
SU2-HaarU4-brickwork,8,10000,random_rank,finite_difference_snr_mean,0.05,0.6069721181737783,0.5945577787782194,0.6210658466103488,16
SU2-HaarU4-brickwork,10,100,aligned_crossfit,actual_retention,0.01,1.0334131285329473,1.026937919493416,1.039772820912821,16
SU2-HaarU4-brickwork,10,100,aligned_crossfit,actual_retention,0.03,1.0803520513240186,1.069555617334987,1.0910740668422219,16
SU2-HaarU4-brickwork,10,100,aligned_crossfit,actual_retention,0.05,1.1372846135139543,1.1233657616366184,1.1501500000302456,16
SU2-HaarU4-brickwork,10,100,aligned_crossfit,expected_scalar_directional_grad2,0.01,0.7421671082287479,0.7364559635436568,0.7480086897730746,16
SU2-HaarU4-brickwork,10,100,aligned_crossfit,expected_scalar_directional_grad2,0.03,0.48956661006563157,0.48364115288772286,0.4950344657669711,16
SU2-HaarU4-brickwork,10,100,aligned_crossfit,expected_scalar_directional_grad2,0.05,0.34335843568818897,0.3381491502514391,0.3480674188629857,16
SU2-HaarU4-brickwork,10,100,aligned_crossfit,finite_difference_snr_mean,0.01,0.8662935526322116,0.8522977099965149,0.8791933520331586,16
SU2-HaarU4-brickwork,10,100,aligned_crossfit,finite_difference_snr_mean,0.03,0.708378209280796,0.6910759452237515,0.725684352434548,16
SU2-HaarU4-brickwork,10,100,aligned_crossfit,finite_difference_snr_mean,0.05,0.5966658805394535,0.5768528783354304,0.6164876794363134,16
SU2-HaarU4-brickwork,10,100,physical,actual_retention,0.01,1.3356525394376568,1.330931604355036,1.340518604282297,16
SU2-HaarU4-brickwork,10,100,physical,actual_retention,0.03,1.9439063739274645,1.9346340245078142,1.95381250038523,16
SU2-HaarU4-brickwork,10,100,physical,actual_retention,0.05,2.670295543872039,2.6567578047527043,2.6850052922081744,16
SU2-HaarU4-brickwork,10,100,physical,expected_scalar_directional_grad2,0.01,0.9599881161038597,0.9599121907119913,0.9600612324007741,16
SU2-HaarU4-brickwork,10,100,physical,expected_scalar_directional_grad2,0.03,0.8825573278527356,0.88236305658435,0.8827469378965627,16
SU2-HaarU4-brickwork,10,100,physical,expected_scalar_directional_grad2,0.05,0.8085412832045604,0.808254601350943,0.8088190019308926,16
SU2-HaarU4-brickwork,10,100,physical,finite_difference_snr_mean,0.01,0.9798133532616496,0.9796962581218556,0.9799439249237144,16
SU2-HaarU4-brickwork,10,100,physical,finite_difference_snr_mean,0.03,0.9395094531969048,0.9391791511017819,0.9398688142821197,16
SU2-HaarU4-brickwork,10,100,physical,finite_difference_snr_mean,0.05,0.8992865260069808,0.8987722918457469,0.8998288759008988,16
SU2-HaarU4-brickwork,10,100,random_rank,actual_retention,0.01,1.0031246350725456,0.9978602100193648,1.0082690865098198,16
SU2-HaarU4-brickwork,10,100,random_rank,actual_retention,0.03,1.004616362849428,0.9963267346199585,1.012713513850425,16
SU2-HaarU4-brickwork,10,100,random_rank,actual_retention,0.05,1.0050734490992945,0.995099810328606,1.0151799043082916,16
SU2-HaarU4-brickwork,10,100,random_rank,expected_scalar_directional_grad2,0.01,0.7208032764103349,0.7160394952817131,0.7255827278892258,16
SU2-HaarU4-brickwork,10,100,random_rank,expected_scalar_directional_grad2,0.03,0.4556705085063629,0.45155232750639207,0.459854510210835,16
SU2-HaarU4-brickwork,10,100,random_rank,expected_scalar_directional_grad2,0.05,0.30375118424155717,0.3007344393123596,0.30692631683601845,16
SU2-HaarU4-brickwork,10,100,random_rank,finite_difference_snr_mean,0.01,0.8457573455029437,0.839413001747083,0.8512897282437822,16
SU2-HaarU4-brickwork,10,100,random_rank,finite_difference_snr_mean,0.03,0.6697670347610953,0.6622191921593532,0.6764342505413371,16
SU2-HaarU4-brickwork,10,100,random_rank,finite_difference_snr_mean,0.05,0.5457466433002139,0.5381993136197653,0.55242671972928,16
SU2-HaarU4-brickwork,10,1000,aligned_crossfit,actual_retention,0.01,1.0334131285329473,1.0270375804144622,1.0397649165599676,16
SU2-HaarU4-brickwork,10,1000,aligned_crossfit,actual_retention,0.03,1.0803520513240186,1.0693208778159136,1.0912433487651367,16
SU2-HaarU4-brickwork,10,1000,aligned_crossfit,actual_retention,0.05,1.1372846135139543,1.123036743714008,1.1500333958805553,16
SU2-HaarU4-brickwork,10,1000,aligned_crossfit,expected_scalar_directional_grad2,0.01,0.7421671082287479,0.7362786648663542,0.7478094074303115,16
SU2-HaarU4-brickwork,10,1000,aligned_crossfit,expected_scalar_directional_grad2,0.03,0.48956661006563157,0.4836727739284343,0.4948776447611923,16
SU2-HaarU4-brickwork,10,1000,aligned_crossfit,expected_scalar_directional_grad2,0.05,0.34335843568818897,0.33818271877670025,0.3480887346775096,16
SU2-HaarU4-brickwork,10,1000,aligned_crossfit,finite_difference_snr_mean,0.01,0.866293552632217,0.8522909942946694,0.8792447161986489,16
SU2-HaarU4-brickwork,10,1000,aligned_crossfit,finite_difference_snr_mean,0.03,0.7083782092808026,0.6913476604435534,0.7250917576064453,16
SU2-HaarU4-brickwork,10,1000,aligned_crossfit,finite_difference_snr_mean,0.05,0.5966658805394572,0.5771712312659973,0.6166996140095768,16
SU2-HaarU4-brickwork,10,1000,physical,actual_retention,0.01,1.3356525394376568,1.3307958364496244,1.3405481910932162,16
SU2-HaarU4-brickwork,10,1000,physical,actual_retention,0.03,1.9439063739274645,1.9343363170389556,1.9536722534498763,16
SU2-HaarU4-brickwork,10,1000,physical,actual_retention,0.05,2.670295543872039,2.6562540145086113,2.6849176132125048,16
SU2-HaarU4-brickwork,10,1000,physical,expected_scalar_directional_grad2,0.01,0.9599881161038597,0.9599103613914973,0.9600594397014016,16
SU2-HaarU4-brickwork,10,1000,physical,expected_scalar_directional_grad2,0.03,0.8825573278527356,0.8823618207260593,0.8827474324227942,16
SU2-HaarU4-brickwork,10,1000,physical,expected_scalar_directional_grad2,0.05,0.8085412832045604,0.8082542627982771,0.8088170252646472,16
SU2-HaarU4-brickwork,10,1000,physical,finite_difference_snr_mean,0.01,0.9798133532616623,0.979699904586232,0.9799415363722581,16
SU2-HaarU4-brickwork,10,1000,physical,finite_difference_snr_mean,0.03,0.9395094531969224,0.9391847266820913,0.9398624139381075,16
SU2-HaarU4-brickwork,10,1000,physical,finite_difference_snr_mean,0.05,0.8992865260069904,0.8987775082593437,0.8998530395346742,16
SU2-HaarU4-brickwork,10,1000,random_rank,actual_retention,0.01,1.0031246350725456,0.9978434278947766,1.0083671621813382,16
SU2-HaarU4-brickwork,10,1000,random_rank,actual_retention,0.03,1.004616362849428,0.9963700139459976,1.0125902928111288,16
SU2-HaarU4-brickwork,10,1000,random_rank,actual_retention,0.05,1.0050734490992945,0.9953168740836718,1.0152751550906238,16
SU2-HaarU4-brickwork,10,1000,random_rank,expected_scalar_directional_grad2,0.01,0.7208032764103349,0.7161835934367923,0.7255143618799942,16
SU2-HaarU4-brickwork,10,1000,random_rank,expected_scalar_directional_grad2,0.03,0.4556705085063629,0.45150571909496195,0.4599543642369632,16
SU2-HaarU4-brickwork,10,1000,random_rank,expected_scalar_directional_grad2,0.05,0.30375118424155717,0.3006976265851881,0.3069321298997819,16
SU2-HaarU4-brickwork,10,1000,random_rank,finite_difference_snr_mean,0.01,0.8457573455029573,0.8396021996482126,0.8513396753664649,16
SU2-HaarU4-brickwork,10,1000,random_rank,finite_difference_snr_mean,0.03,0.6697670347611087,0.662220827385684,0.6763782466882903,16
SU2-HaarU4-brickwork,10,1000,random_rank,finite_difference_snr_mean,0.05,0.5457466433002289,0.5381282950463873,0.5523909867765685,16
SU2-HaarU4-brickwork,10,10000,aligned_crossfit,actual_retention,0.01,1.0334131285329473,1.0267869046771885,1.0397138604686877,16
SU2-HaarU4-brickwork,10,10000,aligned_crossfit,actual_retention,0.03,1.0803520513240186,1.069293995583746,1.0907900467968163,16
SU2-HaarU4-brickwork,10,10000,aligned_crossfit,actual_retention,0.05,1.1372846135139543,1.1234316087635448,1.1503056135113863,16
SU2-HaarU4-brickwork,10,10000,aligned_crossfit,expected_scalar_directional_grad2,0.01,0.7421671082287479,0.7362484355545091,0.7478620502939984,16
SU2-HaarU4-brickwork,10,10000,aligned_crossfit,expected_scalar_directional_grad2,0.03,0.48956661006563157,0.48352756118388435,0.4950466988385278,16
SU2-HaarU4-brickwork,10,10000,aligned_crossfit,expected_scalar_directional_grad2,0.05,0.34335843568818897,0.33812382853654477,0.3480297758597793,16
SU2-HaarU4-brickwork,10,10000,aligned_crossfit,finite_difference_snr_mean,0.01,0.8662935526322189,0.8521871381946241,0.8792479856798501,16
SU2-HaarU4-brickwork,10,10000,aligned_crossfit,finite_difference_snr_mean,0.03,0.7083782092808041,0.6909433894790514,0.7257968611376323,16
SU2-HaarU4-brickwork,10,10000,aligned_crossfit,finite_difference_snr_mean,0.05,0.5966658805394587,0.5777263257446416,0.6166820248969188,16
SU2-HaarU4-brickwork,10,10000,physical,actual_retention,0.01,1.3356525394376568,1.3309389928952533,1.340601915023061,16
SU2-HaarU4-brickwork,10,10000,physical,actual_retention,0.03,1.9439063739274645,1.9343909589668904,1.9537838772417413,16
SU2-HaarU4-brickwork,10,10000,physical,actual_retention,0.05,2.670295543872039,2.6563787366629894,2.684746899143341,16
SU2-HaarU4-brickwork,10,10000,physical,expected_scalar_directional_grad2,0.01,0.9599881161038597,0.9599119507169256,0.9600614210267824,16
SU2-HaarU4-brickwork,10,10000,physical,expected_scalar_directional_grad2,0.03,0.8825573278527356,0.8823598092693709,0.8827522809720759,16
SU2-HaarU4-brickwork,10,10000,physical,expected_scalar_directional_grad2,0.05,0.8085412832045604,0.8082578837419282,0.8088242299090351,16
SU2-HaarU4-brickwork,10,10000,physical,finite_difference_snr_mean,0.01,0.9798133532616667,0.9796968908293241,0.9799427128278109,16
SU2-HaarU4-brickwork,10,10000,physical,finite_difference_snr_mean,0.03,0.9395094531969249,0.9391816149179446,0.9398703679826006,16
SU2-HaarU4-brickwork,10,10000,physical,finite_difference_snr_mean,0.05,0.8992865260069938,0.8987763220626416,0.8998559297507824,16
SU2-HaarU4-brickwork,10,10000,random_rank,actual_retention,0.01,1.0031246350725456,0.997839892197052,1.008377647593449,16
SU2-HaarU4-brickwork,10,10000,random_rank,actual_retention,0.03,1.004616362849428,0.9965995639111084,1.0127557065954373,16
SU2-HaarU4-brickwork,10,10000,random_rank,actual_retention,0.05,1.0050734490992945,0.9953694293384552,1.0150167907363747,16
SU2-HaarU4-brickwork,10,10000,random_rank,expected_scalar_directional_grad2,0.01,0.7208032764103349,0.7162235305691368,0.7256371822646863,16
SU2-HaarU4-brickwork,10,10000,random_rank,expected_scalar_directional_grad2,0.03,0.4556705085063629,0.4514972693619304,0.45992877753795597,16
SU2-HaarU4-brickwork,10,10000,random_rank,expected_scalar_directional_grad2,0.05,0.30375118424155717,0.3006698143181737,0.3069662596867629,16
SU2-HaarU4-brickwork,10,10000,random_rank,finite_difference_snr_mean,0.01,0.8457573455029603,0.839482651920011,0.8512268222949237,16
SU2-HaarU4-brickwork,10,10000,random_rank,finite_difference_snr_mean,0.03,0.6697670347611121,0.6623413783611863,0.676340486994919,16
SU2-HaarU4-brickwork,10,10000,random_rank,finite_difference_snr_mean,0.05,0.5457466433002313,0.538345618376934,0.5523407253932332,16
SU2-HaarU4-brickwork,12,100,aligned_crossfit,actual_retention,0.01,1.0151284550989519,1.010606751662867,1.0197578298509198,16
SU2-HaarU4-brickwork,12,100,aligned_crossfit,actual_retention,0.03,1.0347174518510887,1.0267669939700275,1.042399773646765,16
SU2-HaarU4-brickwork,12,100,aligned_crossfit,actual_retention,0.05,1.0642734736494723,1.0517628833272352,1.0761629144341243,16
SU2-HaarU4-brickwork,12,100,aligned_crossfit,expected_scalar_directional_grad2,0.01,0.6932800014365854,0.6900284817393648,0.6965901327311685,16
SU2-HaarU4-brickwork,12,100,aligned_crossfit,expected_scalar_directional_grad2,0.03,0.41388303575314106,0.4104752348131322,0.41718896744791445,16
SU2-HaarU4-brickwork,12,100,aligned_crossfit,expected_scalar_directional_grad2,0.05,0.2641150301697781,0.2610041665047277,0.2671359414485938,16
SU2-HaarU4-brickwork,12,100,aligned_crossfit,finite_difference_snr_mean,0.01,0.8255732032800794,0.8193709727297597,0.8318459556042942,16
SU2-HaarU4-brickwork,12,100,aligned_crossfit,finite_difference_snr_mean,0.03,0.6347953747362957,0.629427073328316,0.6401943083208076,16
SU2-HaarU4-brickwork,12,100,aligned_crossfit,finite_difference_snr_mean,0.05,0.5079750192556891,0.50248473869541,0.5136645850884124,16
SU2-HaarU4-brickwork,12,100,physical,actual_retention,0.01,1.4057705698988838,1.4035127685047706,1.4080665028591088,16
SU2-HaarU4-brickwork,12,100,physical,actual_retention,0.03,2.2072410429988767,2.2029451634722417,2.211745514794202,16
SU2-HaarU4-brickwork,12,100,physical,actual_retention,0.05,3.259634004841022,3.2534466033299503,3.265872067690652,16
SU2-HaarU4-brickwork,12,100,physical,expected_scalar_directional_grad2,0.01,0.9602868332595103,0.96025230161997,0.9603230485596905,16
SU2-HaarU4-brickwork,12,100,physical,expected_scalar_directional_grad2,0.03,0.8833136777194873,0.8832233721082006,0.8834096437530445,16
SU2-HaarU4-brickwork,12,100,physical,expected_scalar_directional_grad2,0.05,0.8095998112152575,0.8094608202166865,0.8097414995503694,16
SU2-HaarU4-brickwork,12,100,physical,finite_difference_snr_mean,0.01,0.979948721330744,0.9798780040726637,0.9800206812449106,16
SU2-HaarU4-brickwork,12,100,physical,finite_difference_snr_mean,0.03,0.9398655404498536,0.9396683614898951,0.9400668100551292,16
SU2-HaarU4-brickwork,12,100,physical,finite_difference_snr_mean,0.05,0.899804998245661,0.8994844087510635,0.9001169686858942,16
SU2-HaarU4-brickwork,12,100,random_rank,actual_retention,0.01,1.0059948734842912,1.0007362390106707,1.0111512683716892,16
SU2-HaarU4-brickwork,12,100,random_rank,actual_retention,0.03,1.009119012467691,1.0009692844874838,1.0170173146871595,16
SU2-HaarU4-brickwork,12,100,random_rank,actual_retention,0.05,1.0107572016392752,1.0005642975052886,1.020585676535953,16
SU2-HaarU4-brickwork,12,100,random_rank,expected_scalar_directional_grad2,0.01,0.6870694582394282,0.6834245675794703,0.6907486456299347,16
SU2-HaarU4-brickwork,12,100,random_rank,expected_scalar_directional_grad2,0.03,0.4036325350810644,0.40031850991520934,0.4070999580836486,16
SU2-HaarU4-brickwork,12,100,random_rank,expected_scalar_directional_grad2,0.05,0.2508168272848586,0.24821151925214854,0.25335250803592796,16
SU2-HaarU4-brickwork,12,100,random_rank,finite_difference_snr_mean,0.01,0.8309195175842888,0.8241601550336776,0.8375171334266335,16
SU2-HaarU4-brickwork,12,100,random_rank,finite_difference_snr_mean,0.03,0.6377167118795927,0.6298286745859146,0.6459356969636243,16
SU2-HaarU4-brickwork,12,100,random_rank,finite_difference_snr_mean,0.05,0.5033219334683255,0.49501910742427646,0.5119787664766645,16
SU2-HaarU4-brickwork,12,1000,aligned_crossfit,actual_retention,0.01,1.0151284550989519,1.0105470817948594,1.0196180514194082,16
SU2-HaarU4-brickwork,12,1000,aligned_crossfit,actual_retention,0.03,1.0347174518510887,1.0266982950540404,1.0422682848548952,16
SU2-HaarU4-brickwork,12,1000,aligned_crossfit,actual_retention,0.05,1.0642734736494723,1.0520393687986902,1.0763667735587636,16
SU2-HaarU4-brickwork,12,1000,aligned_crossfit,expected_scalar_directional_grad2,0.01,0.6932800014365854,0.6900412405379025,0.6964940905566419,16
SU2-HaarU4-brickwork,12,1000,aligned_crossfit,expected_scalar_directional_grad2,0.03,0.41388303575314106,0.41043057250813,0.41721474056747576,16
SU2-HaarU4-brickwork,12,1000,aligned_crossfit,expected_scalar_directional_grad2,0.05,0.2641150301697781,0.2610099063499498,0.2672210248377242,16
SU2-HaarU4-brickwork,12,1000,aligned_crossfit,finite_difference_snr_mean,0.01,0.8255732032800859,0.8192934889073379,0.8318804054771834,16
SU2-HaarU4-brickwork,12,1000,aligned_crossfit,finite_difference_snr_mean,0.03,0.6347953747363039,0.6292782333716409,0.6401464847722089,16
SU2-HaarU4-brickwork,12,1000,aligned_crossfit,finite_difference_snr_mean,0.05,0.5079750192556963,0.5022301638332498,0.5136162863101154,16
SU2-HaarU4-brickwork,12,1000,physical,actual_retention,0.01,1.4057705698988838,1.403520675710675,1.408117771910631,16
SU2-HaarU4-brickwork,12,1000,physical,actual_retention,0.03,2.2072410429988767,2.202943107896518,2.2116936129694964,16
SU2-HaarU4-brickwork,12,1000,physical,actual_retention,0.05,3.259634004841022,3.2533999153700983,3.2659194169428525,16
SU2-HaarU4-brickwork,12,1000,physical,expected_scalar_directional_grad2,0.01,0.9602868332595103,0.9602527952576636,0.9603223238880554,16
SU2-HaarU4-brickwork,12,1000,physical,expected_scalar_directional_grad2,0.03,0.8833136777194873,0.8832237945796483,0.8834088196778442,16
SU2-HaarU4-brickwork,12,1000,physical,expected_scalar_directional_grad2,0.05,0.8095998112152575,0.8094648059107696,0.8097392470687055,16
SU2-HaarU4-brickwork,12,1000,physical,finite_difference_snr_mean,0.01,0.9799487213307668,0.9798790750164826,0.9800194407980031,16
SU2-HaarU4-brickwork,12,1000,physical,finite_difference_snr_mean,0.03,0.9398655404498686,0.9396622167278982,0.9400638815269449,16
SU2-HaarU4-brickwork,12,1000,physical,finite_difference_snr_mean,0.05,0.8998049982456875,0.899494212728601,0.9001245618410302,16
SU2-HaarU4-brickwork,12,1000,random_rank,actual_retention,0.01,1.0059948734842912,1.000875823254908,1.0112143068666237,16
SU2-HaarU4-brickwork,12,1000,random_rank,actual_retention,0.03,1.009119012467691,1.0009045840836273,1.017062834408643,16
SU2-HaarU4-brickwork,12,1000,random_rank,actual_retention,0.05,1.0107572016392752,1.0003852699446774,1.0205792597316554,16
SU2-HaarU4-brickwork,12,1000,random_rank,expected_scalar_directional_grad2,0.01,0.6870694582394282,0.6834415786948101,0.6908690796206246,16
SU2-HaarU4-brickwork,12,1000,random_rank,expected_scalar_directional_grad2,0.03,0.4036325350810644,0.40035689376348815,0.40696498449296786,16
SU2-HaarU4-brickwork,12,1000,random_rank,expected_scalar_directional_grad2,0.05,0.2508168272848586,0.24825116545945913,0.25336102048834624,16
SU2-HaarU4-brickwork,12,1000,random_rank,finite_difference_snr_mean,0.01,0.8309195175843155,0.8239353941412855,0.8375493814301637,16
SU2-HaarU4-brickwork,12,1000,random_rank,finite_difference_snr_mean,0.03,0.6377167118796175,0.6297152688006006,0.6459942717933922,16
SU2-HaarU4-brickwork,12,1000,random_rank,finite_difference_snr_mean,0.05,0.5033219334683501,0.4951773978635869,0.5120936883558653,16
SU2-HaarU4-brickwork,12,10000,aligned_crossfit,actual_retention,0.01,1.0151284550989519,1.0105147008815807,1.019771609428255,16
SU2-HaarU4-brickwork,12,10000,aligned_crossfit,actual_retention,0.03,1.0347174518510887,1.0268141317736295,1.0423445525196167,16
SU2-HaarU4-brickwork,12,10000,aligned_crossfit,actual_retention,0.05,1.0642734736494723,1.052233380168503,1.0762330835284584,16
SU2-HaarU4-brickwork,12,10000,aligned_crossfit,expected_scalar_directional_grad2,0.01,0.6932800014365854,0.689965694341739,0.6964766997933636,16
SU2-HaarU4-brickwork,12,10000,aligned_crossfit,expected_scalar_directional_grad2,0.03,0.41388303575314106,0.41058685323672417,0.4172197102819433,16
SU2-HaarU4-brickwork,12,10000,aligned_crossfit,expected_scalar_directional_grad2,0.05,0.2641150301697781,0.2610220494559921,0.26717196438295465,16
SU2-HaarU4-brickwork,12,10000,aligned_crossfit,finite_difference_snr_mean,0.01,0.8255732032800884,0.8193794428302446,0.8319431495326891,16
SU2-HaarU4-brickwork,12,10000,aligned_crossfit,finite_difference_snr_mean,0.03,0.6347953747363068,0.6294838882154669,0.6401137542569735,16
SU2-HaarU4-brickwork,12,10000,aligned_crossfit,finite_difference_snr_mean,0.05,0.5079750192556985,0.502217211493937,0.5135899438253576,16
SU2-HaarU4-brickwork,12,10000,physical,actual_retention,0.01,1.4057705698988838,1.4035111567688794,1.4080728472004866,16
SU2-HaarU4-brickwork,12,10000,physical,actual_retention,0.03,2.2072410429988767,2.202885614531638,2.211684101213779,16
SU2-HaarU4-brickwork,12,10000,physical,actual_retention,0.05,3.259634004841022,3.2533463740477275,3.2658291339372543,16
SU2-HaarU4-brickwork,12,10000,physical,expected_scalar_directional_grad2,0.01,0.9602868332595103,0.9602529417783875,0.960322455743738,16
SU2-HaarU4-brickwork,12,10000,physical,expected_scalar_directional_grad2,0.03,0.8833136777194873,0.8832234365693254,0.8834090560109822,16
SU2-HaarU4-brickwork,12,10000,physical,expected_scalar_directional_grad2,0.05,0.8095998112152575,0.8094640720939511,0.8097451584186323,16
SU2-HaarU4-brickwork,12,10000,physical,finite_difference_snr_mean,0.01,0.9799487213307743,0.9798787566969828,0.9800211463387241,16
SU2-HaarU4-brickwork,12,10000,physical,finite_difference_snr_mean,0.03,0.9398655404498765,0.9396661345109151,0.9400653131202064,16
SU2-HaarU4-brickwork,12,10000,physical,finite_difference_snr_mean,0.05,0.899804998245693,0.89949124389429,0.9001136325516929,16
SU2-HaarU4-brickwork,12,10000,random_rank,actual_retention,0.01,1.0059948734842912,1.0008491727735722,1.0112415151563265,16
SU2-HaarU4-brickwork,12,10000,random_rank,actual_retention,0.03,1.009119012467691,1.000804290590095,1.0169286877833963,16
SU2-HaarU4-brickwork,12,10000,random_rank,actual_retention,0.05,1.0107572016392752,1.0006574837005995,1.0208487452144202,16
SU2-HaarU4-brickwork,12,10000,random_rank,expected_scalar_directional_grad2,0.01,0.6870694582394282,0.6833967974640578,0.6909212513554136,16
SU2-HaarU4-brickwork,12,10000,random_rank,expected_scalar_directional_grad2,0.03,0.4036325350810644,0.40025926242982524,0.40693601719397793,16
SU2-HaarU4-brickwork,12,10000,random_rank,expected_scalar_directional_grad2,0.05,0.2508168272848586,0.24824977070786813,0.2534531403987987,16
SU2-HaarU4-brickwork,12,10000,random_rank,finite_difference_snr_mean,0.01,0.8309195175843241,0.8239715056825431,0.837806593935059,16
SU2-HaarU4-brickwork,12,10000,random_rank,finite_difference_snr_mean,0.03,0.6377167118796255,0.6297190012015196,0.6460292843618117,16
SU2-HaarU4-brickwork,12,10000,random_rank,finite_difference_snr_mean,0.05,0.5033219334683574,0.4951802386069728,0.5119088642843866,16
U1-RZ-XY-line,8,100,aligned_crossfit,actual_retention,0.01,1.122917380050448,1.1167662405924559,1.1300995611316955,20
U1-RZ-XY-line,8,100,aligned_crossfit,actual_retention,0.03,1.1540014516542028,1.1458837398110893,1.162372933749445,20
U1-RZ-XY-line,8,100,aligned_crossfit,actual_retention,0.05,1.1962543442182523,1.1841984182880114,1.2076494188096032,20
U1-RZ-XY-line,8,100,aligned_crossfit,expected_scalar_directional_grad2,0.01,0.9245019631372257,0.9182159500695766,0.9311884352441634,20
U1-RZ-XY-line,8,100,aligned_crossfit,expected_scalar_directional_grad2,0.03,0.8300132191384128,0.823313946168086,0.8368870890230086,20
U1-RZ-XY-line,8,100,aligned_crossfit,expected_scalar_directional_grad2,0.05,0.7418415647772809,0.7339697176260651,0.7494143664089161,20
U1-RZ-XY-line,8,100,aligned_crossfit,finite_difference_snr_mean,0.01,0.9613020721681012,0.9496091156048004,0.9742684577185097,20
U1-RZ-XY-line,8,100,aligned_crossfit,finite_difference_snr_mean,0.03,0.9108699873624562,0.8984985225409554,0.9237117881427,20
U1-RZ-XY-line,8,100,aligned_crossfit,finite_difference_snr_mean,0.05,0.8618583456625335,0.8492645183620513,0.8743598835761538,20
U1-RZ-XY-line,8,100,physical,actual_retention,0.01,1.0091245431683395,1.0070482829421272,1.0111658982903413,20
U1-RZ-XY-line,8,100,physical,actual_retention,0.03,1.0487380028455648,1.043281344210803,1.053852507954297,20
U1-RZ-XY-line,8,100,physical,actual_retention,0.05,1.103388116496321,1.0950687137532855,1.111135529391518,20
U1-RZ-XY-line,8,100,physical,expected_scalar_directional_grad2,0.01,0.8346799593463945,0.833068488178377,0.836238227192927,20
U1-RZ-XY-line,8,100,physical,expected_scalar_directional_grad2,0.03,0.7595884462051827,0.7555548941678779,0.7634425920440348,20
U1-RZ-XY-line,8,100,physical,expected_scalar_directional_grad2,0.05,0.6907038207843846,0.6851951211874215,0.6961878033420047,20
U1-RZ-XY-line,8,100,physical,finite_difference_snr_mean,0.01,0.9134653505852753,0.9122387589991128,0.9146065960378983,20
U1-RZ-XY-line,8,100,physical,finite_difference_snr_mean,0.03,0.8711187129859529,0.8678855331614782,0.874138448792573,20
U1-RZ-XY-line,8,100,physical,finite_difference_snr_mean,0.05,0.8303905705899188,0.8257532463919378,0.8348359773664777,20
U1-RZ-XY-line,8,100,random_rank,actual_retention,0.01,0.2946023010170761,0.27064567782438115,0.3213560220555844,20
U1-RZ-XY-line,8,100,random_rank,actual_retention,0.03,0.29639533912689403,0.27159862012808456,0.32283025846131597,20
U1-RZ-XY-line,8,100,random_rank,actual_retention,0.05,0.29756752557776706,0.27250994128580225,0.3248375103283072,20
U1-RZ-XY-line,8,100,random_rank,expected_scalar_directional_grad2,0.01,0.24398749067603434,0.22344208542903338,0.2670722715021565,20
U1-RZ-XY-line,8,100,random_rank,expected_scalar_directional_grad2,0.03,0.21427944315181463,0.1959196140228172,0.2347568379462675,20
U1-RZ-XY-line,8,100,random_rank,expected_scalar_directional_grad2,0.05,0.1853255889786894,0.16932072743178933,0.20347078814413336,20
U1-RZ-XY-line,8,100,random_rank,finite_difference_snr_mean,0.01,0.48788153504009607,0.456925361224353,0.5210045673409183,20
U1-RZ-XY-line,8,100,random_rank,finite_difference_snr_mean,0.03,0.45480320879051545,0.4251255832773415,0.4849630935875173,20
U1-RZ-XY-line,8,100,random_rank,finite_difference_snr_mean,0.05,0.42133374494313997,0.39442474860974086,0.44981588974592074,20
U1-RZ-XY-line,8,1000,aligned_crossfit,actual_retention,0.01,1.122917380050448,1.1165640397396646,1.1301059838277618,20
U1-RZ-XY-line,8,1000,aligned_crossfit,actual_retention,0.03,1.1540014516542028,1.1461183145281686,1.162345542232278,20
U1-RZ-XY-line,8,1000,aligned_crossfit,actual_retention,0.05,1.1962543442182523,1.1844464340035525,1.2074379024983994,20
U1-RZ-XY-line,8,1000,aligned_crossfit,expected_scalar_directional_grad2,0.01,0.9245019631372257,0.9182828218199688,0.9311736709011253,20
U1-RZ-XY-line,8,1000,aligned_crossfit,expected_scalar_directional_grad2,0.03,0.8300132191384128,0.8232040654380592,0.8369373252268933,20
U1-RZ-XY-line,8,1000,aligned_crossfit,expected_scalar_directional_grad2,0.05,0.7418415647772809,0.7340409061418149,0.749538360064974,20
U1-RZ-XY-line,8,1000,aligned_crossfit,finite_difference_snr_mean,0.01,0.9613020721681029,0.9498194058518881,0.9742021013290928,20
U1-RZ-XY-line,8,1000,aligned_crossfit,finite_difference_snr_mean,0.03,0.9108699873624578,0.898654420125745,0.9235537112671695,20
U1-RZ-XY-line,8,1000,aligned_crossfit,finite_difference_snr_mean,0.05,0.8618583456625353,0.8491690504316575,0.8748887141549812,20
U1-RZ-XY-line,8,1000,physical,actual_retention,0.01,1.0091245431683395,1.0070629453091484,1.0111553356603424,20
U1-RZ-XY-line,8,1000,physical,actual_retention,0.03,1.0487380028455648,1.0431861969924736,1.0540278215827081,20
U1-RZ-XY-line,8,1000,physical,actual_retention,0.05,1.103388116496321,1.0950821972531377,1.1113615792653804,20
U1-RZ-XY-line,8,1000,physical,expected_scalar_directional_grad2,0.01,0.8346799593463945,0.8330708174018194,0.8362420345455334,20
U1-RZ-XY-line,8,1000,physical,expected_scalar_directional_grad2,0.03,0.7595884462051827,0.7556546270590694,0.7634732523707093,20
U1-RZ-XY-line,8,1000,physical,expected_scalar_directional_grad2,0.05,0.6907038207843846,0.685212282103067,0.6960570763526941,20
U1-RZ-XY-line,8,1000,physical,finite_difference_snr_mean,0.01,0.9134653505852777,0.9122233526287945,0.9146017577455646,20
U1-RZ-XY-line,8,1000,physical,finite_difference_snr_mean,0.03,0.8711187129859544,0.8679868885660226,0.8741619137490857,20
U1-RZ-XY-line,8,1000,physical,finite_difference_snr_mean,0.05,0.8303905705899209,0.825709500853308,0.8347659195263296,20
U1-RZ-XY-line,8,1000,random_rank,actual_retention,0.01,0.2946023010170761,0.2704408307488472,0.3212518047977738,20
U1-RZ-XY-line,8,1000,random_rank,actual_retention,0.03,0.29639533912689403,0.2717579075652744,0.3234110096268485,20
U1-RZ-XY-line,8,1000,random_rank,actual_retention,0.05,0.29756752557776706,0.27358285571495344,0.3252927971934028,20
U1-RZ-XY-line,8,1000,random_rank,expected_scalar_directional_grad2,0.01,0.24398749067603434,0.22366421169955572,0.2678217386940425,20
U1-RZ-XY-line,8,1000,random_rank,expected_scalar_directional_grad2,0.03,0.21427944315181463,0.19530053027199384,0.23526419324046116,20
U1-RZ-XY-line,8,1000,random_rank,expected_scalar_directional_grad2,0.05,0.1853255889786894,0.1690882433942045,0.20310329470933225,20
U1-RZ-XY-line,8,1000,random_rank,finite_difference_snr_mean,0.01,0.487881535040098,0.456455832323637,0.5205007550463228,20
U1-RZ-XY-line,8,1000,random_rank,finite_difference_snr_mean,0.03,0.4548032087905184,0.4255446630909987,0.4863135444124087,20
U1-RZ-XY-line,8,1000,random_rank,finite_difference_snr_mean,0.05,0.42133374494314396,0.3942718133778682,0.44918407219692946,20
U1-RZ-XY-line,8,10000,aligned_crossfit,actual_retention,0.01,1.122917380050448,1.1166510932298597,1.1300527629396795,20
U1-RZ-XY-line,8,10000,aligned_crossfit,actual_retention,0.03,1.1540014516542028,1.1458539791580404,1.1623898203013017,20
U1-RZ-XY-line,8,10000,aligned_crossfit,actual_retention,0.05,1.1962543442182523,1.1844515639891584,1.207244838311295,20
U1-RZ-XY-line,8,10000,aligned_crossfit,expected_scalar_directional_grad2,0.01,0.9245019631372257,0.9183100083821669,0.9312246020292101,20
U1-RZ-XY-line,8,10000,aligned_crossfit,expected_scalar_directional_grad2,0.03,0.8300132191384128,0.8231197518540148,0.83658383827732,20
U1-RZ-XY-line,8,10000,aligned_crossfit,expected_scalar_directional_grad2,0.05,0.7418415647772809,0.7340044757131777,0.7495210730321191,20
U1-RZ-XY-line,8,10000,aligned_crossfit,finite_difference_snr_mean,0.01,0.9613020721681034,0.94970673848234,0.9742686406168335,20
U1-RZ-XY-line,8,10000,aligned_crossfit,finite_difference_snr_mean,0.03,0.9108699873624581,0.8987824310983245,0.9236499534013348,20
U1-RZ-XY-line,8,10000,aligned_crossfit,finite_difference_snr_mean,0.05,0.8618583456625357,0.8491122084298947,0.8741885971677499,20
U1-RZ-XY-line,8,10000,physical,actual_retention,0.01,1.0091245431683395,1.007029827759912,1.0111976971093861,20
U1-RZ-XY-line,8,10000,physical,actual_retention,0.03,1.0487380028455648,1.0431151360253879,1.053957853508885,20
U1-RZ-XY-line,8,10000,physical,actual_retention,0.05,1.103388116496321,1.095116119166321,1.1111804388198776,20
U1-RZ-XY-line,8,10000,physical,expected_scalar_directional_grad2,0.01,0.8346799593463945,0.8330594789275002,0.8362850813944142,20
U1-RZ-XY-line,8,10000,physical,expected_scalar_directional_grad2,0.03,0.7595884462051827,0.7556448986472193,0.7634658943239445,20
U1-RZ-XY-line,8,10000,physical,expected_scalar_directional_grad2,0.05,0.6907038207843846,0.6851046326832,0.6961075944514779,20
U1-RZ-XY-line,8,10000,physical,finite_difference_snr_mean,0.01,0.9134653505852779,0.9122268802553406,0.9146142224589308,20
U1-RZ-XY-line,8,10000,physical,finite_difference_snr_mean,0.03,0.871118712985955,0.8678289097852129,0.8741490894830484,20
U1-RZ-XY-line,8,10000,physical,finite_difference_snr_mean,0.05,0.8303905705899214,0.8256207417187991,0.8348022712983393,20
U1-RZ-XY-line,8,10000,random_rank,actual_retention,0.01,0.2946023010170761,0.2706085056040412,0.321139821525768,20
U1-RZ-XY-line,8,10000,random_rank,actual_retention,0.03,0.29639533912689403,0.2718778213325298,0.3227930671840262,20
U1-RZ-XY-line,8,10000,random_rank,actual_retention,0.05,0.29756752557776706,0.27317767069792503,0.3252365915166305,20
U1-RZ-XY-line,8,10000,random_rank,expected_scalar_directional_grad2,0.01,0.24398749067603434,0.2239669857585948,0.2672156303735346,20
U1-RZ-XY-line,8,10000,random_rank,expected_scalar_directional_grad2,0.03,0.21427944315181463,0.19568154100911564,0.23525710071901307,20
U1-RZ-XY-line,8,10000,random_rank,expected_scalar_directional_grad2,0.05,0.1853255889786894,0.1691955783598987,0.20337743176863146,20
U1-RZ-XY-line,8,10000,random_rank,finite_difference_snr_mean,0.01,0.4878815350400993,0.4563195870828254,0.5215184327848242,20
U1-RZ-XY-line,8,10000,random_rank,finite_difference_snr_mean,0.03,0.45480320879051955,0.4257518321780861,0.4855200473864592,20
U1-RZ-XY-line,8,10000,random_rank,finite_difference_snr_mean,0.05,0.4213337449431452,0.39420908999673804,0.4501678461033414,20
U1-RZ-XY-line,10,100,aligned_crossfit,actual_retention,0.01,1.0971482341513241,1.0907497572246787,1.104159953111835,20
U1-RZ-XY-line,10,100,aligned_crossfit,actual_retention,0.03,1.1399094693489586,1.130942135369441,1.148888890375155,20
U1-RZ-XY-line,10,100,aligned_crossfit,actual_retention,0.05,1.2011084225551438,1.1871492612876364,1.2147003489214363,20
U1-RZ-XY-line,10,100,aligned_crossfit,expected_scalar_directional_grad2,0.01,0.9199751522851811,0.9136404798793315,0.9268939793653622,20
U1-RZ-XY-line,10,100,aligned_crossfit,expected_scalar_directional_grad2,0.03,0.8127906256950123,0.8040047042232947,0.8219395537986894,20
U1-RZ-XY-line,10,100,aligned_crossfit,expected_scalar_directional_grad2,0.05,0.7203587312619354,0.7090964816355455,0.7321104063392411,20
U1-RZ-XY-line,10,100,aligned_crossfit,finite_difference_snr_mean,0.01,0.9661319907601261,0.9563077186778275,0.9773011921065512,20
U1-RZ-XY-line,10,100,aligned_crossfit,finite_difference_snr_mean,0.03,0.9080334419034946,0.8974033696125601,0.9198798727099375,20
U1-RZ-XY-line,10,100,aligned_crossfit,finite_difference_snr_mean,0.05,0.8524147872979551,0.8395970577146354,0.8670181871725646,20
U1-RZ-XY-line,10,100,physical,actual_retention,0.01,1.024810514298562,1.0232306527380637,1.026313727985163,20
U1-RZ-XY-line,10,100,physical,actual_retention,0.03,1.1011017255445055,1.0973968291031853,1.1046916240529476,20
U1-RZ-XY-line,10,100,physical,actual_retention,0.05,1.1940884332100927,1.1885683804704459,1.1996117047892783,20
U1-RZ-XY-line,10,100,physical,expected_scalar_directional_grad2,0.01,0.8616024153625198,0.8604973789030214,0.8626534806911108,20
U1-RZ-XY-line,10,100,physical,expected_scalar_directional_grad2,0.03,0.7889873239884916,0.7862329208016517,0.791587355814841,20
U1-RZ-XY-line,10,100,physical,expected_scalar_directional_grad2,0.05,0.7212071384784263,0.7173437353826527,0.7248481498326299,20
U1-RZ-XY-line,10,100,physical,finite_difference_snr_mean,0.01,0.9278504143128153,0.927128920942082,0.9285448516574696,20
U1-RZ-XY-line,10,100,physical,finite_difference_snr_mean,0.03,0.8872266070408783,0.8853140043168527,0.8889927902796032,20
U1-RZ-XY-line,10,100,physical,finite_difference_snr_mean,0.05,0.8476821483822962,0.8448687306713615,0.8503566674746074,20
U1-RZ-XY-line,10,100,random_rank,actual_retention,0.01,0.2694489246248428,0.25464722667381895,0.2846674772838827,20
U1-RZ-XY-line,10,100,random_rank,actual_retention,0.03,0.26737083921311744,0.2527048376768211,0.28232009002590974,20
U1-RZ-XY-line,10,100,random_rank,actual_retention,0.05,0.26552369226092126,0.2516967171826069,0.28010819138752346,20
U1-RZ-XY-line,10,100,random_rank,expected_scalar_directional_grad2,0.01,0.22689898269714223,0.2143136580209884,0.23973070477120767,20
U1-RZ-XY-line,10,100,random_rank,expected_scalar_directional_grad2,0.03,0.19113730213955268,0.1808157383985039,0.20198048337163563,20
U1-RZ-XY-line,10,100,random_rank,expected_scalar_directional_grad2,0.05,0.15938398843249224,0.15112925885037026,0.16843309224845393,20
U1-RZ-XY-line,10,100,random_rank,finite_difference_snr_mean,0.01,0.4760051571746817,0.44075040905377316,0.5130316775956689,20
U1-RZ-XY-line,10,100,random_rank,finite_difference_snr_mean,0.03,0.43942366728425347,0.40800443206843606,0.4721235156517715,20
U1-RZ-XY-line,10,100,random_rank,finite_difference_snr_mean,0.05,0.4026729482570183,0.3741754346738075,0.4322675320607683,20
U1-RZ-XY-line,10,1000,aligned_crossfit,actual_retention,0.01,1.0971482341513241,1.0906187245281955,1.1038859100940202,20
U1-RZ-XY-line,10,1000,aligned_crossfit,actual_retention,0.03,1.1399094693489586,1.1309047133679846,1.1491879562554104,20
U1-RZ-XY-line,10,1000,aligned_crossfit,actual_retention,0.05,1.2011084225551438,1.187508592996467,1.2149262982786397,20
U1-RZ-XY-line,10,1000,aligned_crossfit,expected_scalar_directional_grad2,0.01,0.9199751522851811,0.9134672730778515,0.9267844982038913,20
U1-RZ-XY-line,10,1000,aligned_crossfit,expected_scalar_directional_grad2,0.03,0.8127906256950123,0.8038365867160755,0.8219205838353948,20
U1-RZ-XY-line,10,1000,aligned_crossfit,expected_scalar_directional_grad2,0.05,0.7203587312619354,0.7090633942831331,0.731748716708911,20
U1-RZ-XY-line,10,1000,aligned_crossfit,finite_difference_snr_mean,0.01,0.9661319907601278,0.9562108390962554,0.9771391406933967,20
U1-RZ-XY-line,10,1000,aligned_crossfit,finite_difference_snr_mean,0.03,0.9080334419034972,0.8974136194390349,0.9200055954780118,20
U1-RZ-XY-line,10,1000,aligned_crossfit,finite_difference_snr_mean,0.05,0.8524147872979572,0.8393440863923473,0.8669717795879988,20
U1-RZ-XY-line,10,1000,physical,actual_retention,0.01,1.024810514298562,1.0232393441381957,1.026344121544108,20
U1-RZ-XY-line,10,1000,physical,actual_retention,0.03,1.1011017255445055,1.0973018510213945,1.104742891437251,20
U1-RZ-XY-line,10,1000,physical,actual_retention,0.05,1.1940884332100927,1.1884083234234868,1.1996481740412603,20
U1-RZ-XY-line,10,1000,physical,expected_scalar_directional_grad2,0.01,0.8616024153625198,0.8604620094837432,0.8626491576083114,20
U1-RZ-XY-line,10,1000,physical,expected_scalar_directional_grad2,0.03,0.7889873239884916,0.7862109037844575,0.7915542577142192,20
U1-RZ-XY-line,10,1000,physical,expected_scalar_directional_grad2,0.05,0.7212071384784263,0.7172493020582495,0.7249022848471589,20
U1-RZ-XY-line,10,1000,physical,finite_difference_snr_mean,0.01,0.9278504143128176,0.9271154155427154,0.9285344854707829,20
U1-RZ-XY-line,10,1000,physical,finite_difference_snr_mean,0.03,0.8872266070408803,0.8853455608768096,0.8890226729000958,20
U1-RZ-XY-line,10,1000,physical,finite_difference_snr_mean,0.05,0.8476821483822986,0.8449014707599702,0.8503595310627114,20
U1-RZ-XY-line,10,1000,random_rank,actual_retention,0.01,0.2694489246248428,0.2545864726712378,0.28489760907419975,20
U1-RZ-XY-line,10,1000,random_rank,actual_retention,0.03,0.26737083921311744,0.2528232301272518,0.282184879332517,20
U1-RZ-XY-line,10,1000,random_rank,actual_retention,0.05,0.26552369226092126,0.25150893310556155,0.2804120733656484,20
U1-RZ-XY-line,10,1000,random_rank,expected_scalar_directional_grad2,0.01,0.22689898269714223,0.21465642856986766,0.2397886786423442,20
U1-RZ-XY-line,10,1000,random_rank,expected_scalar_directional_grad2,0.03,0.19113730213955268,0.18092930021785067,0.20182840179436515,20
U1-RZ-XY-line,10,1000,random_rank,expected_scalar_directional_grad2,0.05,0.15938398843249224,0.15076304919181371,0.16820282375752654,20
U1-RZ-XY-line,10,1000,random_rank,finite_difference_snr_mean,0.01,0.4760051571746866,0.44072788907523647,0.5124348647245073,20
U1-RZ-XY-line,10,1000,random_rank,finite_difference_snr_mean,0.03,0.4394236672842623,0.4084140257791293,0.4732297467150684,20
U1-RZ-XY-line,10,1000,random_rank,finite_difference_snr_mean,0.05,0.40267294825702377,0.3741993078716825,0.4312601724146961,20
U1-RZ-XY-line,10,10000,aligned_crossfit,actual_retention,0.01,1.0971482341513241,1.090622378036096,1.1040404048967691,20
U1-RZ-XY-line,10,10000,aligned_crossfit,actual_retention,0.03,1.1399094693489586,1.1307473561722492,1.1489172409158148,20
U1-RZ-XY-line,10,10000,aligned_crossfit,actual_retention,0.05,1.2011084225551438,1.1870098539243243,1.215060089274808,20
U1-RZ-XY-line,10,10000,aligned_crossfit,expected_scalar_directional_grad2,0.01,0.9199751522851811,0.9134135393208145,0.9269335531562183,20
U1-RZ-XY-line,10,10000,aligned_crossfit,expected_scalar_directional_grad2,0.03,0.8127906256950123,0.8038074459761252,0.8217325647931549,20
U1-RZ-XY-line,10,10000,aligned_crossfit,expected_scalar_directional_grad2,0.05,0.7203587312619354,0.7090741006712411,0.7321975627951169,20
U1-RZ-XY-line,10,10000,aligned_crossfit,finite_difference_snr_mean,0.01,0.9661319907601282,0.9561961902732271,0.9770535777946179,20
U1-RZ-XY-line,10,10000,aligned_crossfit,finite_difference_snr_mean,0.03,0.9080334419034976,0.8976201702558213,0.9199533668967654,20
U1-RZ-XY-line,10,10000,aligned_crossfit,finite_difference_snr_mean,0.05,0.8524147872979578,0.8394641371501931,0.8670844087463669,20
U1-RZ-XY-line,10,10000,physical,actual_retention,0.01,1.024810514298562,1.0232170510375957,1.026325332763077,20
U1-RZ-XY-line,10,10000,physical,actual_retention,0.03,1.1011017255445055,1.0974020336130654,1.1047429598332794,20
U1-RZ-XY-line,10,10000,physical,actual_retention,0.05,1.1940884332100927,1.188448922849079,1.199631347206765,20
U1-RZ-XY-line,10,10000,physical,expected_scalar_directional_grad2,0.01,0.8616024153625198,0.8604671389398075,0.8626544642831376,20
U1-RZ-XY-line,10,10000,physical,expected_scalar_directional_grad2,0.03,0.7889873239884916,0.7861721801829776,0.791560092984653,20
U1-RZ-XY-line,10,10000,physical,expected_scalar_directional_grad2,0.05,0.7212071384784263,0.717274335324413,0.7248474563258251,20
U1-RZ-XY-line,10,10000,physical,finite_difference_snr_mean,0.01,0.9278504143128179,0.9271343500673864,0.928540379212889,20
U1-RZ-XY-line,10,10000,physical,finite_difference_snr_mean,0.03,0.8872266070408813,0.8854120786500358,0.8889949196204936,20
U1-RZ-XY-line,10,10000,physical,finite_difference_snr_mean,0.05,0.8476821483822992,0.8449351179799682,0.8503570491579305,20
U1-RZ-XY-line,10,10000,random_rank,actual_retention,0.01,0.2694489246248428,0.25485858406216894,0.2843813025070689,20
U1-RZ-XY-line,10,10000,random_rank,actual_retention,0.03,0.26737083921311744,0.2531251527068133,0.28255706027608785,20
U1-RZ-XY-line,10,10000,random_rank,actual_retention,0.05,0.26552369226092126,0.2517405970510766,0.28047260551110653,20
U1-RZ-XY-line,10,10000,random_rank,expected_scalar_directional_grad2,0.01,0.22689898269714223,0.21464559191349145,0.23989357764849067,20
U1-RZ-XY-line,10,10000,random_rank,expected_scalar_directional_grad2,0.03,0.19113730213955268,0.18104377416631953,0.20200586085039118,20
U1-RZ-XY-line,10,10000,random_rank,expected_scalar_directional_grad2,0.05,0.15938398843249224,0.15082026701358883,0.16835475342585532,20
U1-RZ-XY-line,10,10000,random_rank,finite_difference_snr_mean,0.01,0.4760051571746889,0.4410775027986541,0.5123936681829315,20
U1-RZ-XY-line,10,10000,random_rank,finite_difference_snr_mean,0.03,0.43942366728426485,0.4077178115272263,0.47241689866629777,20
U1-RZ-XY-line,10,10000,random_rank,finite_difference_snr_mean,0.05,0.4026729482570259,0.3740378194886813,0.43235986944452887,20
U1-RZ-XY-line,12,100,aligned_crossfit,actual_retention,0.01,1.0861841426831955,1.0816464091352416,1.090716252386549,20
U1-RZ-XY-line,12,100,aligned_crossfit,actual_retention,0.03,1.141973571799722,1.1338438431003992,1.1495771600315434,20
U1-RZ-XY-line,12,100,aligned_crossfit,actual_retention,0.05,1.2177759350205208,1.2069217691628933,1.228569814432288,20
U1-RZ-XY-line,12,100,aligned_crossfit,expected_scalar_directional_grad2,0.01,0.9168237515226308,0.9125660672330509,0.9212043349861655,20
U1-RZ-XY-line,12,100,aligned_crossfit,expected_scalar_directional_grad2,0.03,0.7966601802469705,0.7903720346324703,0.8023203515227428,20
U1-RZ-XY-line,12,100,aligned_crossfit,expected_scalar_directional_grad2,0.05,0.6961986223685407,0.6884706077540426,0.7034864048519557,20
U1-RZ-XY-line,12,100,aligned_crossfit,finite_difference_snr_mean,0.01,0.956440746622247,0.9499556154795596,0.9632404176707173,20
U1-RZ-XY-line,12,100,aligned_crossfit,finite_difference_snr_mean,0.03,0.889739588860363,0.8806460200122358,0.8983329124836424,20
U1-RZ-XY-line,12,100,aligned_crossfit,finite_difference_snr_mean,0.05,0.8310394232893226,0.8186517605196599,0.8428161876734617,20
U1-RZ-XY-line,12,100,physical,actual_retention,0.01,1.0372170102374856,1.0364409095383968,1.0379700952799933,20
U1-RZ-XY-line,12,100,physical,actual_retention,0.03,1.145512652988538,1.1427207112073874,1.1485005310989431,20
U1-RZ-XY-line,12,100,physical,actual_retention,0.05,1.2737273678651153,1.2685851078977233,1.2791934876602014,20
U1-RZ-XY-line,12,100,physical,expected_scalar_directional_grad2,0.01,0.8772422977626687,0.8764256624906056,0.8780174007220432,20
U1-RZ-XY-line,12,100,physical,expected_scalar_directional_grad2,0.03,0.8024723560723858,0.8003784065653821,0.8044647664727729,20
U1-RZ-XY-line,12,100,physical,expected_scalar_directional_grad2,0.05,0.732550382446468,0.729571076531411,0.735392592172347,20
U1-RZ-XY-line,12,100,physical,finite_difference_snr_mean,0.01,0.9366003037564008,0.9360762331792939,0.9370961266724129,20
U1-RZ-XY-line,12,100,physical,finite_difference_snr_mean,0.03,0.8957679648586047,0.8944183690749127,0.897139380315201,20
U1-RZ-XY-line,12,100,physical,finite_difference_snr_mean,0.05,0.8558192204746647,0.8537618739229413,0.8578738232031468,20
U1-RZ-XY-line,12,100,random_rank,actual_retention,0.01,0.24397107843186536,0.23243001711234762,0.25541555766267326,20
U1-RZ-XY-line,12,100,random_rank,actual_retention,0.03,0.24288972789184166,0.2321626880818818,0.2539966642471554,20
U1-RZ-XY-line,12,100,random_rank,actual_retention,0.05,0.24202536733984023,0.23178371388458363,0.2529161745805628,20
U1-RZ-XY-line,12,100,random_rank,expected_scalar_directional_grad2,0.01,0.20601455956282905,0.19683287045881595,0.215509472216211,20
U1-RZ-XY-line,12,100,random_rank,expected_scalar_directional_grad2,0.03,0.16906853452018322,0.1618329024005515,0.17637930037973668,20
U1-RZ-XY-line,12,100,random_rank,expected_scalar_directional_grad2,0.05,0.13767760264626006,0.1320196021182379,0.14342355497526516,20
U1-RZ-XY-line,12,100,random_rank,finite_difference_snr_mean,0.01,0.45847722242077943,0.43554632216992245,0.48045739676817156,20
U1-RZ-XY-line,12,100,random_rank,finite_difference_snr_mean,0.03,0.41379145537610545,0.3933373422482372,0.433274646290685,20
U1-RZ-XY-line,12,100,random_rank,finite_difference_snr_mean,0.05,0.3717167342072744,0.3531683463601271,0.3893698901745766,20
U1-RZ-XY-line,12,1000,aligned_crossfit,actual_retention,0.01,1.0861841426831955,1.0816784309539997,1.090856744174218,20
U1-RZ-XY-line,12,1000,aligned_crossfit,actual_retention,0.03,1.141973571799722,1.1342448552826965,1.1497370990502165,20
U1-RZ-XY-line,12,1000,aligned_crossfit,actual_retention,0.05,1.2177759350205208,1.2068022940323497,1.2285072327774869,20
U1-RZ-XY-line,12,1000,aligned_crossfit,expected_scalar_directional_grad2,0.01,0.9168237515226308,0.9125090001397148,0.9211405816241822,20
U1-RZ-XY-line,12,1000,aligned_crossfit,expected_scalar_directional_grad2,0.03,0.7966601802469705,0.7903438381066953,0.8023909385928449,20
U1-RZ-XY-line,12,1000,aligned_crossfit,expected_scalar_directional_grad2,0.05,0.6961986223685407,0.6885630028317898,0.7034604146532225,20
U1-RZ-XY-line,12,1000,aligned_crossfit,finite_difference_snr_mean,0.01,0.9564407466222503,0.9497442472726028,0.9635017717339545,20
U1-RZ-XY-line,12,1000,aligned_crossfit,finite_difference_snr_mean,0.03,0.8897395888603656,0.8806809181063521,0.8980331263152117,20
U1-RZ-XY-line,12,1000,aligned_crossfit,finite_difference_snr_mean,0.05,0.8310394232893237,0.8183758822213312,0.8427973085047522,20
U1-RZ-XY-line,12,1000,physical,actual_retention,0.01,1.0372170102374856,1.0364372436087879,1.0379890027972523,20
U1-RZ-XY-line,12,1000,physical,actual_retention,0.03,1.145512652988538,1.1427162691193424,1.1485911952008359,20
U1-RZ-XY-line,12,1000,physical,actual_retention,0.05,1.2737273678651153,1.2685890833173372,1.2789935884555637,20
U1-RZ-XY-line,12,1000,physical,expected_scalar_directional_grad2,0.01,0.8772422977626687,0.8764140792483098,0.8780253937096376,20
U1-RZ-XY-line,12,1000,physical,expected_scalar_directional_grad2,0.03,0.8024723560723858,0.8003911575788232,0.8044777451158451,20
U1-RZ-XY-line,12,1000,physical,expected_scalar_directional_grad2,0.05,0.732550382446468,0.729565428670359,0.7354341174551215,20
U1-RZ-XY-line,12,1000,physical,finite_difference_snr_mean,0.01,0.9366003037564034,0.9360859911568806,0.9371015939658045,20
U1-RZ-XY-line,12,1000,physical,finite_difference_snr_mean,0.03,0.8957679648586072,0.8943800152581874,0.8971528716490578,20
U1-RZ-XY-line,12,1000,physical,finite_difference_snr_mean,0.05,0.855819220474668,0.8537588182358425,0.8578699920793397,20
U1-RZ-XY-line,12,1000,random_rank,actual_retention,0.01,0.24397107843186536,0.23251496796560656,0.25564866209858356,20
U1-RZ-XY-line,12,1000,random_rank,actual_retention,0.03,0.24288972789184166,0.2320486197338633,0.2540918514777632,20
U1-RZ-XY-line,12,1000,random_rank,actual_retention,0.05,0.24202536733984023,0.23159094587332846,0.25290172525099647,20
U1-RZ-XY-line,12,1000,random_rank,expected_scalar_directional_grad2,0.01,0.20601455956282905,0.19701146387754787,0.21547579477364412,20
U1-RZ-XY-line,12,1000,random_rank,expected_scalar_directional_grad2,0.03,0.16906853452018322,0.16174219743474763,0.17631176163794848,20
U1-RZ-XY-line,12,1000,random_rank,expected_scalar_directional_grad2,0.05,0.13767760264626006,0.13187581535689394,0.1434218247622871,20
U1-RZ-XY-line,12,1000,random_rank,finite_difference_snr_mean,0.01,0.4584772224207928,0.435707796806485,0.48014543455227743,20
U1-RZ-XY-line,12,1000,random_rank,finite_difference_snr_mean,0.03,0.4137914553761147,0.39399983069790984,0.4328389012167694,20
U1-RZ-XY-line,12,1000,random_rank,finite_difference_snr_mean,0.05,0.3717167342072883,0.35371401731464164,0.38869939369066403,20
U1-RZ-XY-line,12,10000,aligned_crossfit,actual_retention,0.01,1.0861841426831955,1.0817872457987605,1.0907796175721118,20
U1-RZ-XY-line,12,10000,aligned_crossfit,actual_retention,0.03,1.141973571799722,1.134002945189402,1.1498274819286454,20
U1-RZ-XY-line,12,10000,aligned_crossfit,actual_retention,0.05,1.2177759350205208,1.2067303120373127,1.2286318726257262,20
U1-RZ-XY-line,12,10000,aligned_crossfit,expected_scalar_directional_grad2,0.01,0.9168237515226308,0.9127099675377613,0.921129598686209,20
U1-RZ-XY-line,12,10000,aligned_crossfit,expected_scalar_directional_grad2,0.03,0.7966601802469705,0.7904211964608595,0.8024025031487138,20
U1-RZ-XY-line,12,10000,aligned_crossfit,expected_scalar_directional_grad2,0.05,0.6961986223685407,0.6884918949830661,0.7034672691821364,20
U1-RZ-XY-line,12,10000,aligned_crossfit,finite_difference_snr_mean,0.01,0.9564407466222509,0.9499262669789488,0.9632268888482746,20
U1-RZ-XY-line,12,10000,aligned_crossfit,finite_difference_snr_mean,0.03,0.8897395888603665,0.880811529730004,0.8980953162099611,20
U1-RZ-XY-line,12,10000,aligned_crossfit,finite_difference_snr_mean,0.05,0.8310394232893247,0.8187358563279054,0.8430771736733903,20
U1-RZ-XY-line,12,10000,physical,actual_retention,0.01,1.0372170102374856,1.036441331290836,1.0379866038179166,20
U1-RZ-XY-line,12,10000,physical,actual_retention,0.03,1.145512652988538,1.1427085182027645,1.1484034035349298,20
U1-RZ-XY-line,12,10000,physical,actual_retention,0.05,1.2737273678651153,1.2686149242172888,1.2789983258467863,20
U1-RZ-XY-line,12,10000,physical,expected_scalar_directional_grad2,0.01,0.8772422977626687,0.8764083092183498,0.8780140310721929,20
U1-RZ-XY-line,12,10000,physical,expected_scalar_directional_grad2,0.03,0.8024723560723858,0.8003938458947236,0.8044619989687822,20
U1-RZ-XY-line,12,10000,physical,expected_scalar_directional_grad2,0.05,0.732550382446468,0.7296165709182376,0.7354070900334632,20
U1-RZ-XY-line,12,10000,physical,finite_difference_snr_mean,0.01,0.9366003037564047,0.9360795718358769,0.9371166001311021,20
U1-RZ-XY-line,12,10000,physical,finite_difference_snr_mean,0.03,0.8957679648586085,0.8943894359578014,0.8971423583821527,20
U1-RZ-XY-line,12,10000,physical,finite_difference_snr_mean,0.05,0.8558192204746689,0.8537581855047123,0.85791578574419,20
U1-RZ-XY-line,12,10000,random_rank,actual_retention,0.01,0.24397107843186536,0.2325929925630893,0.2554865864087655,20
U1-RZ-XY-line,12,10000,random_rank,actual_retention,0.03,0.24288972789184166,0.23202881756962132,0.254038441362226,20
U1-RZ-XY-line,12,10000,random_rank,actual_retention,0.05,0.24202536733984023,0.23171552801300965,0.2529596264407473,20
U1-RZ-XY-line,12,10000,random_rank,expected_scalar_directional_grad2,0.01,0.20601455956282905,0.1968634484381802,0.21514864957368537,20
U1-RZ-XY-line,12,10000,random_rank,expected_scalar_directional_grad2,0.03,0.16906853452018322,0.16180219832360987,0.1761604490143486,20
U1-RZ-XY-line,12,10000,random_rank,expected_scalar_directional_grad2,0.05,0.13767760264626006,0.13210366041518704,0.14339948479227035,20
U1-RZ-XY-line,12,10000,random_rank,finite_difference_snr_mean,0.01,0.4584772224207957,0.4350025386336976,0.480615921159173,20
U1-RZ-XY-line,12,10000,random_rank,finite_difference_snr_mean,0.03,0.4137914553761195,0.39371747380230776,0.43321894836933117,20
U1-RZ-XY-line,12,10000,random_rank,finite_difference_snr_mean,0.05,0.37171673420729173,0.35340337660458077,0.3894350822273865,20
