family,n,bitflip_rate,shots,metric,contrast,ratio_of_means,ci_low,ci_high,paired_circuits
SU2-HaarU4-brickwork,8,0.0,100,actual_retention,aligned_over_physical,2.927409793683015,2.832448692326741,3.026996166762232,16
SU2-HaarU4-brickwork,8,0.0,100,expected_scalar_directional_grad2,aligned_over_physical,2.962702935226527,2.868973271249977,3.0624516373633233,16
SU2-HaarU4-brickwork,8,0.0,100,finite_difference_snr_mean,aligned_over_physical,1.734353085934176,1.6627822559198655,1.8142103586401328,16
SU2-HaarU4-brickwork,8,0.0,100,linearized_shots_for_snr1,physical_over_aligned,2.9650189054143943,2.8735805267488015,3.066603796910432,16
SU2-HaarU4-brickwork,8,0.0,100,actual_retention,random_over_physical,1.059612719013801,1.021863975177115,1.1013651296771634,16
SU2-HaarU4-brickwork,8,0.0,100,expected_scalar_directional_grad2,random_over_physical,1.0612660027703562,1.0236923095619965,1.102412197202974,16
SU2-HaarU4-brickwork,8,0.0,100,finite_difference_snr_mean,random_over_physical,1.0202680450472703,0.9556677714496541,1.086148114058999,16
SU2-HaarU4-brickwork,8,0.0,1000,actual_retention,aligned_over_physical,2.927409793683015,2.832973439109244,3.026291535608771,16
SU2-HaarU4-brickwork,8,0.0,1000,expected_scalar_directional_grad2,aligned_over_physical,2.962702935226527,2.8701866044666104,3.0612200852810973,16
SU2-HaarU4-brickwork,8,0.0,1000,finite_difference_snr_mean,aligned_over_physical,1.7343530859341763,1.664455048203839,1.8105257676615714,16
SU2-HaarU4-brickwork,8,0.0,1000,linearized_shots_for_snr1,physical_over_aligned,2.9650189054143943,2.8736754599116274,3.064420006837477,16
SU2-HaarU4-brickwork,8,0.0,1000,actual_retention,random_over_physical,1.059612719013801,1.0219718392227959,1.1005935511710803,16
SU2-HaarU4-brickwork,8,0.0,1000,expected_scalar_directional_grad2,random_over_physical,1.0612660027703562,1.0252893602074664,1.103459014063816,16
SU2-HaarU4-brickwork,8,0.0,1000,finite_difference_snr_mean,random_over_physical,1.0202680450472703,0.9548018262947451,1.0870833233496675,16
SU2-HaarU4-brickwork,8,0.0,10000,actual_retention,aligned_over_physical,2.927409793683015,2.8336582671117614,3.028890758213127,16
SU2-HaarU4-brickwork,8,0.0,10000,expected_scalar_directional_grad2,aligned_over_physical,2.962702935226527,2.8712579099202635,3.059535081715773,16
SU2-HaarU4-brickwork,8,0.0,10000,finite_difference_snr_mean,aligned_over_physical,1.7343530859341765,1.6626300409022303,1.812442086679117,16
SU2-HaarU4-brickwork,8,0.0,10000,linearized_shots_for_snr1,physical_over_aligned,2.9650189054143943,2.8727276855921944,3.0634977414290163,16
SU2-HaarU4-brickwork,8,0.0,10000,actual_retention,random_over_physical,1.059612719013801,1.0224593672786952,1.1009072560353954,16
SU2-HaarU4-brickwork,8,0.0,10000,expected_scalar_directional_grad2,random_over_physical,1.0612660027703562,1.0242646815461918,1.1038515109670062,16
SU2-HaarU4-brickwork,8,0.0,10000,finite_difference_snr_mean,random_over_physical,1.0202680450472703,0.9534202749861516,1.086962442386242,16
SU2-HaarU4-brickwork,8,0.01,100,actual_retention,aligned_over_physical,2.401297875438482,2.3199239011728254,2.4880055344256236,16
SU2-HaarU4-brickwork,8,0.01,100,expected_scalar_directional_grad2,aligned_over_physical,2.4264130416012644,2.3475234788930655,2.5121205442147985,16
SU2-HaarU4-brickwork,8,0.01,100,finite_difference_snr_mean,aligned_over_physical,1.5543784999916033,1.4936564196801105,1.6208654135467582,16
SU2-HaarU4-brickwork,8,0.01,100,linearized_shots_for_snr1,physical_over_aligned,2.427384325566438,2.347702378300999,2.509454830317607,16
SU2-HaarU4-brickwork,8,0.01,100,actual_retention,random_over_physical,0.8357046427744307,0.8103491607606071,0.8632355856076744,16
SU2-HaarU4-brickwork,8,0.01,100,expected_scalar_directional_grad2,random_over_physical,0.8354026517136344,0.8101144546680539,0.8625480883846297,16
SU2-HaarU4-brickwork,8,0.01,100,finite_difference_snr_mean,random_over_physical,0.9061054150189907,0.8464976852546202,0.9665595832564782,16
SU2-HaarU4-brickwork,8,0.01,1000,actual_retention,aligned_over_physical,2.401297875438482,2.321713655575023,2.485608508996146,16
SU2-HaarU4-brickwork,8,0.01,1000,expected_scalar_directional_grad2,aligned_over_physical,2.4264130416012644,2.3475788112623754,2.5111874235370917,16
SU2-HaarU4-brickwork,8,0.01,1000,finite_difference_snr_mean,aligned_over_physical,1.5543784999915973,1.4930197314604308,1.62157078172517,16
SU2-HaarU4-brickwork,8,0.01,1000,linearized_shots_for_snr1,physical_over_aligned,2.427384325566438,2.349002462723693,2.511081013275267,16
SU2-HaarU4-brickwork,8,0.01,1000,actual_retention,random_over_physical,0.8357046427744307,0.8094712163227566,0.8627775512668463,16
SU2-HaarU4-brickwork,8,0.01,1000,expected_scalar_directional_grad2,random_over_physical,0.8354026517136344,0.8100371148111515,0.8628748659202597,16
SU2-HaarU4-brickwork,8,0.01,1000,finite_difference_snr_mean,random_over_physical,0.9061054150189892,0.8457113290638465,0.9650552398966719,16
SU2-HaarU4-brickwork,8,0.01,10000,actual_retention,aligned_over_physical,2.401297875438482,2.3208098304838036,2.484647585730358,16
SU2-HaarU4-brickwork,8,0.01,10000,expected_scalar_directional_grad2,aligned_over_physical,2.4264130416012644,2.348186224725372,2.5107032503335525,16
SU2-HaarU4-brickwork,8,0.01,10000,finite_difference_snr_mean,aligned_over_physical,1.554378499991596,1.4932297656491313,1.62002718326723,16
SU2-HaarU4-brickwork,8,0.01,10000,linearized_shots_for_snr1,physical_over_aligned,2.427384325566438,2.350208721983606,2.512088799248743,16
SU2-HaarU4-brickwork,8,0.01,10000,actual_retention,random_over_physical,0.8357046427744307,0.8100140054286671,0.8630734998417768,16
SU2-HaarU4-brickwork,8,0.01,10000,expected_scalar_directional_grad2,random_over_physical,0.8354026517136344,0.8098930523531527,0.8633770472388931,16
SU2-HaarU4-brickwork,8,0.01,10000,finite_difference_snr_mean,random_over_physical,0.9061054150189883,0.8480716865097935,0.966642138159011,16
SU2-HaarU4-brickwork,8,0.03,100,actual_retention,aligned_over_physical,1.8832866257394174,1.8246163078826367,1.943278371094701,16
SU2-HaarU4-brickwork,8,0.03,100,expected_scalar_directional_grad2,aligned_over_physical,1.898161897695739,1.8391943024442203,1.9579337673570538,16
SU2-HaarU4-brickwork,8,0.03,100,finite_difference_snr_mean,aligned_over_physical,1.3757907358909895,1.3189627719983075,1.4362412804187337,16
SU2-HaarU4-brickwork,8,0.03,100,linearized_shots_for_snr1,physical_over_aligned,1.8992960301566888,1.8399662354206134,1.958863091597172,16
SU2-HaarU4-brickwork,8,0.03,100,actual_retention,random_over_physical,0.6200406141241707,0.6017051542133474,0.6400357144369143,16
SU2-HaarU4-brickwork,8,0.03,100,expected_scalar_directional_grad2,random_over_physical,0.6182354518212346,0.600103030765501,0.6382153448738349,16
SU2-HaarU4-brickwork,8,0.03,100,finite_difference_snr_mean,random_over_physical,0.7794006901157348,0.7285290003448072,0.8314506573370901,16
SU2-HaarU4-brickwork,8,0.03,1000,actual_retention,aligned_over_physical,1.8832866257394174,1.8235320511441964,1.9452663347670198,16
SU2-HaarU4-brickwork,8,0.03,1000,expected_scalar_directional_grad2,aligned_over_physical,1.898161897695739,1.837393930356281,1.9575431552529698,16
SU2-HaarU4-brickwork,8,0.03,1000,finite_difference_snr_mean,aligned_over_physical,1.3757907358909873,1.3174967837337865,1.4368596849086994,16
SU2-HaarU4-brickwork,8,0.03,1000,linearized_shots_for_snr1,physical_over_aligned,1.8992960301566888,1.8412949058541737,1.9589869254736045,16
SU2-HaarU4-brickwork,8,0.03,1000,actual_retention,random_over_physical,0.6200406141241707,0.6017897793480762,0.6396757184873619,16
SU2-HaarU4-brickwork,8,0.03,1000,expected_scalar_directional_grad2,random_over_physical,0.6182354518212346,0.6003488357542238,0.6379552727931117,16
SU2-HaarU4-brickwork,8,0.03,1000,finite_difference_snr_mean,random_over_physical,0.7794006901157355,0.7286810594358978,0.8314875879683359,16
SU2-HaarU4-brickwork,8,0.03,10000,actual_retention,aligned_over_physical,1.8832866257394174,1.8234685776970008,1.9427502626771727,16
SU2-HaarU4-brickwork,8,0.03,10000,expected_scalar_directional_grad2,aligned_over_physical,1.898161897695739,1.8385080044764792,1.9591516681255912,16
SU2-HaarU4-brickwork,8,0.03,10000,finite_difference_snr_mean,aligned_over_physical,1.375790735890988,1.3183009428450938,1.4369480120048692,16
SU2-HaarU4-brickwork,8,0.03,10000,linearized_shots_for_snr1,physical_over_aligned,1.8992960301566888,1.8406870033316947,1.9591013700967541,16
SU2-HaarU4-brickwork,8,0.03,10000,actual_retention,random_over_physical,0.6200406141241707,0.6015162551558271,0.6397945213476544,16
SU2-HaarU4-brickwork,8,0.03,10000,expected_scalar_directional_grad2,random_over_physical,0.6182354518212346,0.6008144199958508,0.6383353634094627,16
SU2-HaarU4-brickwork,8,0.03,10000,finite_difference_snr_mean,random_over_physical,0.7794006901157366,0.7277227618066862,0.8313578993323609,16
SU2-HaarU4-brickwork,8,0.05,100,actual_retention,aligned_over_physical,1.5799220396375444,1.5328909719046337,1.6271938571229076,16
SU2-HaarU4-brickwork,8,0.05,100,expected_scalar_directional_grad2,aligned_over_physical,1.5887408142267698,1.540111913325786,1.636882279757555,16
SU2-HaarU4-brickwork,8,0.05,100,finite_difference_snr_mean,aligned_over_physical,1.2550617586333357,1.2017653279479585,1.3125178326377973,16
SU2-HaarU4-brickwork,8,0.05,100,linearized_shots_for_snr1,physical_over_aligned,1.5895982358934502,1.5435481166770908,1.6373260381103594,16
SU2-HaarU4-brickwork,8,0.05,100,actual_retention,random_over_physical,0.4855474561009914,0.4713686229456012,0.5009361232496666,16
SU2-HaarU4-brickwork,8,0.05,100,expected_scalar_directional_grad2,random_over_physical,0.48285485258301336,0.468925403547856,0.4983245546073684,16
SU2-HaarU4-brickwork,8,0.05,100,finite_difference_snr_mean,random_over_physical,0.6889298027338953,0.6452002040739766,0.735709701438004,16
SU2-HaarU4-brickwork,8,0.05,1000,actual_retention,aligned_over_physical,1.5799220396375444,1.5331276056976666,1.627171552928497,16
SU2-HaarU4-brickwork,8,0.05,1000,expected_scalar_directional_grad2,aligned_over_physical,1.5887408142267698,1.540292294321756,1.6368825042964332,16
SU2-HaarU4-brickwork,8,0.05,1000,finite_difference_snr_mean,aligned_over_physical,1.2550617586333372,1.2004562489995605,1.3133643943700697,16
SU2-HaarU4-brickwork,8,0.05,1000,linearized_shots_for_snr1,physical_over_aligned,1.5895982358934502,1.5438730634495295,1.6367487703043602,16
SU2-HaarU4-brickwork,8,0.05,1000,actual_retention,random_over_physical,0.4855474561009914,0.4716231837774143,0.5009758401705677,16
SU2-HaarU4-brickwork,8,0.05,1000,expected_scalar_directional_grad2,random_over_physical,0.48285485258301336,0.4689797249468833,0.49854081821036983,16
SU2-HaarU4-brickwork,8,0.05,1000,finite_difference_snr_mean,random_over_physical,0.6889298027338991,0.6442451549307684,0.7350661789728546,16
SU2-HaarU4-brickwork,8,0.05,10000,actual_retention,aligned_over_physical,1.5799220396375444,1.53147024059183,1.6265956372842119,16
SU2-HaarU4-brickwork,8,0.05,10000,expected_scalar_directional_grad2,aligned_over_physical,1.5887408142267698,1.5406656942934478,1.6370743780380488,16
SU2-HaarU4-brickwork,8,0.05,10000,finite_difference_snr_mean,aligned_over_physical,1.2550617586333366,1.2017830481760337,1.3114672841193387,16
SU2-HaarU4-brickwork,8,0.05,10000,linearized_shots_for_snr1,physical_over_aligned,1.5895982358934502,1.5433470294625473,1.6367599466269516,16
SU2-HaarU4-brickwork,8,0.05,10000,actual_retention,random_over_physical,0.4855474561009914,0.47149386661097026,0.5006096077783111,16
SU2-HaarU4-brickwork,8,0.05,10000,expected_scalar_directional_grad2,random_over_physical,0.48285485258301336,0.4689190090120159,0.4983367480976165,16
SU2-HaarU4-brickwork,8,0.05,10000,finite_difference_snr_mean,random_over_physical,0.6889298027338988,0.6446217917125553,0.7351455540556038,16
SU2-HaarU4-brickwork,10,0.0,100,actual_retention,aligned_over_physical,4.611642748802209,4.455117014216474,4.777337859686951,16
SU2-HaarU4-brickwork,10,0.0,100,expected_scalar_directional_grad2,aligned_over_physical,4.638477943781137,4.485844912163822,4.80811768030363,16
SU2-HaarU4-brickwork,10,0.0,100,finite_difference_snr_mean,aligned_over_physical,2.124592111521738,2.014391133920446,2.236015066027615,16
SU2-HaarU4-brickwork,10,0.0,100,linearized_shots_for_snr1,physical_over_aligned,4.638326580744704,4.47679238360724,4.807492799456745,16
SU2-HaarU4-brickwork,10,0.0,100,actual_retention,random_over_physical,1.0557406517159913,1.034336813323277,1.0771608898680998,16
SU2-HaarU4-brickwork,10,0.0,100,expected_scalar_directional_grad2,random_over_physical,1.055433991086855,1.0342817877864199,1.0767633329824113,16
SU2-HaarU4-brickwork,10,0.0,100,finite_difference_snr_mean,random_over_physical,1.0354601086453459,0.9753071315215355,1.0981897077675677,16
SU2-HaarU4-brickwork,10,0.0,1000,actual_retention,aligned_over_physical,4.611642748802209,4.455008046726049,4.777312343038094,16
SU2-HaarU4-brickwork,10,0.0,1000,expected_scalar_directional_grad2,aligned_over_physical,4.638477943781137,4.4781545197996735,4.808335763705529,16
SU2-HaarU4-brickwork,10,0.0,1000,finite_difference_snr_mean,aligned_over_physical,2.124592111521738,2.015267368156943,2.2363629192634735,16
SU2-HaarU4-brickwork,10,0.0,1000,linearized_shots_for_snr1,physical_over_aligned,4.638326580744704,4.481229580104351,4.805346728202569,16
SU2-HaarU4-brickwork,10,0.0,1000,actual_retention,random_over_physical,1.0557406517159913,1.0349744231283144,1.0768309106080496,16
SU2-HaarU4-brickwork,10,0.0,1000,expected_scalar_directional_grad2,random_over_physical,1.055433991086855,1.0342435673820416,1.0766214876907483,16
SU2-HaarU4-brickwork,10,0.0,1000,finite_difference_snr_mean,random_over_physical,1.0354601086453459,0.976460669507132,1.1001630211045754,16
SU2-HaarU4-brickwork,10,0.0,10000,actual_retention,aligned_over_physical,4.611642748802209,4.456069386299652,4.776492571486164,16
SU2-HaarU4-brickwork,10,0.0,10000,expected_scalar_directional_grad2,aligned_over_physical,4.638477943781137,4.481682643957927,4.808707595890034,16
SU2-HaarU4-brickwork,10,0.0,10000,finite_difference_snr_mean,aligned_over_physical,2.124592111521738,2.013782575883226,2.23591374492227,16
SU2-HaarU4-brickwork,10,0.0,10000,linearized_shots_for_snr1,physical_over_aligned,4.638326580744704,4.479680145162994,4.803015163827236,16
SU2-HaarU4-brickwork,10,0.0,10000,actual_retention,random_over_physical,1.0557406517159913,1.0343673016367305,1.0764980459049487,16
SU2-HaarU4-brickwork,10,0.0,10000,expected_scalar_directional_grad2,random_over_physical,1.055433991086855,1.0346491102321893,1.0765043166628716,16
SU2-HaarU4-brickwork,10,0.0,10000,finite_difference_snr_mean,random_over_physical,1.0354601086453459,0.9772937255024521,1.0966014811412463,16
SU2-HaarU4-brickwork,10,0.01,100,actual_retention,aligned_over_physical,3.568092763648296,3.451267876472228,3.6947295280889687,16
SU2-HaarU4-brickwork,10,0.01,100,expected_scalar_directional_grad2,aligned_over_physical,3.586008726952233,3.4667916285099674,3.714677361906896,16
SU2-HaarU4-brickwork,10,0.01,100,finite_difference_snr_mean,aligned_over_physical,1.878439849852738,1.794246168513694,1.9688460685946438,16
SU2-HaarU4-brickwork,10,0.01,100,linearized_shots_for_snr1,physical_over_aligned,3.5864821228849446,3.4666156107122017,3.7138824759257774,16
SU2-HaarU4-brickwork,10,0.01,100,actual_retention,random_over_physical,0.7929004173718244,0.775621329510388,0.8099336884764833,16
SU2-HaarU4-brickwork,10,0.01,100,expected_scalar_directional_grad2,random_over_physical,0.7924684337737529,0.7754628950608891,0.8090121735011103,16
SU2-HaarU4-brickwork,10,0.01,100,finite_difference_snr_mean,random_over_physical,0.8937906285384127,0.8401369308783257,0.9498774917086297,16
SU2-HaarU4-brickwork,10,0.01,1000,actual_retention,aligned_over_physical,3.568092763648296,3.4484836855582044,3.692472274169967,16
SU2-HaarU4-brickwork,10,0.01,1000,expected_scalar_directional_grad2,aligned_over_physical,3.586008726952233,3.466320446607525,3.711593520063608,16
SU2-HaarU4-brickwork,10,0.01,1000,finite_difference_snr_mean,aligned_over_physical,1.8784398498527302,1.7912799889639341,1.9669374512060864,16
SU2-HaarU4-brickwork,10,0.01,1000,linearized_shots_for_snr1,physical_over_aligned,3.5864821228849446,3.467613745178935,3.7160566229359997,16
SU2-HaarU4-brickwork,10,0.01,1000,actual_retention,random_over_physical,0.7929004173718244,0.7754174228815637,0.8097910117457124,16
SU2-HaarU4-brickwork,10,0.01,1000,expected_scalar_directional_grad2,random_over_physical,0.7924684337737529,0.7748518889002264,0.8091599089121736,16
SU2-HaarU4-brickwork,10,0.01,1000,finite_difference_snr_mean,random_over_physical,0.8937906285384158,0.8398349726593498,0.9507381496104906,16
SU2-HaarU4-brickwork,10,0.01,10000,actual_retention,aligned_over_physical,3.568092763648296,3.4496636279835737,3.695059304517618,16
SU2-HaarU4-brickwork,10,0.01,10000,expected_scalar_directional_grad2,aligned_over_physical,3.586008726952233,3.468614356042852,3.7116337824634873,16
SU2-HaarU4-brickwork,10,0.01,10000,finite_difference_snr_mean,aligned_over_physical,1.8784398498527262,1.7923989355158596,1.9668221882983157,16
SU2-HaarU4-brickwork,10,0.01,10000,linearized_shots_for_snr1,physical_over_aligned,3.5864821228849446,3.4660998387034105,3.7152402824286703,16
SU2-HaarU4-brickwork,10,0.01,10000,actual_retention,random_over_physical,0.7929004173718244,0.7756264716719322,0.8094586517410436,16
SU2-HaarU4-brickwork,10,0.01,10000,expected_scalar_directional_grad2,random_over_physical,0.7924684337737529,0.7749490985980324,0.8096097874329242,16
SU2-HaarU4-brickwork,10,0.01,10000,finite_difference_snr_mean,random_over_physical,0.8937906285384166,0.8415889995429926,0.9518772216176926,16
SU2-HaarU4-brickwork,10,0.03,100,actual_retention,aligned_over_physical,2.5629823382779393,2.4820832738155016,2.6461636807663713,16
SU2-HaarU4-brickwork,10,0.03,100,expected_scalar_directional_grad2,aligned_over_physical,2.573027101056542,2.4914909012406987,2.6595414602020853,16
SU2-HaarU4-brickwork,10,0.03,100,finite_difference_snr_mean,aligned_over_physical,1.6019154999353147,1.536682739824233,1.6708804478825943,16
SU2-HaarU4-brickwork,10,0.03,100,linearized_shots_for_snr1,physical_over_aligned,2.5741583524810947,2.491957138886102,2.660105234111167,16
SU2-HaarU4-brickwork,10,0.03,100,actual_retention,random_over_physical,0.5456097823766795,0.5331666130309525,0.5577946678925177,16
SU2-HaarU4-brickwork,10,0.03,100,expected_scalar_directional_grad2,random_over_physical,0.5449279363908878,0.5326733323886462,0.5570997585252375,16
SU2-HaarU4-brickwork,10,0.03,100,finite_difference_snr_mean,random_over_physical,0.7381693118903039,0.6938027721049127,0.7857317777502465,16
SU2-HaarU4-brickwork,10,0.03,1000,actual_retention,aligned_over_physical,2.5629823382779393,2.4826822731465654,2.649241197738617,16
SU2-HaarU4-brickwork,10,0.03,1000,expected_scalar_directional_grad2,aligned_over_physical,2.573027101056542,2.491313941764964,2.659462038059185,16
SU2-HaarU4-brickwork,10,0.03,1000,finite_difference_snr_mean,aligned_over_physical,1.6019154999352998,1.536757492592261,1.6733960883591121,16
SU2-HaarU4-brickwork,10,0.03,1000,linearized_shots_for_snr1,physical_over_aligned,2.5741583524810947,2.4904475976276395,2.662543356590762,16
SU2-HaarU4-brickwork,10,0.03,1000,actual_retention,random_over_physical,0.5456097823766795,0.5333556413259604,0.5575618092388833,16
SU2-HaarU4-brickwork,10,0.03,1000,expected_scalar_directional_grad2,random_over_physical,0.5449279363908878,0.5324610658807298,0.5567805412307608,16
SU2-HaarU4-brickwork,10,0.03,1000,finite_difference_snr_mean,random_over_physical,0.7381693118903048,0.6939182348915687,0.7849378447066931,16
SU2-HaarU4-brickwork,10,0.03,10000,actual_retention,aligned_over_physical,2.5629823382779393,2.4808861256325088,2.64711700287204,16
SU2-HaarU4-brickwork,10,0.03,10000,expected_scalar_directional_grad2,aligned_over_physical,2.573027101056542,2.4906672104083083,2.6605940989530015,16
SU2-HaarU4-brickwork,10,0.03,10000,finite_difference_snr_mean,aligned_over_physical,1.6019154999352985,1.5374309457883806,1.6744387532595175,16
SU2-HaarU4-brickwork,10,0.03,10000,linearized_shots_for_snr1,physical_over_aligned,2.5741583524810947,2.492197911431535,2.6628820966171367,16
SU2-HaarU4-brickwork,10,0.03,10000,actual_retention,random_over_physical,0.5456097823766795,0.5331046811881229,0.5574092628847428,16
SU2-HaarU4-brickwork,10,0.03,10000,expected_scalar_directional_grad2,random_over_physical,0.5449279363908878,0.5326499795714247,0.5566530596879729,16
SU2-HaarU4-brickwork,10,0.03,10000,finite_difference_snr_mean,random_over_physical,0.7381693118903065,0.6931650156065163,0.7851036492864853,16
SU2-HaarU4-brickwork,10,0.05,100,actual_retention,aligned_over_physical,1.9641085621671854,1.90508555830391,2.0259619622718703,16
SU2-HaarU4-brickwork,10,0.05,100,expected_scalar_directional_grad2,aligned_over_physical,1.9697949428611954,1.9091844965431912,2.0335081281578637,16
SU2-HaarU4-brickwork,10,0.05,100,finite_difference_snr_mean,aligned_over_physical,1.4096415173004235,1.3522692188806142,1.4726401903710815,16
SU2-HaarU4-brickwork,10,0.05,100,linearized_shots_for_snr1,physical_over_aligned,1.97058059780351,1.909331030789624,2.0347749192352853,16
SU2-HaarU4-brickwork,10,0.05,100,actual_retention,random_over_physical,0.3973705834208503,0.38858192523862406,0.4058753650404853,16
SU2-HaarU4-brickwork,10,0.05,100,expected_scalar_directional_grad2,random_over_physical,0.39650334663284775,0.3875614626923716,0.4048811949218475,16
SU2-HaarU4-brickwork,10,0.05,100,finite_difference_snr_mean,random_over_physical,0.6283857949853151,0.5911853855226339,0.6677625243143767,16
SU2-HaarU4-brickwork,10,0.05,1000,actual_retention,aligned_over_physical,1.9641085621671854,1.9056215968585366,2.025991746675953,16
SU2-HaarU4-brickwork,10,0.05,1000,expected_scalar_directional_grad2,aligned_over_physical,1.9697949428611954,1.909406081616833,2.033560107345967,16
SU2-HaarU4-brickwork,10,0.05,1000,finite_difference_snr_mean,aligned_over_physical,1.4096415173004195,1.3530559014627335,1.4728127032623668,16
SU2-HaarU4-brickwork,10,0.05,1000,linearized_shots_for_snr1,physical_over_aligned,1.97058059780351,1.9084407551033618,2.0360133183342835,16
SU2-HaarU4-brickwork,10,0.05,1000,actual_retention,random_over_physical,0.3973705834208503,0.38847139460142377,0.40572198442542035,16
SU2-HaarU4-brickwork,10,0.05,1000,expected_scalar_directional_grad2,random_over_physical,0.39650334663284775,0.38757796829002905,0.40486418445235817,16
SU2-HaarU4-brickwork,10,0.05,1000,finite_difference_snr_mean,random_over_physical,0.6283857949853245,0.591461714743183,0.6680344384960619,16
SU2-HaarU4-brickwork,10,0.05,10000,actual_retention,aligned_over_physical,1.9641085621671854,1.9046414112979682,2.0254109329265915,16
SU2-HaarU4-brickwork,10,0.05,10000,expected_scalar_directional_grad2,aligned_over_physical,1.9697949428611954,1.9088267992248056,2.033526833305079,16
SU2-HaarU4-brickwork,10,0.05,10000,finite_difference_snr_mean,aligned_over_physical,1.4096415173004169,1.353975370985783,1.4738499151358608,16
SU2-HaarU4-brickwork,10,0.05,10000,linearized_shots_for_snr1,physical_over_aligned,1.97058059780351,1.9092708587257257,2.0355040013542793,16
SU2-HaarU4-brickwork,10,0.05,10000,actual_retention,random_over_physical,0.3973705834208503,0.38852672624242995,0.4058044961006984,16
SU2-HaarU4-brickwork,10,0.05,10000,expected_scalar_directional_grad2,random_over_physical,0.39650334663284775,0.38745079605805555,0.40519314000063644,16
SU2-HaarU4-brickwork,10,0.05,10000,finite_difference_snr_mean,random_over_physical,0.6283857949853267,0.5914194897970413,0.6683570783094622,16
SU2-HaarU4-brickwork,12,0.0,100,actual_retention,aligned_over_physical,9.561123521167133,9.339430448861352,9.811229043913064,16
SU2-HaarU4-brickwork,12,0.0,100,expected_scalar_directional_grad2,aligned_over_physical,9.584279102106274,9.363284936174987,9.840152658397693,16
SU2-HaarU4-brickwork,12,0.0,100,finite_difference_snr_mean,aligned_over_physical,3.110895956483348,2.970635432488987,3.2553682472516847,16
SU2-HaarU4-brickwork,12,0.0,100,linearized_shots_for_snr1,physical_over_aligned,9.588733950422524,9.361168494625549,9.843304485303655,16
SU2-HaarU4-brickwork,12,0.0,100,actual_retention,random_over_physical,1.0667717418562066,1.0363787419798922,1.0945449986902858,16
SU2-HaarU4-brickwork,12,0.0,100,expected_scalar_directional_grad2,random_over_physical,1.0662211575279381,1.0366919257498357,1.0947575662160474,16
SU2-HaarU4-brickwork,12,0.0,100,finite_difference_snr_mean,random_over_physical,1.023654741360062,0.9846816314209386,1.0654439827953777,16
SU2-HaarU4-brickwork,12,0.0,1000,actual_retention,aligned_over_physical,9.561123521167133,9.340463545068737,9.806266691434134,16
SU2-HaarU4-brickwork,12,0.0,1000,expected_scalar_directional_grad2,aligned_over_physical,9.584279102106274,9.35733077024597,9.836959319000579,16
SU2-HaarU4-brickwork,12,0.0,1000,finite_difference_snr_mean,aligned_over_physical,3.1108959564833483,2.97131519673579,3.2534604510169935,16
SU2-HaarU4-brickwork,12,0.0,1000,linearized_shots_for_snr1,physical_over_aligned,9.588733950422524,9.362780495719628,9.839334787819936,16
SU2-HaarU4-brickwork,12,0.0,1000,actual_retention,random_over_physical,1.0667717418562066,1.037158028031835,1.0954557627476909,16
SU2-HaarU4-brickwork,12,0.0,1000,expected_scalar_directional_grad2,random_over_physical,1.0662211575279381,1.0368761599223781,1.094434802590123,16
SU2-HaarU4-brickwork,12,0.0,1000,finite_difference_snr_mean,random_over_physical,1.0236547413600623,0.9849256537236105,1.0652138355321836,16
SU2-HaarU4-brickwork,12,0.0,10000,actual_retention,aligned_over_physical,9.561123521167133,9.340574267213002,9.807376824329523,16
SU2-HaarU4-brickwork,12,0.0,10000,expected_scalar_directional_grad2,aligned_over_physical,9.584279102106274,9.360173447543986,9.829814034383595,16
SU2-HaarU4-brickwork,12,0.0,10000,finite_difference_snr_mean,aligned_over_physical,3.1108959564833487,2.975373474220921,3.251594749014483,16
SU2-HaarU4-brickwork,12,0.0,10000,linearized_shots_for_snr1,physical_over_aligned,9.588733950422524,9.357068689617602,9.844238350936248,16
SU2-HaarU4-brickwork,12,0.0,10000,actual_retention,random_over_physical,1.0667717418562066,1.0367632087109497,1.0942176605853697,16
SU2-HaarU4-brickwork,12,0.0,10000,expected_scalar_directional_grad2,random_over_physical,1.0662211575279381,1.0366786341234016,1.0941401081410134,16
SU2-HaarU4-brickwork,12,0.0,10000,finite_difference_snr_mean,random_over_physical,1.0236547413600623,0.9855712586653183,1.066646691165291,16
SU2-HaarU4-brickwork,12,0.01,100,actual_retention,aligned_over_physical,6.904233704188841,6.746099411653601,7.082066956686277,16
SU2-HaarU4-brickwork,12,0.01,100,expected_scalar_directional_grad2,aligned_over_physical,6.919379501563177,6.758181687669205,7.104878359205227,16
SU2-HaarU4-brickwork,12,0.01,100,finite_difference_snr_mean,aligned_over_physical,2.6208231961131623,2.5061628413391204,2.7343182324025603,16
SU2-HaarU4-brickwork,12,0.01,100,linearized_shots_for_snr1,physical_over_aligned,6.922727373855512,6.7635874088701735,7.107293451971758,16
SU2-HaarU4-brickwork,12,0.01,100,actual_retention,random_over_physical,0.7634011740354185,0.7435538542928171,0.7823456576390042,16
SU2-HaarU4-brickwork,12,0.01,100,expected_scalar_directional_grad2,random_over_physical,0.7628637274756479,0.7430658509042085,0.7818985485251514,16
SU2-HaarU4-brickwork,12,0.01,100,finite_difference_snr_mean,random_over_physical,0.8679787884296051,0.8340609234695247,0.9037127456399932,16
SU2-HaarU4-brickwork,12,0.01,1000,actual_retention,aligned_over_physical,6.904233704188841,6.745297660465242,7.082557737337642,16
SU2-HaarU4-brickwork,12,0.01,1000,expected_scalar_directional_grad2,aligned_over_physical,6.919379501563177,6.759001773636172,7.094028007145663,16
SU2-HaarU4-brickwork,12,0.01,1000,finite_difference_snr_mean,aligned_over_physical,2.620823196113141,2.5054095636985774,2.73626754786699,16
SU2-HaarU4-brickwork,12,0.01,1000,linearized_shots_for_snr1,physical_over_aligned,6.922727373855512,6.759876380732219,7.105360183735268,16
SU2-HaarU4-brickwork,12,0.01,1000,actual_retention,random_over_physical,0.7634011740354185,0.7438672665929518,0.7825031670867864,16
SU2-HaarU4-brickwork,12,0.01,1000,expected_scalar_directional_grad2,random_over_physical,0.7628637274756479,0.7430775540349168,0.7817161734836556,16
SU2-HaarU4-brickwork,12,0.01,1000,finite_difference_snr_mean,random_over_physical,0.8679787884296163,0.8344229956175422,0.9037914044831113,16
SU2-HaarU4-brickwork,12,0.01,10000,actual_retention,aligned_over_physical,6.904233704188841,6.746254468529285,7.083135662024237,16
SU2-HaarU4-brickwork,12,0.01,10000,expected_scalar_directional_grad2,aligned_over_physical,6.919379501563177,6.759718466107182,7.102083000010806,16
SU2-HaarU4-brickwork,12,0.01,10000,finite_difference_snr_mean,aligned_over_physical,2.6208231961131285,2.508223113518807,2.736915195998971,16
SU2-HaarU4-brickwork,12,0.01,10000,linearized_shots_for_snr1,physical_over_aligned,6.922727373855512,6.759394811078569,7.105700339273327,16
SU2-HaarU4-brickwork,12,0.01,10000,actual_retention,random_over_physical,0.7634011740354185,0.7432879838654521,0.7823109876911523,16
SU2-HaarU4-brickwork,12,0.01,10000,expected_scalar_directional_grad2,random_over_physical,0.7628637274756479,0.7431540246792864,0.7820243142991696,16
SU2-HaarU4-brickwork,12,0.01,10000,finite_difference_snr_mean,random_over_physical,0.867978788429617,0.833212179769675,0.9039819532085324,16
SU2-HaarU4-brickwork,12,0.03,100,actual_retention,aligned_over_physical,4.482093787642842,4.385641905454739,4.593242687347668,16
SU2-HaarU4-brickwork,12,0.03,100,expected_scalar_directional_grad2,aligned_over_physical,4.490783546481951,4.393300531063464,4.602710411707262,16
SU2-HaarU4-brickwork,12,0.03,100,finite_difference_snr_mean,aligned_over_physical,2.1011328530208777,2.0158609622766956,2.1876611289313828,16
SU2-HaarU4-brickwork,12,0.03,100,linearized_shots_for_snr1,physical_over_aligned,4.493287268373838,4.392578663424993,4.605548627395821,16
SU2-HaarU4-brickwork,12,0.03,100,actual_retention,random_over_physical,0.48771277160005355,0.4753919724250902,0.49966934003297536,16
SU2-HaarU4-brickwork,12,0.03,100,expected_scalar_directional_grad2,random_over_physical,0.4872125946030443,0.4750998981962609,0.49928511725030517,16
SU2-HaarU4-brickwork,12,0.03,100,finite_difference_snr_mean,random_over_physical,0.6945692842910436,0.6684713804263626,0.7217599545101139,16
SU2-HaarU4-brickwork,12,0.03,1000,actual_retention,aligned_over_physical,4.482093787642842,4.3860495293666455,4.590454289636171,16
SU2-HaarU4-brickwork,12,0.03,1000,expected_scalar_directional_grad2,aligned_over_physical,4.490783546481951,4.393385042345805,4.601627441772867,16
SU2-HaarU4-brickwork,12,0.03,1000,finite_difference_snr_mean,aligned_over_physical,2.1011328530208466,2.0161724508979972,2.187983245271215,16
SU2-HaarU4-brickwork,12,0.03,1000,linearized_shots_for_snr1,physical_over_aligned,4.493287268373838,4.393478423906862,4.606028927982197,16
SU2-HaarU4-brickwork,12,0.03,1000,actual_retention,random_over_physical,0.48771277160005355,0.4754577018795141,0.4996817268735023,16
SU2-HaarU4-brickwork,12,0.03,1000,expected_scalar_directional_grad2,random_over_physical,0.4872125946030443,0.4750664336178983,0.4989872203772901,16
SU2-HaarU4-brickwork,12,0.03,1000,finite_difference_snr_mean,random_over_physical,0.6945692842910535,0.6681420185560554,0.7211054580017361,16
SU2-HaarU4-brickwork,12,0.03,10000,actual_retention,aligned_over_physical,4.482093787642842,4.386226840736469,4.592055055327996,16
SU2-HaarU4-brickwork,12,0.03,10000,expected_scalar_directional_grad2,aligned_over_physical,4.490783546481951,4.393639884216238,4.603943136316488,16
SU2-HaarU4-brickwork,12,0.03,10000,finite_difference_snr_mean,aligned_over_physical,2.1011328530208337,2.015471178215703,2.1862786019243416,16
SU2-HaarU4-brickwork,12,0.03,10000,linearized_shots_for_snr1,physical_over_aligned,4.493287268373838,4.392871202302054,4.606045004024201,16
SU2-HaarU4-brickwork,12,0.03,10000,actual_retention,random_over_physical,0.48771277160005355,0.475466089102902,0.4997919145664958,16
SU2-HaarU4-brickwork,12,0.03,10000,expected_scalar_directional_grad2,random_over_physical,0.4872125946030443,0.4747478809615507,0.49935493172149437,16
SU2-HaarU4-brickwork,12,0.03,10000,finite_difference_snr_mean,random_over_physical,0.6945692842910566,0.668863896148755,0.7217073889187274,16
SU2-HaarU4-brickwork,12,0.05,100,actual_retention,aligned_over_physical,3.121715544368455,3.053711626486356,3.1972876282996374,16
SU2-HaarU4-brickwork,12,0.05,100,expected_scalar_directional_grad2,aligned_over_physical,3.1266708923865267,3.059137387756861,3.2016711348870506,16
SU2-HaarU4-brickwork,12,0.05,100,finite_difference_snr_mean,aligned_over_physical,1.756222110877449,1.6873567094746795,1.8248119563796874,16
SU2-HaarU4-brickwork,12,0.05,100,linearized_shots_for_snr1,physical_over_aligned,3.1283148863095374,3.0580757182387504,3.208051627412293,16
SU2-HaarU4-brickwork,12,0.05,100,actual_retention,random_over_physical,0.33078781819832637,0.32245096635894677,0.33879311000590256,16
SU2-HaarU4-brickwork,12,0.05,100,expected_scalar_directional_grad2,random_over_physical,0.3303190097262056,0.32203148076980326,0.33850506175150546,16
SU2-HaarU4-brickwork,12,0.05,100,finite_difference_snr_mean,random_over_physical,0.5725994905895152,0.5516379817780164,0.5936398168174241,16
SU2-HaarU4-brickwork,12,0.05,1000,actual_retention,aligned_over_physical,3.121715544368455,3.0540045247851677,3.1962566128843726,16
SU2-HaarU4-brickwork,12,0.05,1000,expected_scalar_directional_grad2,aligned_over_physical,3.1266708923865267,3.058792496989163,3.201935912809774,16
SU2-HaarU4-brickwork,12,0.05,1000,finite_difference_snr_mean,aligned_over_physical,1.7562221108774225,1.6876058209787757,1.823854012741367,16
SU2-HaarU4-brickwork,12,0.05,1000,linearized_shots_for_snr1,physical_over_aligned,3.1283148863095374,3.059961355370476,3.2064911582588183,16
SU2-HaarU4-brickwork,12,0.05,1000,actual_retention,random_over_physical,0.33078781819832637,0.3226408574601505,0.33900828963805246,16
SU2-HaarU4-brickwork,12,0.05,1000,expected_scalar_directional_grad2,random_over_physical,0.3303190097262056,0.3221318545178828,0.33827508352540014,16
SU2-HaarU4-brickwork,12,0.05,1000,finite_difference_snr_mean,random_over_physical,0.5725994905895264,0.5520118354939647,0.5941149243298626,16
SU2-HaarU4-brickwork,12,0.05,10000,actual_retention,aligned_over_physical,3.121715544368455,3.054733415523977,3.195988723432067,16
SU2-HaarU4-brickwork,12,0.05,10000,expected_scalar_directional_grad2,aligned_over_physical,3.1266708923865267,3.0594668647479746,3.2043642337699634,16
SU2-HaarU4-brickwork,12,0.05,10000,finite_difference_snr_mean,aligned_over_physical,1.7562221108774194,1.6868512075593545,1.8246473956209872,16
SU2-HaarU4-brickwork,12,0.05,10000,linearized_shots_for_snr1,physical_over_aligned,3.1283148863095374,3.0604130625417665,3.2052175892965282,16
SU2-HaarU4-brickwork,12,0.05,10000,actual_retention,random_over_physical,0.33078781819832637,0.32263893661874066,0.3389830803270534,16
SU2-HaarU4-brickwork,12,0.05,10000,expected_scalar_directional_grad2,random_over_physical,0.3303190097262056,0.32197658678571417,0.3383514753188799,16
SU2-HaarU4-brickwork,12,0.05,10000,finite_difference_snr_mean,random_over_physical,0.5725994905895313,0.5518885629472183,0.593948474918651,16
U1-RZ-XY-line,8,0.0,100,actual_retention,aligned_over_physical,1.1407432252838448,1.1138590329807874,1.170560726370708,20
U1-RZ-XY-line,8,0.0,100,expected_scalar_directional_grad2,aligned_over_physical,1.1476936674080767,1.119789146792722,1.1788268081518192,20
U1-RZ-XY-line,8,0.0,100,finite_difference_snr_mean,aligned_over_physical,1.0676326237748923,1.0388725348870789,1.0987091821823616,20
U1-RZ-XY-line,8,0.0,100,linearized_shots_for_snr1,physical_over_aligned,1.1498124086834276,1.120975292454145,1.1822899067768275,20
U1-RZ-XY-line,8,0.0,100,actual_retention,random_over_physical,0.24448582314325956,0.2312377394271616,0.2575541954189593,20
U1-RZ-XY-line,8,0.0,100,expected_scalar_directional_grad2,random_over_physical,0.2384610958073292,0.22475843282524374,0.2517738294574912,20
U1-RZ-XY-line,8,0.0,100,finite_difference_snr_mean,random_over_physical,0.4793241144927768,0.45150662803908553,0.5078158113872993,20
U1-RZ-XY-line,8,0.0,1000,actual_retention,aligned_over_physical,1.1407432252838448,1.1136627335654279,1.1702143963149796,20
U1-RZ-XY-line,8,0.0,1000,expected_scalar_directional_grad2,aligned_over_physical,1.1476936674080767,1.1193195754292462,1.1796311621015094,20
U1-RZ-XY-line,8,0.0,1000,finite_difference_snr_mean,aligned_over_physical,1.067632623774892,1.0385724950616328,1.0988004292885711,20
U1-RZ-XY-line,8,0.0,1000,linearized_shots_for_snr1,physical_over_aligned,1.1498124086834276,1.121032634743604,1.1825758536022941,20
U1-RZ-XY-line,8,0.0,1000,actual_retention,random_over_physical,0.24448582314325956,0.2311531804027323,0.2574323660856365,20
U1-RZ-XY-line,8,0.0,1000,expected_scalar_directional_grad2,random_over_physical,0.2384610958073292,0.22495669749641453,0.25172824303763225,20
U1-RZ-XY-line,8,0.0,1000,finite_difference_snr_mean,random_over_physical,0.4793241144927766,0.45193405467155967,0.5078851415573754,20
U1-RZ-XY-line,8,0.0,10000,actual_retention,aligned_over_physical,1.1407432252838448,1.114002905613178,1.1687398041800505,20
U1-RZ-XY-line,8,0.0,10000,expected_scalar_directional_grad2,aligned_over_physical,1.1476936674080767,1.1192043231086937,1.178692059569481,20
U1-RZ-XY-line,8,0.0,10000,finite_difference_snr_mean,aligned_over_physical,1.0676326237748923,1.0387516409042084,1.0989089355018167,20
U1-RZ-XY-line,8,0.0,10000,linearized_shots_for_snr1,physical_over_aligned,1.1498124086834276,1.1200634091002548,1.1827783043609081,20
U1-RZ-XY-line,8,0.0,10000,actual_retention,random_over_physical,0.24448582314325956,0.23121514811914126,0.25754929365279183,20
U1-RZ-XY-line,8,0.0,10000,expected_scalar_directional_grad2,random_over_physical,0.2384610958073292,0.2249994058465443,0.25211392428978213,20
U1-RZ-XY-line,8,0.0,10000,finite_difference_snr_mean,random_over_physical,0.47932411449277657,0.45134531042266396,0.5073807860201777,20
U1-RZ-XY-line,8,0.01,100,actual_retention,aligned_over_physical,1.2693779003969243,1.2394340075545656,1.3006946721342134,20
U1-RZ-XY-line,8,0.01,100,expected_scalar_directional_grad2,aligned_over_physical,1.2711998613573896,1.239941587109967,1.3042190960153122,20
U1-RZ-XY-line,8,0.01,100,finite_difference_snr_mean,aligned_over_physical,1.1235428392456095,1.0967589590561462,1.150194128473094,20
U1-RZ-XY-line,8,0.01,100,linearized_shots_for_snr1,physical_over_aligned,1.2732709717007844,1.241732951935486,1.307124524155408,20
U1-RZ-XY-line,8,0.01,100,actual_retention,random_over_physical,0.07137482340675066,0.06753466505578468,0.07552146074569682,20
U1-RZ-XY-line,8,0.01,100,expected_scalar_directional_grad2,random_over_physical,0.06970518908282805,0.06627355930221139,0.0735483371899612,20
U1-RZ-XY-line,8,0.01,100,finite_difference_snr_mean,random_over_physical,0.25600684756202347,0.24782205381791128,0.26501585185864496,20
U1-RZ-XY-line,8,0.01,1000,actual_retention,aligned_over_physical,1.2693779003969243,1.2402593858476874,1.3013396288786385,20
U1-RZ-XY-line,8,0.01,1000,expected_scalar_directional_grad2,aligned_over_physical,1.2711998613573896,1.2406715519602396,1.3041722793013386,20
U1-RZ-XY-line,8,0.01,1000,finite_difference_snr_mean,aligned_over_physical,1.1235428392456102,1.0963903304713825,1.1497658771088746,20
U1-RZ-XY-line,8,0.01,1000,linearized_shots_for_snr1,physical_over_aligned,1.2732709717007844,1.2415072754655208,1.3076610262097905,20
U1-RZ-XY-line,8,0.01,1000,actual_retention,random_over_physical,0.07137482340675066,0.06751262389385475,0.07550195799640015,20
U1-RZ-XY-line,8,0.01,1000,expected_scalar_directional_grad2,random_over_physical,0.06970518908282805,0.06617934131711214,0.07346955125180729,20
U1-RZ-XY-line,8,0.01,1000,finite_difference_snr_mean,random_over_physical,0.2560068475620244,0.24775081717164413,0.2648074657470576,20
U1-RZ-XY-line,8,0.01,10000,actual_retention,aligned_over_physical,1.2693779003969243,1.2399230939652766,1.300575681855129,20
U1-RZ-XY-line,8,0.01,10000,expected_scalar_directional_grad2,aligned_over_physical,1.2711998613573896,1.2401987483873376,1.3039801937530056,20
U1-RZ-XY-line,8,0.01,10000,finite_difference_snr_mean,aligned_over_physical,1.12354283924561,1.096904119844608,1.1498076552126495,20
U1-RZ-XY-line,8,0.01,10000,linearized_shots_for_snr1,physical_over_aligned,1.2732709717007844,1.242262021237777,1.3091118252003169,20
U1-RZ-XY-line,8,0.01,10000,actual_retention,random_over_physical,0.07137482340675066,0.06754667253124386,0.07545146983444057,20
U1-RZ-XY-line,8,0.01,10000,expected_scalar_directional_grad2,random_over_physical,0.06970518908282805,0.06623622487031676,0.07347634428524301,20
U1-RZ-XY-line,8,0.01,10000,finite_difference_snr_mean,random_over_physical,0.2560068475620249,0.24791399827681945,0.26493448437294415,20
U1-RZ-XY-line,8,0.03,100,actual_retention,aligned_over_physical,1.2552413799923177,1.2290959897368732,1.2824509407405564,20
U1-RZ-XY-line,8,0.03,100,expected_scalar_directional_grad2,aligned_over_physical,1.2541013758558783,1.2274082891325226,1.283128127887115,20
U1-RZ-XY-line,8,0.03,100,finite_difference_snr_mean,aligned_over_physical,1.1163513078397886,1.091315717265523,1.1408908239367166,20
U1-RZ-XY-line,8,0.03,100,linearized_shots_for_snr1,physical_over_aligned,1.2566850688124969,1.2287855265979193,1.2874961777722247,20
U1-RZ-XY-line,8,0.03,100,actual_retention,random_over_physical,0.06909681757087545,0.06536562591728994,0.07307947189231,20
U1-RZ-XY-line,8,0.03,100,expected_scalar_directional_grad2,random_over_physical,0.06726973149505151,0.0638266648434094,0.07094115296288683,20
U1-RZ-XY-line,8,0.03,100,finite_difference_snr_mean,random_over_physical,0.25025078909710274,0.24181097637146046,0.25942743852067424,20
U1-RZ-XY-line,8,0.03,1000,actual_retention,aligned_over_physical,1.2552413799923177,1.2299139592890704,1.2825420694654412,20
U1-RZ-XY-line,8,0.03,1000,expected_scalar_directional_grad2,aligned_over_physical,1.2541013758558783,1.2277347816796842,1.2835214182926593,20
U1-RZ-XY-line,8,0.03,1000,finite_difference_snr_mean,aligned_over_physical,1.1163513078397884,1.091346177746659,1.1406390655183927,20
U1-RZ-XY-line,8,0.03,1000,linearized_shots_for_snr1,physical_over_aligned,1.2566850688124969,1.230205208894766,1.286970355382354,20
U1-RZ-XY-line,8,0.03,1000,actual_retention,random_over_physical,0.06909681757087545,0.06536260313605766,0.07305059942538601,20
U1-RZ-XY-line,8,0.03,1000,expected_scalar_directional_grad2,random_over_physical,0.06726973149505151,0.06390748492686185,0.0708935834263619,20
U1-RZ-XY-line,8,0.03,1000,finite_difference_snr_mean,random_over_physical,0.25025078909710385,0.24181861564645285,0.2592635341366197,20
U1-RZ-XY-line,8,0.03,10000,actual_retention,aligned_over_physical,1.2552413799923177,1.229294251670111,1.2819857796505512,20
U1-RZ-XY-line,8,0.03,10000,expected_scalar_directional_grad2,aligned_over_physical,1.2541013758558783,1.2268433590580554,1.2835979626871015,20
U1-RZ-XY-line,8,0.03,10000,finite_difference_snr_mean,aligned_over_physical,1.1163513078397882,1.0915449618873427,1.1405069253348508,20
U1-RZ-XY-line,8,0.03,10000,linearized_shots_for_snr1,physical_over_aligned,1.2566850688124969,1.2290626443842436,1.2860303636619974,20
U1-RZ-XY-line,8,0.03,10000,actual_retention,random_over_physical,0.06909681757087545,0.06534640822991186,0.07299780388808909,20
U1-RZ-XY-line,8,0.03,10000,expected_scalar_directional_grad2,random_over_physical,0.06726973149505151,0.06387599259226759,0.07092667801779833,20
U1-RZ-XY-line,8,0.03,10000,finite_difference_snr_mean,random_over_physical,0.2502507890971043,0.2419045155355775,0.25926508241554597,20
U1-RZ-XY-line,8,0.05,100,actual_retention,aligned_over_physical,1.2367534310742145,1.2146995201970612,1.2594144182288307,20
U1-RZ-XY-line,8,0.05,100,expected_scalar_directional_grad2,aligned_over_physical,1.2326656382877668,1.2099064570928255,1.2565177524484232,20
U1-RZ-XY-line,8,0.05,100,finite_difference_snr_mean,aligned_over_physical,1.10809072199398,1.0859485253473995,1.1304596801997007,20
U1-RZ-XY-line,8,0.05,100,linearized_shots_for_snr1,physical_over_aligned,1.235623676515699,1.212028084511775,1.260579118054769,20
U1-RZ-XY-line,8,0.05,100,actual_retention,random_over_physical,0.06593422599347518,0.06245146658803549,0.0697420662089146,20
U1-RZ-XY-line,8,0.05,100,expected_scalar_directional_grad2,random_over_physical,0.06398247946393298,0.06071906873545404,0.06746275664284979,20
U1-RZ-XY-line,8,0.05,100,finite_difference_snr_mean,random_over_physical,0.24320534379060782,0.23481385472058594,0.2526504516831494,20
U1-RZ-XY-line,8,0.05,1000,actual_retention,aligned_over_physical,1.2367534310742145,1.2149392137427373,1.2587163276597397,20
U1-RZ-XY-line,8,0.05,1000,expected_scalar_directional_grad2,aligned_over_physical,1.2326656382877668,1.2102780011181802,1.257226230395966,20
U1-RZ-XY-line,8,0.05,1000,finite_difference_snr_mean,aligned_over_physical,1.1080907219939806,1.0850630984380387,1.1305604853145859,20
U1-RZ-XY-line,8,0.05,1000,linearized_shots_for_snr1,physical_over_aligned,1.235623676515699,1.212025122564509,1.2608019404546447,20
U1-RZ-XY-line,8,0.05,1000,actual_retention,random_over_physical,0.06593422599347518,0.06243778424612468,0.06979131646367867,20
U1-RZ-XY-line,8,0.05,1000,expected_scalar_directional_grad2,random_over_physical,0.06398247946393298,0.06074912833933344,0.06745382085764806,20
U1-RZ-XY-line,8,0.05,1000,finite_difference_snr_mean,random_over_physical,0.24320534379061076,0.2344400972720801,0.25238752000404546,20
U1-RZ-XY-line,8,0.05,10000,actual_retention,aligned_over_physical,1.2367534310742145,1.2148720351777487,1.2595447413738026,20
U1-RZ-XY-line,8,0.05,10000,expected_scalar_directional_grad2,aligned_over_physical,1.2326656382877668,1.2103178175068094,1.25680158968877,20
U1-RZ-XY-line,8,0.05,10000,finite_difference_snr_mean,aligned_over_physical,1.1080907219939808,1.085550726043872,1.1300626080624074,20
U1-RZ-XY-line,8,0.05,10000,linearized_shots_for_snr1,physical_over_aligned,1.235623676515699,1.2121903095263347,1.2605569099428244,20
U1-RZ-XY-line,8,0.05,10000,actual_retention,random_over_physical,0.06593422599347518,0.062411938626029194,0.06975621622111268,20
U1-RZ-XY-line,8,0.05,10000,expected_scalar_directional_grad2,random_over_physical,0.06398247946393298,0.06072536007678403,0.0674653091619212,20
U1-RZ-XY-line,8,0.05,10000,finite_difference_snr_mean,random_over_physical,0.24320534379061107,0.23484652162029498,0.2525025200567297,20
U1-RZ-XY-line,10,0.0,100,actual_retention,aligned_over_physical,1.1820603554302183,1.1513396229726667,1.2137113822145735,20
U1-RZ-XY-line,10,0.0,100,expected_scalar_directional_grad2,aligned_over_physical,1.1886762988291384,1.156937216511201,1.2223899469816926,20
U1-RZ-XY-line,10,0.0,100,finite_difference_snr_mean,aligned_over_physical,1.096820578406121,1.0544882027252485,1.1383165472842682,20
U1-RZ-XY-line,10,0.0,100,linearized_shots_for_snr1,physical_over_aligned,1.189356747681802,1.156250880058236,1.2254317336746083,20
U1-RZ-XY-line,10,0.0,100,actual_retention,random_over_physical,0.10191859184430692,0.09699336618847477,0.10712703771385373,20
U1-RZ-XY-line,10,0.0,100,expected_scalar_directional_grad2,random_over_physical,0.09981924481629333,0.09513127666250346,0.10502204269973517,20
U1-RZ-XY-line,10,0.0,100,finite_difference_snr_mean,random_over_physical,0.31380762851109484,0.29507023589658055,0.3330187288405558,20
U1-RZ-XY-line,10,0.0,1000,actual_retention,aligned_over_physical,1.1820603554302183,1.1511361798139292,1.2143780143506373,20
U1-RZ-XY-line,10,0.0,1000,expected_scalar_directional_grad2,aligned_over_physical,1.1886762988291384,1.1568699492419015,1.2225871731761204,20
U1-RZ-XY-line,10,0.0,1000,finite_difference_snr_mean,aligned_over_physical,1.0968205784061211,1.0532589171638842,1.1376718434685666,20
U1-RZ-XY-line,10,0.0,1000,linearized_shots_for_snr1,physical_over_aligned,1.189356747681802,1.1566295185339848,1.2250256225040486,20
U1-RZ-XY-line,10,0.0,1000,actual_retention,random_over_physical,0.10191859184430692,0.09689157316813173,0.10714331349211068,20
U1-RZ-XY-line,10,0.0,1000,expected_scalar_directional_grad2,random_over_physical,0.09981924481629333,0.09510857930030965,0.10493137614921598,20
U1-RZ-XY-line,10,0.0,1000,finite_difference_snr_mean,random_over_physical,0.31380762851109495,0.2952998240007953,0.33256722777864933,20
U1-RZ-XY-line,10,0.0,10000,actual_retention,aligned_over_physical,1.1820603554302183,1.151267375795694,1.2141271226375794,20
U1-RZ-XY-line,10,0.0,10000,expected_scalar_directional_grad2,aligned_over_physical,1.1886762988291384,1.1570525213747354,1.2223125806840216,20
U1-RZ-XY-line,10,0.0,10000,finite_difference_snr_mean,aligned_over_physical,1.096820578406121,1.0539197010345358,1.1382218110647475,20
U1-RZ-XY-line,10,0.0,10000,linearized_shots_for_snr1,physical_over_aligned,1.189356747681802,1.1568569872636678,1.2247880480038504,20
U1-RZ-XY-line,10,0.0,10000,actual_retention,random_over_physical,0.10191859184430692,0.09707021018095888,0.10714598819101505,20
U1-RZ-XY-line,10,0.0,10000,expected_scalar_directional_grad2,random_over_physical,0.09981924481629333,0.09502776579137866,0.10488318578511563,20
U1-RZ-XY-line,10,0.0,10000,finite_difference_snr_mean,random_over_physical,0.31380762851109495,0.29461330208573916,0.33274414424940557,20
U1-RZ-XY-line,10,0.01,100,actual_retention,aligned_over_physical,1.265497780834361,1.2361947286732005,1.2948171257619523,20
U1-RZ-XY-line,10,0.01,100,expected_scalar_directional_grad2,aligned_over_physical,1.269207977525236,1.2387036906363071,1.2998346294039353,20
U1-RZ-XY-line,10,0.01,100,finite_difference_snr_mean,aligned_over_physical,1.1420735848967571,1.0997859860371701,1.1838012214969278,20
U1-RZ-XY-line,10,0.01,100,linearized_shots_for_snr1,physical_over_aligned,1.2704382762609907,1.2397871222973091,1.3018784685753284,20
U1-RZ-XY-line,10,0.01,100,actual_retention,random_over_physical,0.02679700743558746,0.025649299207980557,0.027973065130117963,20
U1-RZ-XY-line,10,0.01,100,expected_scalar_directional_grad2,random_over_physical,0.02628693315916995,0.025095694461269698,0.027514925606079724,20
U1-RZ-XY-line,10,0.01,100,finite_difference_snr_mean,random_over_physical,0.1609893655570195,0.15304006917587237,0.16857631417526014,20
U1-RZ-XY-line,10,0.01,1000,actual_retention,aligned_over_physical,1.265497780834361,1.2357673039185388,1.295227194287656,20
U1-RZ-XY-line,10,0.01,1000,expected_scalar_directional_grad2,aligned_over_physical,1.269207977525236,1.2387879092727714,1.299559516685417,20
U1-RZ-XY-line,10,0.01,1000,finite_difference_snr_mean,aligned_over_physical,1.1420735848967567,1.0996872504347195,1.1824052688992917,20
U1-RZ-XY-line,10,0.01,1000,linearized_shots_for_snr1,physical_over_aligned,1.2704382762609907,1.2398104158557306,1.3019748537863134,20
U1-RZ-XY-line,10,0.01,1000,actual_retention,random_over_physical,0.02679700743558746,0.025624437071101205,0.02797861609671219,20
U1-RZ-XY-line,10,0.01,1000,expected_scalar_directional_grad2,random_over_physical,0.02628693315916995,0.025122241074054447,0.027495894305248757,20
U1-RZ-XY-line,10,0.01,1000,finite_difference_snr_mean,random_over_physical,0.1609893655570208,0.15316257747434234,0.16862333679935856,20
U1-RZ-XY-line,10,0.01,10000,actual_retention,aligned_over_physical,1.265497780834361,1.2366095729119895,1.2943229602260167,20
U1-RZ-XY-line,10,0.01,10000,expected_scalar_directional_grad2,aligned_over_physical,1.269207977525236,1.2387495551814793,1.3003230094811833,20
U1-RZ-XY-line,10,0.01,10000,finite_difference_snr_mean,aligned_over_physical,1.1420735848967567,1.1009085312591813,1.1843322197290451,20
U1-RZ-XY-line,10,0.01,10000,linearized_shots_for_snr1,physical_over_aligned,1.2704382762609907,1.2403847220968989,1.3019479258009083,20
U1-RZ-XY-line,10,0.01,10000,actual_retention,random_over_physical,0.02679700743558746,0.02562443188719958,0.027952799876239286,20
U1-RZ-XY-line,10,0.01,10000,expected_scalar_directional_grad2,random_over_physical,0.02628693315916995,0.025105797643710476,0.027489587917024622,20
U1-RZ-XY-line,10,0.01,10000,finite_difference_snr_mean,random_over_physical,0.16098936555702154,0.1531360406207461,0.16860332839532183,20
U1-RZ-XY-line,10,0.03,100,actual_retention,aligned_over_physical,1.2237214430216048,1.1989673200650603,1.2483001819977706,20
U1-RZ-XY-line,10,0.03,100,expected_scalar_directional_grad2,aligned_over_physical,1.2245379910416143,1.1991854454660564,1.2499349024830235,20
U1-RZ-XY-line,10,0.03,100,finite_difference_snr_mean,aligned_over_physical,1.1225427157583021,1.0866007758556704,1.1574680517440223,20
U1-RZ-XY-line,10,0.03,100,linearized_shots_for_snr1,physical_over_aligned,1.2253542918153522,1.1993527570570977,1.2509605208402244,20
U1-RZ-XY-line,10,0.03,100,actual_retention,random_over_physical,0.02474799448648226,0.023689016209489943,0.02583396741432854,20
U1-RZ-XY-line,10,0.03,100,expected_scalar_directional_grad2,random_over_physical,0.024181860184197497,0.023018439945598313,0.025288230264719203,20
U1-RZ-XY-line,10,0.03,100,finite_difference_snr_mean,random_over_physical,0.1554219608021365,0.14788769183633127,0.16242754635347326,20
U1-RZ-XY-line,10,0.03,1000,actual_retention,aligned_over_physical,1.2237214430216048,1.1994719981549589,1.2484692150458645,20
U1-RZ-XY-line,10,0.03,1000,expected_scalar_directional_grad2,aligned_over_physical,1.2245379910416143,1.1988586901750267,1.2499969796209303,20
U1-RZ-XY-line,10,0.03,1000,finite_difference_snr_mean,aligned_over_physical,1.1225427157583032,1.0860752506809372,1.1574558848017702,20
U1-RZ-XY-line,10,0.03,1000,linearized_shots_for_snr1,physical_over_aligned,1.2253542918153522,1.1996502819825057,1.2513378683148717,20
U1-RZ-XY-line,10,0.03,1000,actual_retention,random_over_physical,0.02474799448648226,0.02368129090725186,0.02581433602450641,20
U1-RZ-XY-line,10,0.03,1000,expected_scalar_directional_grad2,random_over_physical,0.024181860184197497,0.023067122370603554,0.025311772723509797,20
U1-RZ-XY-line,10,0.03,1000,finite_difference_snr_mean,random_over_physical,0.15542196080213933,0.1478388907729473,0.16241992917375958,20
U1-RZ-XY-line,10,0.03,10000,actual_retention,aligned_over_physical,1.2237214430216048,1.1992275497257288,1.2485888412555635,20
U1-RZ-XY-line,10,0.03,10000,expected_scalar_directional_grad2,aligned_over_physical,1.2245379910416143,1.199335715254181,1.2500209902586978,20
U1-RZ-XY-line,10,0.03,10000,finite_difference_snr_mean,aligned_over_physical,1.1225427157583023,1.086650517952513,1.1571992759793606,20
U1-RZ-XY-line,10,0.03,10000,linearized_shots_for_snr1,physical_over_aligned,1.2253542918153522,1.2003380107597503,1.2513410093515065,20
U1-RZ-XY-line,10,0.03,10000,actual_retention,random_over_physical,0.02474799448648226,0.023684227611494427,0.025808478703846373,20
U1-RZ-XY-line,10,0.03,10000,expected_scalar_directional_grad2,random_over_physical,0.024181860184197497,0.023059370309176767,0.02528981410364559,20
U1-RZ-XY-line,10,0.03,10000,finite_difference_snr_mean,random_over_physical,0.15542196080214005,0.1478104509956958,0.16266893380072428,20
U1-RZ-XY-line,10,0.05,100,actual_retention,aligned_over_physical,1.189009632275669,1.167975443657615,1.2100981252770766,20
U1-RZ-XY-line,10,0.05,100,expected_scalar_directional_grad2,aligned_over_physical,1.18727797441415,1.1672297804301046,1.2080101021548437,20
U1-RZ-XY-line,10,0.05,100,finite_difference_snr_mean,aligned_over_physical,1.102944165841301,1.0715887349023996,1.13221265287749,20
U1-RZ-XY-line,10,0.05,100,linearized_shots_for_snr1,physical_over_aligned,1.187757212582314,1.166467932410495,1.209210044177711,20
U1-RZ-XY-line,10,0.05,100,actual_retention,random_over_physical,0.02266314626612988,0.02168764384210018,0.023632013051588338,20
U1-RZ-XY-line,10,0.05,100,expected_scalar_directional_grad2,random_over_physical,0.022059667066947803,0.021030112292375974,0.023052198683341702,20
U1-RZ-XY-line,10,0.05,100,finite_difference_snr_mean,random_over_physical,0.14906748148377638,0.14197422609711408,0.15573906132324916,20
U1-RZ-XY-line,10,0.05,1000,actual_retention,aligned_over_physical,1.189009632275669,1.168118310668666,1.209873440634838,20
U1-RZ-XY-line,10,0.05,1000,expected_scalar_directional_grad2,aligned_over_physical,1.18727797441415,1.1669790689115171,1.2079109596166007,20
U1-RZ-XY-line,10,0.05,1000,finite_difference_snr_mean,aligned_over_physical,1.1029441658413006,1.0716756540486545,1.1324674965824537,20
U1-RZ-XY-line,10,0.05,1000,linearized_shots_for_snr1,physical_over_aligned,1.187757212582314,1.166618412304715,1.2092364642792486,20
U1-RZ-XY-line,10,0.05,1000,actual_retention,random_over_physical,0.02266314626612988,0.021670750799967903,0.0235892617076089,20
U1-RZ-XY-line,10,0.05,1000,expected_scalar_directional_grad2,random_over_physical,0.022059667066947803,0.021021775203057685,0.023069609289553476,20
U1-RZ-XY-line,10,0.05,1000,finite_difference_snr_mean,random_over_physical,0.149067481483778,0.141783758791594,0.15564929196640603,20
U1-RZ-XY-line,10,0.05,10000,actual_retention,aligned_over_physical,1.189009632275669,1.1680297863922524,1.2092260404906026,20
U1-RZ-XY-line,10,0.05,10000,expected_scalar_directional_grad2,aligned_over_physical,1.18727797441415,1.1664299478132845,1.2084515106844467,20
U1-RZ-XY-line,10,0.05,10000,finite_difference_snr_mean,aligned_over_physical,1.1029441658413006,1.0722902617066383,1.1329034958894972,20
U1-RZ-XY-line,10,0.05,10000,linearized_shots_for_snr1,physical_over_aligned,1.187757212582314,1.166421439111814,1.2098221292612992,20
U1-RZ-XY-line,10,0.05,10000,actual_retention,random_over_physical,0.02266314626612988,0.02165668483354219,0.02363645415598425,20
U1-RZ-XY-line,10,0.05,10000,expected_scalar_directional_grad2,random_over_physical,0.022059667066947803,0.021005661614063743,0.023062575589946253,20
U1-RZ-XY-line,10,0.05,10000,finite_difference_snr_mean,random_over_physical,0.1490674814837787,0.14206164136499516,0.15570291863726482,20
U1-RZ-XY-line,12,0.0,100,actual_retention,aligned_over_physical,1.2027143733893142,1.1782552877025474,1.2280006347483956,20
U1-RZ-XY-line,12,0.0,100,expected_scalar_directional_grad2,aligned_over_physical,1.2097727856056972,1.1860439374576843,1.2334766195421045,20
U1-RZ-XY-line,12,0.0,100,finite_difference_snr_mean,aligned_over_physical,1.1116140355619117,1.0827789909437973,1.1426265604476218,20
U1-RZ-XY-line,12,0.0,100,linearized_shots_for_snr1,physical_over_aligned,1.2121715567228597,1.187790953758055,1.236965973019952,20
U1-RZ-XY-line,12,0.0,100,actual_retention,random_over_physical,0.04045469681518963,0.038905019454082285,0.041913506424429196,20
U1-RZ-XY-line,12,0.0,100,expected_scalar_directional_grad2,random_over_physical,0.0397534814449346,0.0381862683766709,0.041286622388132306,20
U1-RZ-XY-line,12,0.0,100,finite_difference_snr_mean,random_over_physical,0.2047447044971816,0.19582875558606666,0.21408250283123614,20
U1-RZ-XY-line,12,0.0,1000,actual_retention,aligned_over_physical,1.2027143733893142,1.1782526293467883,1.2281196296989203,20
U1-RZ-XY-line,12,0.0,1000,expected_scalar_directional_grad2,aligned_over_physical,1.2097727856056972,1.1868593937823315,1.2340588575725613,20
U1-RZ-XY-line,12,0.0,1000,finite_difference_snr_mean,aligned_over_physical,1.111614035561912,1.0822980006719065,1.1429055567129094,20
U1-RZ-XY-line,12,0.0,1000,linearized_shots_for_snr1,physical_over_aligned,1.2121715567228597,1.187748053368547,1.2376540899537178,20
U1-RZ-XY-line,12,0.0,1000,actual_retention,random_over_physical,0.04045469681518963,0.038925101743214584,0.04191598039635455,20
U1-RZ-XY-line,12,0.0,1000,expected_scalar_directional_grad2,random_over_physical,0.0397534814449346,0.03820630550883873,0.04132677844199819,20
U1-RZ-XY-line,12,0.0,1000,finite_difference_snr_mean,random_over_physical,0.20474470449718155,0.19565423546867333,0.21418141096734097,20
U1-RZ-XY-line,12,0.0,10000,actual_retention,aligned_over_physical,1.2027143733893142,1.1777477210208154,1.2275898529460736,20
U1-RZ-XY-line,12,0.0,10000,expected_scalar_directional_grad2,aligned_over_physical,1.2097727856056972,1.1865869411077632,1.2339706012240694,20
U1-RZ-XY-line,12,0.0,10000,finite_difference_snr_mean,aligned_over_physical,1.111614035561912,1.0829858312369802,1.1437282884310391,20
U1-RZ-XY-line,12,0.0,10000,linearized_shots_for_snr1,physical_over_aligned,1.2121715567228597,1.1872380095889516,1.237179743134388,20
U1-RZ-XY-line,12,0.0,10000,actual_retention,random_over_physical,0.04045469681518963,0.03892472411612333,0.04193026499361379,20
U1-RZ-XY-line,12,0.0,10000,expected_scalar_directional_grad2,random_over_physical,0.0397534814449346,0.03822735447017505,0.041253632675409574,20
U1-RZ-XY-line,12,0.0,10000,finite_difference_snr_mean,random_over_physical,0.20474470449718166,0.19563508280966077,0.2139917248831241,20
U1-RZ-XY-line,12,0.01,100,actual_retention,aligned_over_physical,1.2594946550804416,1.2357039406100976,1.284334238244888,20
U1-RZ-XY-line,12,0.01,100,expected_scalar_directional_grad2,aligned_over_physical,1.2643581216019641,1.2416769984111669,1.2877487827779892,20
U1-RZ-XY-line,12,0.01,100,finite_difference_snr_mean,aligned_over_physical,1.1351618762715332,1.1095456203591247,1.1625381227456824,20
U1-RZ-XY-line,12,0.01,100,linearized_shots_for_snr1,physical_over_aligned,1.266684835349364,1.243360219666481,1.2912743579759236,20
U1-RZ-XY-line,12,0.01,100,actual_retention,random_over_physical,0.009515632613252396,0.008998533549071649,0.010083832195596831,20
U1-RZ-XY-line,12,0.01,100,expected_scalar_directional_grad2,random_over_physical,0.009335842550974426,0.008835900628175788,0.009876935673514883,20
U1-RZ-XY-line,12,0.01,100,finite_difference_snr_mean,random_over_physical,0.1002250191962844,0.09687770996931631,0.1035842149734658,20
U1-RZ-XY-line,12,0.01,1000,actual_retention,aligned_over_physical,1.2594946550804416,1.236112943643321,1.2839584069301981,20
U1-RZ-XY-line,12,0.01,1000,expected_scalar_directional_grad2,aligned_over_physical,1.2643581216019641,1.2421212689238061,1.2872429831025864,20
U1-RZ-XY-line,12,0.01,1000,finite_difference_snr_mean,aligned_over_physical,1.135161876271534,1.1093695351173707,1.1627197284331965,20
U1-RZ-XY-line,12,0.01,1000,linearized_shots_for_snr1,physical_over_aligned,1.266684835349364,1.2434490381141883,1.2909273969731045,20
U1-RZ-XY-line,12,0.01,1000,actual_retention,random_over_physical,0.009515632613252396,0.008990101579160704,0.01007874581578842,20
U1-RZ-XY-line,12,0.01,1000,expected_scalar_directional_grad2,random_over_physical,0.009335842550974426,0.008838899093081701,0.009872817955281624,20
U1-RZ-XY-line,12,0.01,1000,finite_difference_snr_mean,random_over_physical,0.10022501919628704,0.09686932510185309,0.10354069061034142,20
U1-RZ-XY-line,12,0.01,10000,actual_retention,aligned_over_physical,1.2594946550804416,1.2364239728775777,1.2844127420496059,20
U1-RZ-XY-line,12,0.01,10000,expected_scalar_directional_grad2,aligned_over_physical,1.2643581216019641,1.2423464758261038,1.287170640117432,20
U1-RZ-XY-line,12,0.01,10000,finite_difference_snr_mean,aligned_over_physical,1.1351618762715332,1.1091229342884161,1.162530760226324,20
U1-RZ-XY-line,12,0.01,10000,linearized_shots_for_snr1,physical_over_aligned,1.266684835349364,1.2434147564812417,1.2913629198665884,20
U1-RZ-XY-line,12,0.01,10000,actual_retention,random_over_physical,0.009515632613252396,0.008982870914209438,0.010088474464041378,20
U1-RZ-XY-line,12,0.01,10000,expected_scalar_directional_grad2,random_over_physical,0.009335842550974426,0.008839655627910161,0.00987987518803528,20
U1-RZ-XY-line,12,0.01,10000,finite_difference_snr_mean,random_over_physical,0.10022501919628758,0.096876442206727,0.10360014664325856,20
U1-RZ-XY-line,12,0.03,100,actual_retention,aligned_over_physical,1.1989985664942295,1.1800786067923728,1.2190697926160712,20
U1-RZ-XY-line,12,0.03,100,expected_scalar_directional_grad2,aligned_over_physical,1.2010105994873386,1.1829072428765068,1.2198779771716939,20
U1-RZ-XY-line,12,0.03,100,finite_difference_snr_mean,aligned_over_physical,1.1041330498220938,1.0815281732216337,1.1267111122062456,20
U1-RZ-XY-line,12,0.03,100,linearized_shots_for_snr1,physical_over_aligned,1.202896224036535,1.1840858680680713,1.2231799786145165,20
U1-RZ-XY-line,12,0.03,100,actual_retention,random_over_physical,0.00857784527805358,0.008121116877607325,0.009074784362257976,20
U1-RZ-XY-line,12,0.03,100,expected_scalar_directional_grad2,random_over_physical,0.008375444710476885,0.007947066632581913,0.008864382547540971,20
U1-RZ-XY-line,12,0.03,100,finite_difference_snr_mean,random_over_physical,0.09457986060911426,0.09146588848524219,0.09774525867787995,20
U1-RZ-XY-line,12,0.03,1000,actual_retention,aligned_over_physical,1.1989985664942295,1.180521014868727,1.218794247758023,20
U1-RZ-XY-line,12,0.03,1000,expected_scalar_directional_grad2,aligned_over_physical,1.2010105994873386,1.1830590055622974,1.2196367777353452,20
U1-RZ-XY-line,12,0.03,1000,finite_difference_snr_mean,aligned_over_physical,1.1041330498220945,1.082044116802782,1.1274850128371878,20
U1-RZ-XY-line,12,0.03,1000,linearized_shots_for_snr1,physical_over_aligned,1.202896224036535,1.1834715966338631,1.2228588666935805,20
U1-RZ-XY-line,12,0.03,1000,actual_retention,random_over_physical,0.00857784527805358,0.00812315676760312,0.009069845874005864,20
U1-RZ-XY-line,12,0.03,1000,expected_scalar_directional_grad2,random_over_physical,0.008375444710476885,0.007949854134722139,0.008840200447432582,20
U1-RZ-XY-line,12,0.03,1000,finite_difference_snr_mean,random_over_physical,0.09457986060911726,0.09135757569653315,0.0975710450913961,20
U1-RZ-XY-line,12,0.03,10000,actual_retention,aligned_over_physical,1.1989985664942295,1.179678426580073,1.219624256211758,20
U1-RZ-XY-line,12,0.03,10000,expected_scalar_directional_grad2,aligned_over_physical,1.2010105994873386,1.1833213404527687,1.2203222840772772,20
U1-RZ-XY-line,12,0.03,10000,finite_difference_snr_mean,aligned_over_physical,1.1041330498220936,1.0817201189609975,1.1263511940662485,20
U1-RZ-XY-line,12,0.03,10000,linearized_shots_for_snr1,physical_over_aligned,1.202896224036535,1.1836842207798526,1.2231844332236497,20
U1-RZ-XY-line,12,0.03,10000,actual_retention,random_over_physical,0.00857784527805358,0.008117593433534711,0.009079457062526521,20
U1-RZ-XY-line,12,0.03,10000,expected_scalar_directional_grad2,random_over_physical,0.008375444710476885,0.007945432038832289,0.0088439395977384,20
U1-RZ-XY-line,12,0.03,10000,finite_difference_snr_mean,random_over_physical,0.09457986060911816,0.0914883967319742,0.09767080495838705,20
U1-RZ-XY-line,12,0.05,100,actual_retention,aligned_over_physical,1.1498823512535954,1.134414236699025,1.1660255163830864,20
U1-RZ-XY-line,12,0.05,100,expected_scalar_directional_grad2,aligned_over_physical,1.1497395495240024,1.1348426380758094,1.1651850320690267,20
U1-RZ-XY-line,12,0.05,100,finite_difference_snr_mean,aligned_over_physical,1.079427833510589,1.058487153609658,1.0996781985459478,20
U1-RZ-XY-line,12,0.05,100,linearized_shots_for_snr1,physical_over_aligned,1.151027286334995,1.1351522791696558,1.167709857393116,20
U1-RZ-XY-line,12,0.05,100,actual_retention,random_over_physical,0.00768693764799045,0.007313217949177663,0.008107648149871298,20
U1-RZ-XY-line,12,0.05,100,expected_scalar_directional_grad2,random_over_physical,0.007471382383151146,0.007112023559417562,0.00787379883951178,20
U1-RZ-XY-line,12,0.05,100,finite_difference_snr_mean,random_over_physical,0.08892886614501724,0.085996053305157,0.09177601209829749,20
U1-RZ-XY-line,12,0.05,1000,actual_retention,aligned_over_physical,1.1498823512535954,1.1346195674186366,1.165678389355646,20
U1-RZ-XY-line,12,0.05,1000,expected_scalar_directional_grad2,aligned_over_physical,1.1497395495240024,1.1349221448373525,1.1651601843800543,20
U1-RZ-XY-line,12,0.05,1000,finite_difference_snr_mean,aligned_over_physical,1.0794278335105894,1.0589170678475337,1.0996279030396172,20
U1-RZ-XY-line,12,0.05,1000,linearized_shots_for_snr1,physical_over_aligned,1.151027286334995,1.1352384943372154,1.1673878821060628,20
U1-RZ-XY-line,12,0.05,1000,actual_retention,random_over_physical,0.00768693764799045,0.007302065321242438,0.008097928552593251,20
U1-RZ-XY-line,12,0.05,1000,expected_scalar_directional_grad2,random_over_physical,0.007471382383151146,0.007100407210270682,0.00787917041326448,20
U1-RZ-XY-line,12,0.05,1000,finite_difference_snr_mean,random_over_physical,0.08892886614502042,0.08605299236709106,0.09185671849691514,20
U1-RZ-XY-line,12,0.05,10000,actual_retention,aligned_over_physical,1.1498823512535954,1.1350041591628466,1.1662752968778454,20
U1-RZ-XY-line,12,0.05,10000,expected_scalar_directional_grad2,aligned_over_physical,1.1497395495240024,1.134897332552021,1.1652043081738603,20
U1-RZ-XY-line,12,0.05,10000,finite_difference_snr_mean,aligned_over_physical,1.079427833510589,1.0588324966309606,1.0993925766840185,20
U1-RZ-XY-line,12,0.05,10000,linearized_shots_for_snr1,physical_over_aligned,1.151027286334995,1.1352250381146831,1.1677121502387997,20
U1-RZ-XY-line,12,0.05,10000,actual_retention,random_over_physical,0.00768693764799045,0.0073055294338627555,0.008107694571639327,20
U1-RZ-XY-line,12,0.05,10000,expected_scalar_directional_grad2,random_over_physical,0.007471382383151146,0.007113086436015631,0.007872851308010376,20
U1-RZ-XY-line,12,0.05,10000,finite_difference_snr_mean,random_over_physical,0.08892886614502135,0.0860298663717459,0.09182776516101435,20
