profile,job_id,circuit_id,tangent_count_used,eigen_index,eigenvalue
v2_spectrum,SU2-HaarU4-brickwork|n8|d48|i6|dir=gaussian|basis=Z|eta=0,SU2-HaarU4-brickwork|n8|d48|i6,512,1,0.021834386699603768
v2_spectrum,SU2-HaarU4-brickwork|n8|d48|i6|dir=gaussian|basis=Z|eta=0,SU2-HaarU4-brickwork|n8|d48|i6,512,2,0.020844096018862168
v2_spectrum,SU2-HaarU4-brickwork|n8|d48|i6|dir=gaussian|basis=Z|eta=0,SU2-HaarU4-brickwork|n8|d48|i6,512,3,0.019454805850398153
v2_spectrum,SU2-HaarU4-brickwork|n8|d48|i6|dir=gaussian|basis=Z|eta=0,SU2-HaarU4-brickwork|n8|d48|i6,512,4,0.018906231113641783
v2_spectrum,SU2-HaarU4-brickwork|n8|d48|i6|dir=gaussian|basis=Z|eta=0,SU2-HaarU4-brickwork|n8|d48|i6,512,5,0.01841385004401929
v2_spectrum,SU2-HaarU4-brickwork|n8|d48|i6|dir=gaussian|basis=Z|eta=0,SU2-HaarU4-brickwork|n8|d48|i6,512,6,0.017704387414333535
v2_spectrum,SU2-HaarU4-brickwork|n8|d48|i6|dir=gaussian|basis=Z|eta=0,SU2-HaarU4-brickwork|n8|d48|i6,512,7,0.017273322685294447
v2_spectrum,SU2-HaarU4-brickwork|n8|d48|i6|dir=gaussian|basis=Z|eta=0,SU2-HaarU4-brickwork|n8|d48|i6,512,8,0.01657487268665281
v2_spectrum,SU2-HaarU4-brickwork|n8|d48|i6|dir=gaussian|basis=Z|eta=0,SU2-HaarU4-brickwork|n8|d48|i6,512,9,0.01623019056572458
v2_spectrum,SU2-HaarU4-brickwork|n8|d48|i6|dir=gaussian|basis=Z|eta=0,SU2-HaarU4-brickwork|n8|d48|i6,512,10,0.01587998050500119
v2_spectrum,SU2-HaarU4-brickwork|n8|d48|i6|dir=gaussian|basis=Z|eta=0,SU2-HaarU4-brickwork|n8|d48|i6,512,11,0.015098712993445165
v2_spectrum,SU2-HaarU4-brickwork|n8|d48|i6|dir=gaussian|basis=Z|eta=0,SU2-HaarU4-brickwork|n8|d48|i6,512,12,0.014534294806454157
v2_spectrum,SU2-HaarU4-brickwork|n8|d48|i6|dir=gaussian|basis=Z|eta=0,SU2-HaarU4-brickwork|n8|d48|i6,512,13,0.014419889782074086
v2_spectrum,SU2-HaarU4-brickwork|n8|d48|i6|dir=gaussian|basis=Z|eta=0,SU2-HaarU4-brickwork|n8|d48|i6,512,14,0.013856952990449586
v2_spectrum,SU2-HaarU4-brickwork|n8|d48|i6|dir=gaussian|basis=Z|eta=0,SU2-HaarU4-brickwork|n8|d48|i6,512,15,0.013498316868503467
v2_spectrum,SU2-HaarU4-brickwork|n8|d48|i6|dir=gaussian|basis=Z|eta=0,SU2-HaarU4-brickwork|n8|d48|i6,512,16,0.013334162831386153
v2_spectrum,SU2-HaarU4-brickwork|n8|d48|i6|dir=gaussian|basis=Z|eta=0,SU2-HaarU4-brickwork|n8|d48|i6,512,17,0.013204871430981965
v2_spectrum,SU2-HaarU4-brickwork|n8|d48|i6|dir=gaussian|basis=Z|eta=0,SU2-HaarU4-brickwork|n8|d48|i6,512,18,0.012915639452226225
v2_spectrum,SU2-HaarU4-brickwork|n8|d48|i6|dir=gaussian|basis=Z|eta=0,SU2-HaarU4-brickwork|n8|d48|i6,512,19,0.012785178028199498
v2_spectrum,SU2-HaarU4-brickwork|n8|d48|i6|dir=gaussian|basis=Z|eta=0,SU2-HaarU4-brickwork|n8|d48|i6,512,20,0.012391787952632365
v2_spectrum,SU2-HaarU4-brickwork|n8|d48|i6|dir=gaussian|basis=Z|eta=0,SU2-HaarU4-brickwork|n8|d48|i6,512,21,0.012218700295946688
v2_spectrum,SU2-HaarU4-brickwork|n8|d48|i6|dir=gaussian|basis=Z|eta=0,SU2-HaarU4-brickwork|n8|d48|i6,512,22,0.011838605807767908
v2_spectrum,SU2-HaarU4-brickwork|n8|d48|i6|dir=gaussian|basis=Z|eta=0,SU2-HaarU4-brickwork|n8|d48|i6,512,23,0.011642245651449216
v2_spectrum,SU2-HaarU4-brickwork|n8|d48|i6|dir=gaussian|basis=Z|eta=0,SU2-HaarU4-brickwork|n8|d48|i6,512,24,0.011512968684368909
v2_spectrum,SU2-HaarU4-brickwork|n8|d48|i6|dir=gaussian|basis=Z|eta=0,SU2-HaarU4-brickwork|n8|d48|i6,512,25,0.011056119331962337
v2_spectrum,SU2-HaarU4-brickwork|n8|d48|i6|dir=gaussian|basis=Z|eta=0,SU2-HaarU4-brickwork|n8|d48|i6,512,26,0.01093603386589801
v2_spectrum,SU2-HaarU4-brickwork|n8|d48|i6|dir=gaussian|basis=Z|eta=0,SU2-HaarU4-brickwork|n8|d48|i6,512,27,0.010853463932559348
v2_spectrum,SU2-HaarU4-brickwork|n8|d48|i6|dir=gaussian|basis=Z|eta=0,SU2-HaarU4-brickwork|n8|d48|i6,512,28,0.010372624483558305
v2_spectrum,SU2-HaarU4-brickwork|n8|d48|i6|dir=gaussian|basis=Z|eta=0,SU2-HaarU4-brickwork|n8|d48|i6,512,29,0.010320688127872343
v2_spectrum,SU2-HaarU4-brickwork|n8|d48|i6|dir=gaussian|basis=Z|eta=0,SU2-HaarU4-brickwork|n8|d48|i6,512,30,0.010005695403922744
v2_spectrum,SU2-HaarU4-brickwork|n8|d48|i6|dir=gaussian|basis=Z|eta=0,SU2-HaarU4-brickwork|n8|d48|i6,512,31,0.00984556424090866
v2_spectrum,SU2-HaarU4-brickwork|n8|d48|i6|dir=gaussian|basis=Z|eta=0,SU2-HaarU4-brickwork|n8|d48|i6,512,32,0.009450222855611177
v2_spectrum,SU2-HaarU4-brickwork|n8|d48|i6|dir=gaussian|basis=Z|eta=0,SU2-HaarU4-brickwork|n8|d48|i6,512,33,0.009305477439046986
v2_spectrum,SU2-HaarU4-brickwork|n8|d48|i6|dir=gaussian|basis=Z|eta=0,SU2-HaarU4-brickwork|n8|d48|i6,512,34,0.009251023825607104
v2_spectrum,SU2-HaarU4-brickwork|n8|d48|i6|dir=gaussian|basis=Z|eta=0,SU2-HaarU4-brickwork|n8|d48|i6,512,35,0.00906563452411202
v2_spectrum,SU2-HaarU4-brickwork|n8|d48|i6|dir=gaussian|basis=Z|eta=0,SU2-HaarU4-brickwork|n8|d48|i6,512,36,0.008950763009018875
v2_spectrum,SU2-HaarU4-brickwork|n8|d48|i6|dir=gaussian|basis=Z|eta=0,SU2-HaarU4-brickwork|n8|d48|i6,512,37,0.00879264673499282
v2_spectrum,SU2-HaarU4-brickwork|n8|d48|i6|dir=gaussian|basis=Z|eta=0,SU2-HaarU4-brickwork|n8|d48|i6,512,38,0.00866819710885352
v2_spectrum,SU2-HaarU4-brickwork|n8|d48|i6|dir=gaussian|basis=Z|eta=0,SU2-HaarU4-brickwork|n8|d48|i6,512,39,0.008497969693503424
v2_spectrum,SU2-HaarU4-brickwork|n8|d48|i6|dir=gaussian|basis=Z|eta=0,SU2-HaarU4-brickwork|n8|d48|i6,512,40,0.008253432311379144
v2_spectrum,SU2-HaarU4-brickwork|n8|d48|i6|dir=gaussian|basis=Z|eta=0,SU2-HaarU4-brickwork|n8|d48|i6,512,41,0.008079740515151108
v2_spectrum,SU2-HaarU4-brickwork|n8|d48|i6|dir=gaussian|basis=Z|eta=0,SU2-HaarU4-brickwork|n8|d48|i6,512,42,0.00799899417109528
v2_spectrum,SU2-HaarU4-brickwork|n8|d48|i6|dir=gaussian|basis=Z|eta=0,SU2-HaarU4-brickwork|n8|d48|i6,512,43,0.007858139210631837
v2_spectrum,SU2-HaarU4-brickwork|n8|d48|i6|dir=gaussian|basis=Z|eta=0,SU2-HaarU4-brickwork|n8|d48|i6,512,44,0.007772066303539939
v2_spectrum,SU2-HaarU4-brickwork|n8|d48|i6|dir=gaussian|basis=Z|eta=0,SU2-HaarU4-brickwork|n8|d48|i6,512,45,0.007687737824132825
v2_spectrum,SU2-HaarU4-brickwork|n8|d48|i6|dir=gaussian|basis=Z|eta=0,SU2-HaarU4-brickwork|n8|d48|i6,512,46,0.007600198348191272
v2_spectrum,SU2-HaarU4-brickwork|n8|d48|i6|dir=gaussian|basis=Z|eta=0,SU2-HaarU4-brickwork|n8|d48|i6,512,47,0.007367042364365666
v2_spectrum,SU2-HaarU4-brickwork|n8|d48|i6|dir=gaussian|basis=Z|eta=0,SU2-HaarU4-brickwork|n8|d48|i6,512,48,0.0072654359155814915
v2_spectrum,SU2-HaarU4-brickwork|n8|d48|i6|dir=gaussian|basis=Z|eta=0,SU2-HaarU4-brickwork|n8|d48|i6,512,49,0.0071737653963517365
v2_spectrum,SU2-HaarU4-brickwork|n8|d48|i6|dir=gaussian|basis=Z|eta=0,SU2-HaarU4-brickwork|n8|d48|i6,512,50,0.007104214311102369
v2_spectrum,SU2-HaarU4-brickwork|n8|d48|i6|dir=gaussian|basis=Z|eta=0,SU2-HaarU4-brickwork|n8|d48|i6,512,51,0.006939326120264613
v2_spectrum,SU2-HaarU4-brickwork|n8|d48|i6|dir=gaussian|basis=Z|eta=0,SU2-HaarU4-brickwork|n8|d48|i6,512,52,0.0069140466351061995
v2_spectrum,SU2-HaarU4-brickwork|n8|d48|i6|dir=gaussian|basis=Z|eta=0,SU2-HaarU4-brickwork|n8|d48|i6,512,53,0.0067631786621683
v2_spectrum,SU2-HaarU4-brickwork|n8|d48|i6|dir=gaussian|basis=Z|eta=0,SU2-HaarU4-brickwork|n8|d48|i6,512,54,0.006713825087125759
v2_spectrum,SU2-HaarU4-brickwork|n8|d48|i6|dir=gaussian|basis=Z|eta=0,SU2-HaarU4-brickwork|n8|d48|i6,512,55,0.006568975442435382
v2_spectrum,SU2-HaarU4-brickwork|n8|d48|i6|dir=gaussian|basis=Z|eta=0,SU2-HaarU4-brickwork|n8|d48|i6,512,56,0.00637924562662835
v2_spectrum,SU2-HaarU4-brickwork|n8|d48|i6|dir=gaussian|basis=Z|eta=0,SU2-HaarU4-brickwork|n8|d48|i6,512,57,0.006265810173301406
v2_spectrum,SU2-HaarU4-brickwork|n8|d48|i6|dir=gaussian|basis=Z|eta=0,SU2-HaarU4-brickwork|n8|d48|i6,512,58,0.0060718824267859154
v2_spectrum,SU2-HaarU4-brickwork|n8|d48|i6|dir=gaussian|basis=Z|eta=0,SU2-HaarU4-brickwork|n8|d48|i6,512,59,0.005938190650198285
v2_spectrum,SU2-HaarU4-brickwork|n8|d48|i6|dir=gaussian|basis=Z|eta=0,SU2-HaarU4-brickwork|n8|d48|i6,512,60,0.005915763117300339
v2_spectrum,SU2-HaarU4-brickwork|n8|d48|i6|dir=gaussian|basis=Z|eta=0,SU2-HaarU4-brickwork|n8|d48|i6,512,61,0.005771317107370886
v2_spectrum,SU2-HaarU4-brickwork|n8|d48|i6|dir=gaussian|basis=Z|eta=0,SU2-HaarU4-brickwork|n8|d48|i6,512,62,0.005705328673811426
v2_spectrum,SU2-HaarU4-brickwork|n8|d48|i6|dir=gaussian|basis=Z|eta=0,SU2-HaarU4-brickwork|n8|d48|i6,512,63,0.005516289251333152
v2_spectrum,SU2-HaarU4-brickwork|n8|d48|i6|dir=gaussian|basis=Z|eta=0,SU2-HaarU4-brickwork|n8|d48|i6,512,64,0.005469360311293187
v2_spectrum,SU2-HaarU4-brickwork|n8|d48|i6|dir=gaussian|basis=Z|eta=0,SU2-HaarU4-brickwork|n8|d48|i6,512,65,0.005369803688971216
v2_spectrum,SU2-HaarU4-brickwork|n8|d48|i6|dir=gaussian|basis=Z|eta=0,SU2-HaarU4-brickwork|n8|d48|i6,512,66,0.005290916849741105
v2_spectrum,SU2-HaarU4-brickwork|n8|d48|i6|dir=gaussian|basis=Z|eta=0,SU2-HaarU4-brickwork|n8|d48|i6,512,67,0.005185822308019185
v2_spectrum,SU2-HaarU4-brickwork|n8|d48|i6|dir=gaussian|basis=Z|eta=0,SU2-HaarU4-brickwork|n8|d48|i6,512,68,0.005108055720432553
v2_spectrum,SU2-HaarU4-brickwork|n8|d48|i6|dir=gaussian|basis=Z|eta=0,SU2-HaarU4-brickwork|n8|d48|i6,512,69,0.005079372685374034
v2_spectrum,SU2-HaarU4-brickwork|n8|d48|i6|dir=gaussian|basis=Z|eta=0,SU2-HaarU4-brickwork|n8|d48|i6,512,70,0.005018299177587605
v2_spectrum,SU2-HaarU4-brickwork|n8|d48|i6|dir=gaussian|basis=Z|eta=0,SU2-HaarU4-brickwork|n8|d48|i6,512,71,0.004966018687798917
v2_spectrum,SU2-HaarU4-brickwork|n8|d48|i6|dir=gaussian|basis=Z|eta=0,SU2-HaarU4-brickwork|n8|d48|i6,512,72,0.004875361482136094
v2_spectrum,SU2-HaarU4-brickwork|n8|d48|i6|dir=gaussian|basis=Z|eta=0,SU2-HaarU4-brickwork|n8|d48|i6,512,73,0.004836487352770149
v2_spectrum,SU2-HaarU4-brickwork|n8|d48|i6|dir=gaussian|basis=Z|eta=0,SU2-HaarU4-brickwork|n8|d48|i6,512,74,0.004775422524133989
v2_spectrum,SU2-HaarU4-brickwork|n8|d48|i6|dir=gaussian|basis=Z|eta=0,SU2-HaarU4-brickwork|n8|d48|i6,512,75,0.004579947854259915
v2_spectrum,SU2-HaarU4-brickwork|n8|d48|i6|dir=gaussian|basis=Z|eta=0,SU2-HaarU4-brickwork|n8|d48|i6,512,76,0.004509449878260053
v2_spectrum,SU2-HaarU4-brickwork|n8|d48|i6|dir=gaussian|basis=Z|eta=0,SU2-HaarU4-brickwork|n8|d48|i6,512,77,0.004456247487666277
v2_spectrum,SU2-HaarU4-brickwork|n8|d48|i6|dir=gaussian|basis=Z|eta=0,SU2-HaarU4-brickwork|n8|d48|i6,512,78,0.004334646272124001
v2_spectrum,SU2-HaarU4-brickwork|n8|d48|i6|dir=gaussian|basis=Z|eta=0,SU2-HaarU4-brickwork|n8|d48|i6,512,79,0.004264447884627596
v2_spectrum,SU2-HaarU4-brickwork|n8|d48|i6|dir=gaussian|basis=Z|eta=0,SU2-HaarU4-brickwork|n8|d48|i6,512,80,0.004194129803159048
v2_spectrum,SU2-HaarU4-brickwork|n8|d48|i6|dir=gaussian|basis=Z|eta=0,SU2-HaarU4-brickwork|n8|d48|i6,512,81,0.004115838250893011
v2_spectrum,SU2-HaarU4-brickwork|n8|d48|i6|dir=gaussian|basis=Z|eta=0,SU2-HaarU4-brickwork|n8|d48|i6,512,82,0.0040927836634093735
v2_spectrum,SU2-HaarU4-brickwork|n8|d48|i6|dir=gaussian|basis=Z|eta=0,SU2-HaarU4-brickwork|n8|d48|i6,512,83,0.004077232818158058
v2_spectrum,SU2-HaarU4-brickwork|n8|d48|i6|dir=gaussian|basis=Z|eta=0,SU2-HaarU4-brickwork|n8|d48|i6,512,84,0.004008065628913406
v2_spectrum,SU2-HaarU4-brickwork|n8|d48|i6|dir=gaussian|basis=Z|eta=0,SU2-HaarU4-brickwork|n8|d48|i6,512,85,0.0038632901385921873
v2_spectrum,SU2-HaarU4-brickwork|n8|d48|i6|dir=gaussian|basis=Z|eta=0,SU2-HaarU4-brickwork|n8|d48|i6,512,86,0.003820980726391996
v2_spectrum,SU2-HaarU4-brickwork|n8|d48|i6|dir=gaussian|basis=Z|eta=0,SU2-HaarU4-brickwork|n8|d48|i6,512,87,0.0037740385949885653
v2_spectrum,SU2-HaarU4-brickwork|n8|d48|i6|dir=gaussian|basis=Z|eta=0,SU2-HaarU4-brickwork|n8|d48|i6,512,88,0.003726004184402463
v2_spectrum,SU2-HaarU4-brickwork|n8|d48|i6|dir=gaussian|basis=Z|eta=0,SU2-HaarU4-brickwork|n8|d48|i6,512,89,0.0036970732577115088
v2_spectrum,SU2-HaarU4-brickwork|n8|d48|i6|dir=gaussian|basis=Z|eta=0,SU2-HaarU4-brickwork|n8|d48|i6,512,90,0.0036442321214390353
v2_spectrum,SU2-HaarU4-brickwork|n8|d48|i6|dir=gaussian|basis=Z|eta=0,SU2-HaarU4-brickwork|n8|d48|i6,512,91,0.003534934263291869
v2_spectrum,SU2-HaarU4-brickwork|n8|d48|i6|dir=gaussian|basis=Z|eta=0,SU2-HaarU4-brickwork|n8|d48|i6,512,92,0.0034778205581750214
v2_spectrum,SU2-HaarU4-brickwork|n8|d48|i6|dir=gaussian|basis=Z|eta=0,SU2-HaarU4-brickwork|n8|d48|i6,512,93,0.003448346524661482
v2_spectrum,SU2-HaarU4-brickwork|n8|d48|i6|dir=gaussian|basis=Z|eta=0,SU2-HaarU4-brickwork|n8|d48|i6,512,94,0.003341869839511334
v2_spectrum,SU2-HaarU4-brickwork|n8|d48|i6|dir=gaussian|basis=Z|eta=0,SU2-HaarU4-brickwork|n8|d48|i6,512,95,0.003324852052119055
v2_spectrum,SU2-HaarU4-brickwork|n8|d48|i6|dir=gaussian|basis=Z|eta=0,SU2-HaarU4-brickwork|n8|d48|i6,512,96,0.003268502586587181
v2_spectrum,SU2-HaarU4-brickwork|n8|d48|i6|dir=gaussian|basis=Z|eta=0,SU2-HaarU4-brickwork|n8|d48|i6,512,97,0.0032233843914522674
v2_spectrum,SU2-HaarU4-brickwork|n8|d48|i6|dir=gaussian|basis=Z|eta=0,SU2-HaarU4-brickwork|n8|d48|i6,512,98,0.003155407412707535
v2_spectrum,SU2-HaarU4-brickwork|n8|d48|i6|dir=gaussian|basis=Z|eta=0,SU2-HaarU4-brickwork|n8|d48|i6,512,99,0.003116311190242217
v2_spectrum,SU2-HaarU4-brickwork|n8|d48|i6|dir=gaussian|basis=Z|eta=0,SU2-HaarU4-brickwork|n8|d48|i6,512,100,0.003100966633910246
v2_spectrum,SU2-HaarU4-brickwork|n8|d48|i6|dir=gaussian|basis=Z|eta=0,SU2-HaarU4-brickwork|n8|d48|i6,512,101,0.003037252839955151
v2_spectrum,SU2-HaarU4-brickwork|n8|d48|i6|dir=gaussian|basis=Z|eta=0,SU2-HaarU4-brickwork|n8|d48|i6,512,102,0.0030045689154076074
v2_spectrum,SU2-HaarU4-brickwork|n8|d48|i6|dir=gaussian|basis=Z|eta=0,SU2-HaarU4-brickwork|n8|d48|i6,512,103,0.002967718599995916
v2_spectrum,SU2-HaarU4-brickwork|n8|d48|i6|dir=gaussian|basis=Z|eta=0,SU2-HaarU4-brickwork|n8|d48|i6,512,104,0.002879353707052242
v2_spectrum,SU2-HaarU4-brickwork|n8|d48|i6|dir=gaussian|basis=Z|eta=0,SU2-HaarU4-brickwork|n8|d48|i6,512,105,0.0028589222322195967
v2_spectrum,SU2-HaarU4-brickwork|n8|d48|i6|dir=gaussian|basis=Z|eta=0,SU2-HaarU4-brickwork|n8|d48|i6,512,106,0.0027991593157597654
v2_spectrum,SU2-HaarU4-brickwork|n8|d48|i6|dir=gaussian|basis=Z|eta=0,SU2-HaarU4-brickwork|n8|d48|i6,512,107,0.002788842627524446
v2_spectrum,SU2-HaarU4-brickwork|n8|d48|i6|dir=gaussian|basis=Z|eta=0,SU2-HaarU4-brickwork|n8|d48|i6,512,108,0.002716198945981068
v2_spectrum,SU2-HaarU4-brickwork|n8|d48|i6|dir=gaussian|basis=Z|eta=0,SU2-HaarU4-brickwork|n8|d48|i6,512,109,0.0027109581293803683
v2_spectrum,SU2-HaarU4-brickwork|n8|d48|i6|dir=gaussian|basis=Z|eta=0,SU2-HaarU4-brickwork|n8|d48|i6,512,110,0.0026242019482035127
v2_spectrum,SU2-HaarU4-brickwork|n8|d48|i6|dir=gaussian|basis=Z|eta=0,SU2-HaarU4-brickwork|n8|d48|i6,512,111,0.0025910193878976888
v2_spectrum,SU2-HaarU4-brickwork|n8|d48|i6|dir=gaussian|basis=Z|eta=0,SU2-HaarU4-brickwork|n8|d48|i6,512,112,0.0025729630078717386
v2_spectrum,SU2-HaarU4-brickwork|n8|d48|i6|dir=gaussian|basis=Z|eta=0,SU2-HaarU4-brickwork|n8|d48|i6,512,113,0.0024692085476058626
v2_spectrum,SU2-HaarU4-brickwork|n8|d48|i6|dir=gaussian|basis=Z|eta=0,SU2-HaarU4-brickwork|n8|d48|i6,512,114,0.0024402648097140746
v2_spectrum,SU2-HaarU4-brickwork|n8|d48|i6|dir=gaussian|basis=Z|eta=0,SU2-HaarU4-brickwork|n8|d48|i6,512,115,0.002426064759572556
v2_spectrum,SU2-HaarU4-brickwork|n8|d48|i6|dir=gaussian|basis=Z|eta=0,SU2-HaarU4-brickwork|n8|d48|i6,512,116,0.0023636360133417835
v2_spectrum,SU2-HaarU4-brickwork|n8|d48|i6|dir=gaussian|basis=Z|eta=0,SU2-HaarU4-brickwork|n8|d48|i6,512,117,0.0023491262233220895
v2_spectrum,SU2-HaarU4-brickwork|n8|d48|i6|dir=gaussian|basis=Z|eta=0,SU2-HaarU4-brickwork|n8|d48|i6,512,118,0.002281546956018374
v2_spectrum,SU2-HaarU4-brickwork|n8|d48|i6|dir=gaussian|basis=Z|eta=0,SU2-HaarU4-brickwork|n8|d48|i6,512,119,0.0022660048668716394
v2_spectrum,SU2-HaarU4-brickwork|n8|d48|i6|dir=gaussian|basis=Z|eta=0,SU2-HaarU4-brickwork|n8|d48|i6,512,120,0.0022503935233571734
v2_spectrum,SU2-HaarU4-brickwork|n8|d48|i6|dir=gaussian|basis=Z|eta=0,SU2-HaarU4-brickwork|n8|d48|i6,512,121,0.0022107439353691786
v2_spectrum,SU2-HaarU4-brickwork|n8|d48|i6|dir=gaussian|basis=Z|eta=0,SU2-HaarU4-brickwork|n8|d48|i6,512,122,0.00217885815281659
v2_spectrum,SU2-HaarU4-brickwork|n8|d48|i6|dir=gaussian|basis=Z|eta=0,SU2-HaarU4-brickwork|n8|d48|i6,512,123,0.0021534773435222558
v2_spectrum,SU2-HaarU4-brickwork|n8|d48|i6|dir=gaussian|basis=Z|eta=0,SU2-HaarU4-brickwork|n8|d48|i6,512,124,0.0021354109351173034
v2_spectrum,SU2-HaarU4-brickwork|n8|d48|i6|dir=gaussian|basis=Z|eta=0,SU2-HaarU4-brickwork|n8|d48|i6,512,125,0.002097927541397379
v2_spectrum,SU2-HaarU4-brickwork|n8|d48|i6|dir=gaussian|basis=Z|eta=0,SU2-HaarU4-brickwork|n8|d48|i6,512,126,0.0020613419411508083
v2_spectrum,SU2-HaarU4-brickwork|n8|d48|i6|dir=gaussian|basis=Z|eta=0,SU2-HaarU4-brickwork|n8|d48|i6,512,127,0.0020243077806915296
v2_spectrum,SU2-HaarU4-brickwork|n8|d48|i6|dir=gaussian|basis=Z|eta=0,SU2-HaarU4-brickwork|n8|d48|i6,512,128,0.0019765451883171636
v2_spectrum,SU2-HaarU4-brickwork|n8|d48|i6|dir=gaussian|basis=Z|eta=0,SU2-HaarU4-brickwork|n8|d48|i6,512,129,0.001937964929104096
v2_spectrum,SU2-HaarU4-brickwork|n8|d48|i6|dir=gaussian|basis=Z|eta=0,SU2-HaarU4-brickwork|n8|d48|i6,512,130,0.0019076535591689748
v2_spectrum,SU2-HaarU4-brickwork|n8|d48|i6|dir=gaussian|basis=Z|eta=0,SU2-HaarU4-brickwork|n8|d48|i6,512,131,0.0018916748880361575
v2_spectrum,SU2-HaarU4-brickwork|n8|d48|i6|dir=gaussian|basis=Z|eta=0,SU2-HaarU4-brickwork|n8|d48|i6,512,132,0.0018414305583986017
v2_spectrum,SU2-HaarU4-brickwork|n8|d48|i6|dir=gaussian|basis=Z|eta=0,SU2-HaarU4-brickwork|n8|d48|i6,512,133,0.0018301126616988746
v2_spectrum,SU2-HaarU4-brickwork|n8|d48|i6|dir=gaussian|basis=Z|eta=0,SU2-HaarU4-brickwork|n8|d48|i6,512,134,0.0018012607341633916
v2_spectrum,SU2-HaarU4-brickwork|n8|d48|i6|dir=gaussian|basis=Z|eta=0,SU2-HaarU4-brickwork|n8|d48|i6,512,135,0.0017812804697649857
v2_spectrum,SU2-HaarU4-brickwork|n8|d48|i6|dir=gaussian|basis=Z|eta=0,SU2-HaarU4-brickwork|n8|d48|i6,512,136,0.0017542169576848913
v2_spectrum,SU2-HaarU4-brickwork|n8|d48|i6|dir=gaussian|basis=Z|eta=0,SU2-HaarU4-brickwork|n8|d48|i6,512,137,0.0017301955338745306
v2_spectrum,SU2-HaarU4-brickwork|n8|d48|i6|dir=gaussian|basis=Z|eta=0,SU2-HaarU4-brickwork|n8|d48|i6,512,138,0.0016870808679615738
v2_spectrum,SU2-HaarU4-brickwork|n8|d48|i6|dir=gaussian|basis=Z|eta=0,SU2-HaarU4-brickwork|n8|d48|i6,512,139,0.0016783888765648449
v2_spectrum,SU2-HaarU4-brickwork|n8|d48|i6|dir=gaussian|basis=Z|eta=0,SU2-HaarU4-brickwork|n8|d48|i6,512,140,0.0016227742173912662
v2_spectrum,SU2-HaarU4-brickwork|n8|d48|i6|dir=gaussian|basis=Z|eta=0,SU2-HaarU4-brickwork|n8|d48|i6,512,141,0.0016026875474491676
v2_spectrum,SU2-HaarU4-brickwork|n8|d48|i6|dir=gaussian|basis=Z|eta=0,SU2-HaarU4-brickwork|n8|d48|i6,512,142,0.0015770307978549654
v2_spectrum,SU2-HaarU4-brickwork|n8|d48|i6|dir=gaussian|basis=Z|eta=0,SU2-HaarU4-brickwork|n8|d48|i6,512,143,0.0015553649386634387
v2_spectrum,SU2-HaarU4-brickwork|n8|d48|i6|dir=gaussian|basis=Z|eta=0,SU2-HaarU4-brickwork|n8|d48|i6,512,144,0.0015076574089061979
v2_spectrum,SU2-HaarU4-brickwork|n8|d48|i6|dir=gaussian|basis=Z|eta=0,SU2-HaarU4-brickwork|n8|d48|i6,512,145,0.0014942402970723689
v2_spectrum,SU2-HaarU4-brickwork|n8|d48|i6|dir=gaussian|basis=Z|eta=0,SU2-HaarU4-brickwork|n8|d48|i6,512,146,0.0014734263150684133
v2_spectrum,SU2-HaarU4-brickwork|n8|d48|i6|dir=gaussian|basis=Z|eta=0,SU2-HaarU4-brickwork|n8|d48|i6,512,147,0.0014509765669811522
v2_spectrum,SU2-HaarU4-brickwork|n8|d48|i6|dir=gaussian|basis=Z|eta=0,SU2-HaarU4-brickwork|n8|d48|i6,512,148,0.0014362731346908013
v2_spectrum,SU2-HaarU4-brickwork|n8|d48|i6|dir=gaussian|basis=Z|eta=0,SU2-HaarU4-brickwork|n8|d48|i6,512,149,0.0014155309549933471
v2_spectrum,SU2-HaarU4-brickwork|n8|d48|i6|dir=gaussian|basis=Z|eta=0,SU2-HaarU4-brickwork|n8|d48|i6,512,150,0.001400502469472313
v2_spectrum,SU2-HaarU4-brickwork|n8|d48|i6|dir=gaussian|basis=Z|eta=0,SU2-HaarU4-brickwork|n8|d48|i6,512,151,0.0013733598440025172
v2_spectrum,SU2-HaarU4-brickwork|n8|d48|i6|dir=gaussian|basis=Z|eta=0,SU2-HaarU4-brickwork|n8|d48|i6,512,152,0.0013493433742679361
v2_spectrum,SU2-HaarU4-brickwork|n8|d48|i6|dir=gaussian|basis=Z|eta=0,SU2-HaarU4-brickwork|n8|d48|i6,512,153,0.0013144246146633127
v2_spectrum,SU2-HaarU4-brickwork|n8|d48|i6|dir=gaussian|basis=Z|eta=0,SU2-HaarU4-brickwork|n8|d48|i6,512,154,0.0012924170312261696
v2_spectrum,SU2-HaarU4-brickwork|n8|d48|i6|dir=gaussian|basis=Z|eta=0,SU2-HaarU4-brickwork|n8|d48|i6,512,155,0.0012851897186510136
v2_spectrum,SU2-HaarU4-brickwork|n8|d48|i6|dir=gaussian|basis=Z|eta=0,SU2-HaarU4-brickwork|n8|d48|i6,512,156,0.001238553838851045
v2_spectrum,SU2-HaarU4-brickwork|n8|d48|i6|dir=gaussian|basis=Z|eta=0,SU2-HaarU4-brickwork|n8|d48|i6,512,157,0.0012088438783510985
v2_spectrum,SU2-HaarU4-brickwork|n8|d48|i6|dir=gaussian|basis=Z|eta=0,SU2-HaarU4-brickwork|n8|d48|i6,512,158,0.0011930277156139688
v2_spectrum,SU2-HaarU4-brickwork|n8|d48|i6|dir=gaussian|basis=Z|eta=0,SU2-HaarU4-brickwork|n8|d48|i6,512,159,0.001180856434797664
v2_spectrum,SU2-HaarU4-brickwork|n8|d48|i6|dir=gaussian|basis=Z|eta=0,SU2-HaarU4-brickwork|n8|d48|i6,512,160,0.0011712546685984121
v2_spectrum,SU2-HaarU4-brickwork|n8|d48|i6|dir=gaussian|basis=Z|eta=0,SU2-HaarU4-brickwork|n8|d48|i6,512,161,0.0011546366061603675
v2_spectrum,SU2-HaarU4-brickwork|n8|d48|i6|dir=gaussian|basis=Z|eta=0,SU2-HaarU4-brickwork|n8|d48|i6,512,162,0.0011324055174573584
v2_spectrum,SU2-HaarU4-brickwork|n8|d48|i6|dir=gaussian|basis=Z|eta=0,SU2-HaarU4-brickwork|n8|d48|i6,512,163,0.0011012405235338869
v2_spectrum,SU2-HaarU4-brickwork|n8|d48|i6|dir=gaussian|basis=Z|eta=0,SU2-HaarU4-brickwork|n8|d48|i6,512,164,0.0010973621672847984
v2_spectrum,SU2-HaarU4-brickwork|n8|d48|i6|dir=gaussian|basis=Z|eta=0,SU2-HaarU4-brickwork|n8|d48|i6,512,165,0.0010853451842315837
v2_spectrum,SU2-HaarU4-brickwork|n8|d48|i6|dir=gaussian|basis=Z|eta=0,SU2-HaarU4-brickwork|n8|d48|i6,512,166,0.0010677096309532714
v2_spectrum,SU2-HaarU4-brickwork|n8|d48|i6|dir=gaussian|basis=Z|eta=0,SU2-HaarU4-brickwork|n8|d48|i6,512,167,0.0010526631137248148
v2_spectrum,SU2-HaarU4-brickwork|n8|d48|i6|dir=gaussian|basis=Z|eta=0,SU2-HaarU4-brickwork|n8|d48|i6,512,168,0.0010379362937624247
v2_spectrum,SU2-HaarU4-brickwork|n8|d48|i6|dir=gaussian|basis=Z|eta=0,SU2-HaarU4-brickwork|n8|d48|i6,512,169,0.001006595367150085
v2_spectrum,SU2-HaarU4-brickwork|n8|d48|i6|dir=gaussian|basis=Z|eta=0,SU2-HaarU4-brickwork|n8|d48|i6,512,170,0.0009790397347246846
v2_spectrum,SU2-HaarU4-brickwork|n8|d48|i6|dir=gaussian|basis=Z|eta=0,SU2-HaarU4-brickwork|n8|d48|i6,512,171,0.0009660136710851239
v2_spectrum,SU2-HaarU4-brickwork|n8|d48|i6|dir=gaussian|basis=Z|eta=0,SU2-HaarU4-brickwork|n8|d48|i6,512,172,0.0009540019400182282
v2_spectrum,SU2-HaarU4-brickwork|n8|d48|i6|dir=gaussian|basis=Z|eta=0,SU2-HaarU4-brickwork|n8|d48|i6,512,173,0.0009454071018725595
v2_spectrum,SU2-HaarU4-brickwork|n8|d48|i6|dir=gaussian|basis=Z|eta=0,SU2-HaarU4-brickwork|n8|d48|i6,512,174,0.0009199733719944488
v2_spectrum,SU2-HaarU4-brickwork|n8|d48|i6|dir=gaussian|basis=Z|eta=0,SU2-HaarU4-brickwork|n8|d48|i6,512,175,0.0009057145090261052
v2_spectrum,SU2-HaarU4-brickwork|n8|d48|i6|dir=gaussian|basis=Z|eta=0,SU2-HaarU4-brickwork|n8|d48|i6,512,176,0.0008823898155379197
v2_spectrum,SU2-HaarU4-brickwork|n8|d48|i6|dir=gaussian|basis=Z|eta=0,SU2-HaarU4-brickwork|n8|d48|i6,512,177,0.0008715360652281665
v2_spectrum,SU2-HaarU4-brickwork|n8|d48|i6|dir=gaussian|basis=Z|eta=0,SU2-HaarU4-brickwork|n8|d48|i6,512,178,0.0008454431163505755
v2_spectrum,SU2-HaarU4-brickwork|n8|d48|i6|dir=gaussian|basis=Z|eta=0,SU2-HaarU4-brickwork|n8|d48|i6,512,179,0.0008372900932065506
v2_spectrum,SU2-HaarU4-brickwork|n8|d48|i6|dir=gaussian|basis=Z|eta=0,SU2-HaarU4-brickwork|n8|d48|i6,512,180,0.0008186134258998735
v2_spectrum,SU2-HaarU4-brickwork|n8|d48|i6|dir=gaussian|basis=Z|eta=0,SU2-HaarU4-brickwork|n8|d48|i6,512,181,0.0008001817010239937
v2_spectrum,SU2-HaarU4-brickwork|n8|d48|i6|dir=gaussian|basis=Z|eta=0,SU2-HaarU4-brickwork|n8|d48|i6,512,182,0.0007932353322907119
v2_spectrum,SU2-HaarU4-brickwork|n8|d48|i6|dir=gaussian|basis=Z|eta=0,SU2-HaarU4-brickwork|n8|d48|i6,512,183,0.0007909594063697119
v2_spectrum,SU2-HaarU4-brickwork|n8|d48|i6|dir=gaussian|basis=Z|eta=0,SU2-HaarU4-brickwork|n8|d48|i6,512,184,0.0007538954548528521
v2_spectrum,SU2-HaarU4-brickwork|n8|d48|i6|dir=gaussian|basis=Z|eta=0,SU2-HaarU4-brickwork|n8|d48|i6,512,185,0.0007459861092001395
v2_spectrum,SU2-HaarU4-brickwork|n8|d48|i6|dir=gaussian|basis=Z|eta=0,SU2-HaarU4-brickwork|n8|d48|i6,512,186,0.0007328433728864174
v2_spectrum,SU2-HaarU4-brickwork|n8|d48|i6|dir=gaussian|basis=Z|eta=0,SU2-HaarU4-brickwork|n8|d48|i6,512,187,0.0007274078132127491
v2_spectrum,SU2-HaarU4-brickwork|n8|d48|i6|dir=gaussian|basis=Z|eta=0,SU2-HaarU4-brickwork|n8|d48|i6,512,188,0.0007135691747913221
v2_spectrum,SU2-HaarU4-brickwork|n8|d48|i6|dir=gaussian|basis=Z|eta=0,SU2-HaarU4-brickwork|n8|d48|i6,512,189,0.0007019354986326021
v2_spectrum,SU2-HaarU4-brickwork|n8|d48|i6|dir=gaussian|basis=Z|eta=0,SU2-HaarU4-brickwork|n8|d48|i6,512,190,0.0006969854812170992
v2_spectrum,SU2-HaarU4-brickwork|n8|d48|i6|dir=gaussian|basis=Z|eta=0,SU2-HaarU4-brickwork|n8|d48|i6,512,191,0.0006813337323459003
v2_spectrum,SU2-HaarU4-brickwork|n8|d48|i6|dir=gaussian|basis=Z|eta=0,SU2-HaarU4-brickwork|n8|d48|i6,512,192,0.0006660636639910571
v2_spectrum,SU2-HaarU4-brickwork|n8|d48|i6|dir=gaussian|basis=Z|eta=0,SU2-HaarU4-brickwork|n8|d48|i6,512,193,0.0006630272576100193
v2_spectrum,SU2-HaarU4-brickwork|n8|d48|i6|dir=gaussian|basis=Z|eta=0,SU2-HaarU4-brickwork|n8|d48|i6,512,194,0.0006336205965058785
v2_spectrum,SU2-HaarU4-brickwork|n8|d48|i6|dir=gaussian|basis=Z|eta=0,SU2-HaarU4-brickwork|n8|d48|i6,512,195,0.0006200402530661934
v2_spectrum,SU2-HaarU4-brickwork|n8|d48|i6|dir=gaussian|basis=Z|eta=0,SU2-HaarU4-brickwork|n8|d48|i6,512,196,0.000611811017812445
v2_spectrum,SU2-HaarU4-brickwork|n8|d48|i6|dir=gaussian|basis=Z|eta=0,SU2-HaarU4-brickwork|n8|d48|i6,512,197,0.000610353429284093
v2_spectrum,SU2-HaarU4-brickwork|n8|d48|i6|dir=gaussian|basis=Z|eta=0,SU2-HaarU4-brickwork|n8|d48|i6,512,198,0.0005934920826195185
v2_spectrum,SU2-HaarU4-brickwork|n8|d48|i6|dir=gaussian|basis=Z|eta=0,SU2-HaarU4-brickwork|n8|d48|i6,512,199,0.0005742220077957255
v2_spectrum,SU2-HaarU4-brickwork|n8|d48|i6|dir=gaussian|basis=Z|eta=0,SU2-HaarU4-brickwork|n8|d48|i6,512,200,0.000559190393345164
v2_spectrum,SU2-HaarU4-brickwork|n8|d48|i6|dir=gaussian|basis=Z|eta=0,SU2-HaarU4-brickwork|n8|d48|i6,512,201,0.0005558662579420798
v2_spectrum,SU2-HaarU4-brickwork|n8|d48|i6|dir=gaussian|basis=Z|eta=0,SU2-HaarU4-brickwork|n8|d48|i6,512,202,0.0005464243601555553
v2_spectrum,SU2-HaarU4-brickwork|n8|d48|i6|dir=gaussian|basis=Z|eta=0,SU2-HaarU4-brickwork|n8|d48|i6,512,203,0.0005301988732541483
v2_spectrum,SU2-HaarU4-brickwork|n8|d48|i6|dir=gaussian|basis=Z|eta=0,SU2-HaarU4-brickwork|n8|d48|i6,512,204,0.0005220984658775279
v2_spectrum,SU2-HaarU4-brickwork|n8|d48|i6|dir=gaussian|basis=Z|eta=0,SU2-HaarU4-brickwork|n8|d48|i6,512,205,0.0004884698418303192
v2_spectrum,SU2-HaarU4-brickwork|n8|d48|i6|dir=gaussian|basis=Z|eta=0,SU2-HaarU4-brickwork|n8|d48|i6,512,206,0.0004838584287330441
v2_spectrum,SU2-HaarU4-brickwork|n8|d48|i6|dir=gaussian|basis=Z|eta=0,SU2-HaarU4-brickwork|n8|d48|i6,512,207,0.0004743616855522025
v2_spectrum,SU2-HaarU4-brickwork|n8|d48|i6|dir=gaussian|basis=Z|eta=0,SU2-HaarU4-brickwork|n8|d48|i6,512,208,0.0004656991914279604
v2_spectrum,SU2-HaarU4-brickwork|n8|d48|i6|dir=gaussian|basis=Z|eta=0,SU2-HaarU4-brickwork|n8|d48|i6,512,209,0.0004573370675197392
v2_spectrum,SU2-HaarU4-brickwork|n8|d48|i6|dir=gaussian|basis=Z|eta=0,SU2-HaarU4-brickwork|n8|d48|i6,512,210,0.0004506740859008018
v2_spectrum,SU2-HaarU4-brickwork|n8|d48|i6|dir=gaussian|basis=Z|eta=0,SU2-HaarU4-brickwork|n8|d48|i6,512,211,0.00043905935115210495
v2_spectrum,SU2-HaarU4-brickwork|n8|d48|i6|dir=gaussian|basis=Z|eta=0,SU2-HaarU4-brickwork|n8|d48|i6,512,212,0.00043743943473245964
v2_spectrum,SU2-HaarU4-brickwork|n8|d48|i6|dir=gaussian|basis=Z|eta=0,SU2-HaarU4-brickwork|n8|d48|i6,512,213,0.0004268938570245061
v2_spectrum,SU2-HaarU4-brickwork|n8|d48|i6|dir=gaussian|basis=Z|eta=0,SU2-HaarU4-brickwork|n8|d48|i6,512,214,0.00041203297086995984
v2_spectrum,SU2-HaarU4-brickwork|n8|d48|i6|dir=gaussian|basis=Z|eta=0,SU2-HaarU4-brickwork|n8|d48|i6,512,215,0.0004060176407722296
v2_spectrum,SU2-HaarU4-brickwork|n8|d48|i6|dir=gaussian|basis=Z|eta=0,SU2-HaarU4-brickwork|n8|d48|i6,512,216,0.00039585829654896764
v2_spectrum,SU2-HaarU4-brickwork|n8|d48|i6|dir=gaussian|basis=Z|eta=0,SU2-HaarU4-brickwork|n8|d48|i6,512,217,0.000394094520776191
v2_spectrum,SU2-HaarU4-brickwork|n8|d48|i6|dir=gaussian|basis=Z|eta=0,SU2-HaarU4-brickwork|n8|d48|i6,512,218,0.0003798353230574966
v2_spectrum,SU2-HaarU4-brickwork|n8|d48|i6|dir=gaussian|basis=Z|eta=0,SU2-HaarU4-brickwork|n8|d48|i6,512,219,0.00037021553540702093
v2_spectrum,SU2-HaarU4-brickwork|n8|d48|i6|dir=gaussian|basis=Z|eta=0,SU2-HaarU4-brickwork|n8|d48|i6,512,220,0.0003582723606626423
v2_spectrum,SU2-HaarU4-brickwork|n8|d48|i6|dir=gaussian|basis=Z|eta=0,SU2-HaarU4-brickwork|n8|d48|i6,512,221,0.00035447492276933064
v2_spectrum,SU2-HaarU4-brickwork|n8|d48|i6|dir=gaussian|basis=Z|eta=0,SU2-HaarU4-brickwork|n8|d48|i6,512,222,0.0003443150927575161
v2_spectrum,SU2-HaarU4-brickwork|n8|d48|i6|dir=gaussian|basis=Z|eta=0,SU2-HaarU4-brickwork|n8|d48|i6,512,223,0.00033535270984184196
v2_spectrum,SU2-HaarU4-brickwork|n8|d48|i6|dir=gaussian|basis=Z|eta=0,SU2-HaarU4-brickwork|n8|d48|i6,512,224,0.0003335393692973569
v2_spectrum,SU2-HaarU4-brickwork|n8|d48|i6|dir=gaussian|basis=Z|eta=0,SU2-HaarU4-brickwork|n8|d48|i6,512,225,0.0003250641323659389
v2_spectrum,SU2-HaarU4-brickwork|n8|d48|i6|dir=gaussian|basis=Z|eta=0,SU2-HaarU4-brickwork|n8|d48|i6,512,226,0.00032144495140076323
v2_spectrum,SU2-HaarU4-brickwork|n8|d48|i6|dir=gaussian|basis=Z|eta=0,SU2-HaarU4-brickwork|n8|d48|i6,512,227,0.00030545107222510663
v2_spectrum,SU2-HaarU4-brickwork|n8|d48|i6|dir=gaussian|basis=Z|eta=0,SU2-HaarU4-brickwork|n8|d48|i6,512,228,0.00028949637661401513
v2_spectrum,SU2-HaarU4-brickwork|n8|d48|i6|dir=gaussian|basis=Z|eta=0,SU2-HaarU4-brickwork|n8|d48|i6,512,229,0.0002855404561242877
v2_spectrum,SU2-HaarU4-brickwork|n8|d48|i6|dir=gaussian|basis=Z|eta=0,SU2-HaarU4-brickwork|n8|d48|i6,512,230,0.0002783500796024055
v2_spectrum,SU2-HaarU4-brickwork|n8|d48|i6|dir=gaussian|basis=Z|eta=0,SU2-HaarU4-brickwork|n8|d48|i6,512,231,0.00027389482360546205
v2_spectrum,SU2-HaarU4-brickwork|n8|d48|i6|dir=gaussian|basis=Z|eta=0,SU2-HaarU4-brickwork|n8|d48|i6,512,232,0.00025662353741838436
v2_spectrum,SU2-HaarU4-brickwork|n8|d48|i6|dir=gaussian|basis=Z|eta=0,SU2-HaarU4-brickwork|n8|d48|i6,512,233,0.0002544704162295229
v2_spectrum,SU2-HaarU4-brickwork|n8|d48|i6|dir=gaussian|basis=Z|eta=0,SU2-HaarU4-brickwork|n8|d48|i6,512,234,0.0002491406935643766
v2_spectrum,SU2-HaarU4-brickwork|n8|d48|i6|dir=gaussian|basis=Z|eta=0,SU2-HaarU4-brickwork|n8|d48|i6,512,235,0.00024682730364867123
v2_spectrum,SU2-HaarU4-brickwork|n8|d48|i6|dir=gaussian|basis=Z|eta=0,SU2-HaarU4-brickwork|n8|d48|i6,512,236,0.00024298069758266682
v2_spectrum,SU2-HaarU4-brickwork|n8|d48|i6|dir=gaussian|basis=Z|eta=0,SU2-HaarU4-brickwork|n8|d48|i6,512,237,0.00023255243884536813
v2_spectrum,SU2-HaarU4-brickwork|n8|d48|i6|dir=gaussian|basis=Z|eta=0,SU2-HaarU4-brickwork|n8|d48|i6,512,238,0.00022591301593380918
v2_spectrum,SU2-HaarU4-brickwork|n8|d48|i6|dir=gaussian|basis=Z|eta=0,SU2-HaarU4-brickwork|n8|d48|i6,512,239,0.00022394816838219427
v2_spectrum,SU2-HaarU4-brickwork|n8|d48|i6|dir=gaussian|basis=Z|eta=0,SU2-HaarU4-brickwork|n8|d48|i6,512,240,0.00021141824092109154
v2_spectrum,SU2-HaarU4-brickwork|n8|d48|i6|dir=gaussian|basis=Z|eta=0,SU2-HaarU4-brickwork|n8|d48|i6,512,241,0.00020977791465967007
v2_spectrum,SU2-HaarU4-brickwork|n8|d48|i6|dir=gaussian|basis=Z|eta=0,SU2-HaarU4-brickwork|n8|d48|i6,512,242,0.00020017847706900425
v2_spectrum,SU2-HaarU4-brickwork|n8|d48|i6|dir=gaussian|basis=Z|eta=0,SU2-HaarU4-brickwork|n8|d48|i6,512,243,0.0001907414309531188
v2_spectrum,SU2-HaarU4-brickwork|n8|d48|i6|dir=gaussian|basis=Z|eta=0,SU2-HaarU4-brickwork|n8|d48|i6,512,244,0.00018611113838816264
v2_spectrum,SU2-HaarU4-brickwork|n8|d48|i6|dir=gaussian|basis=Z|eta=0,SU2-HaarU4-brickwork|n8|d48|i6,512,245,0.00018001447699093646
v2_spectrum,SU2-HaarU4-brickwork|n8|d48|i6|dir=gaussian|basis=Z|eta=0,SU2-HaarU4-brickwork|n8|d48|i6,512,246,0.00017430768330448272
v2_spectrum,SU2-HaarU4-brickwork|n8|d48|i6|dir=gaussian|basis=Z|eta=0,SU2-HaarU4-brickwork|n8|d48|i6,512,247,0.00016838361133973768
v2_spectrum,SU2-HaarU4-brickwork|n8|d48|i6|dir=gaussian|basis=Z|eta=0,SU2-HaarU4-brickwork|n8|d48|i6,512,248,0.0001638988635373585
v2_spectrum,SU2-HaarU4-brickwork|n8|d48|i6|dir=gaussian|basis=Z|eta=0,SU2-HaarU4-brickwork|n8|d48|i6,512,249,0.00015639418324883008
v2_spectrum,SU2-HaarU4-brickwork|n8|d48|i6|dir=gaussian|basis=Z|eta=0,SU2-HaarU4-brickwork|n8|d48|i6,512,250,0.00014161530003151492
v2_spectrum,SU2-HaarU4-brickwork|n8|d48|i6|dir=gaussian|basis=Z|eta=0,SU2-HaarU4-brickwork|n8|d48|i6,512,251,0.000139326350112315
v2_spectrum,SU2-HaarU4-brickwork|n8|d48|i6|dir=gaussian|basis=Z|eta=0,SU2-HaarU4-brickwork|n8|d48|i6,512,252,0.00013133386179375783
v2_spectrum,SU2-HaarU4-brickwork|n8|d48|i6|dir=gaussian|basis=Z|eta=0,SU2-HaarU4-brickwork|n8|d48|i6,512,253,0.0001237921664534694
v2_spectrum,SU2-HaarU4-brickwork|n8|d48|i6|dir=gaussian|basis=Z|eta=0,SU2-HaarU4-brickwork|n8|d48|i6,512,254,0.00010486087826776754
v2_spectrum,SU2-HaarU4-brickwork|n8|d48|i6|dir=gaussian|basis=Z|eta=0,SU2-HaarU4-brickwork|n8|d48|i6,512,255,0.00010102641993385473
v2_spectrum,U1-RZ-XY-line|n10|d60|i4|dir=gaussian|basis=Z|eta=0,U1-RZ-XY-line|n10|d60|i4,512,1,0.07886291494748313
v2_spectrum,U1-RZ-XY-line|n10|d60|i4|dir=gaussian|basis=Z|eta=0,U1-RZ-XY-line|n10|d60|i4,512,2,0.07117957925851096
v2_spectrum,U1-RZ-XY-line|n10|d60|i4|dir=gaussian|basis=Z|eta=0,U1-RZ-XY-line|n10|d60|i4,512,3,0.06494862210026305
v2_spectrum,U1-RZ-XY-line|n10|d60|i4|dir=gaussian|basis=Z|eta=0,U1-RZ-XY-line|n10|d60|i4,512,4,0.06416908572862902
v2_spectrum,U1-RZ-XY-line|n10|d60|i4|dir=gaussian|basis=Z|eta=0,U1-RZ-XY-line|n10|d60|i4,512,5,0.055550723862436986
v2_spectrum,U1-RZ-XY-line|n10|d60|i4|dir=gaussian|basis=Z|eta=0,U1-RZ-XY-line|n10|d60|i4,512,6,0.04998798635687935
v2_spectrum,U1-RZ-XY-line|n10|d60|i4|dir=gaussian|basis=Z|eta=0,U1-RZ-XY-line|n10|d60|i4,512,7,0.04553659736145101
v2_spectrum,U1-RZ-XY-line|n10|d60|i4|dir=gaussian|basis=Z|eta=0,U1-RZ-XY-line|n10|d60|i4,512,8,0.04314895801780832
v2_spectrum,U1-RZ-XY-line|n10|d60|i4|dir=gaussian|basis=Z|eta=0,U1-RZ-XY-line|n10|d60|i4,512,9,0.04256437936961944
v2_spectrum,U1-RZ-XY-line|n10|d60|i4|dir=gaussian|basis=Z|eta=0,U1-RZ-XY-line|n10|d60|i4,512,10,0.03640715871065418
v2_spectrum,U1-RZ-XY-line|n10|d60|i4|dir=gaussian|basis=Z|eta=0,U1-RZ-XY-line|n10|d60|i4,512,11,0.033877239755370145
v2_spectrum,U1-RZ-XY-line|n10|d60|i4|dir=gaussian|basis=Z|eta=0,U1-RZ-XY-line|n10|d60|i4,512,12,0.03262764912868967
v2_spectrum,U1-RZ-XY-line|n10|d60|i4|dir=gaussian|basis=Z|eta=0,U1-RZ-XY-line|n10|d60|i4,512,13,0.02812873041369584
v2_spectrum,U1-RZ-XY-line|n10|d60|i4|dir=gaussian|basis=Z|eta=0,U1-RZ-XY-line|n10|d60|i4,512,14,0.02616583389017366
v2_spectrum,U1-RZ-XY-line|n10|d60|i4|dir=gaussian|basis=Z|eta=0,U1-RZ-XY-line|n10|d60|i4,512,15,0.02575358798667816
v2_spectrum,U1-RZ-XY-line|n10|d60|i4|dir=gaussian|basis=Z|eta=0,U1-RZ-XY-line|n10|d60|i4,512,16,0.023749274661385496
v2_spectrum,U1-RZ-XY-line|n10|d60|i4|dir=gaussian|basis=Z|eta=0,U1-RZ-XY-line|n10|d60|i4,512,17,0.022684932156204783
v2_spectrum,U1-RZ-XY-line|n10|d60|i4|dir=gaussian|basis=Z|eta=0,U1-RZ-XY-line|n10|d60|i4,512,18,0.021271730404988098
v2_spectrum,U1-RZ-XY-line|n10|d60|i4|dir=gaussian|basis=Z|eta=0,U1-RZ-XY-line|n10|d60|i4,512,19,0.020882352702464198
v2_spectrum,U1-RZ-XY-line|n10|d60|i4|dir=gaussian|basis=Z|eta=0,U1-RZ-XY-line|n10|d60|i4,512,20,0.01941517231183971
v2_spectrum,U1-RZ-XY-line|n10|d60|i4|dir=gaussian|basis=Z|eta=0,U1-RZ-XY-line|n10|d60|i4,512,21,0.019034045664307806
v2_spectrum,U1-RZ-XY-line|n10|d60|i4|dir=gaussian|basis=Z|eta=0,U1-RZ-XY-line|n10|d60|i4,512,22,0.017141230104330746
v2_spectrum,U1-RZ-XY-line|n10|d60|i4|dir=gaussian|basis=Z|eta=0,U1-RZ-XY-line|n10|d60|i4,512,23,0.016564774395147138
v2_spectrum,U1-RZ-XY-line|n10|d60|i4|dir=gaussian|basis=Z|eta=0,U1-RZ-XY-line|n10|d60|i4,512,24,0.01554754782412942
v2_spectrum,U1-RZ-XY-line|n10|d60|i4|dir=gaussian|basis=Z|eta=0,U1-RZ-XY-line|n10|d60|i4,512,25,0.014526192641336725
v2_spectrum,U1-RZ-XY-line|n10|d60|i4|dir=gaussian|basis=Z|eta=0,U1-RZ-XY-line|n10|d60|i4,512,26,0.012712222222278743
v2_spectrum,U1-RZ-XY-line|n10|d60|i4|dir=gaussian|basis=Z|eta=0,U1-RZ-XY-line|n10|d60|i4,512,27,0.010759466909222809
v2_spectrum,U1-RZ-XY-line|n10|d60|i4|dir=gaussian|basis=Z|eta=0,U1-RZ-XY-line|n10|d60|i4,512,28,0.01028587570350358
v2_spectrum,U1-RZ-XY-line|n10|d60|i4|dir=gaussian|basis=Z|eta=0,U1-RZ-XY-line|n10|d60|i4,512,29,0.00979203243076402
v2_spectrum,U1-RZ-XY-line|n10|d60|i4|dir=gaussian|basis=Z|eta=0,U1-RZ-XY-line|n10|d60|i4,512,30,0.008871435047236559
v2_spectrum,U1-RZ-XY-line|n10|d60|i4|dir=gaussian|basis=Z|eta=0,U1-RZ-XY-line|n10|d60|i4,512,31,0.008059637347720689
v2_spectrum,U1-RZ-XY-line|n10|d60|i4|dir=gaussian|basis=Z|eta=0,U1-RZ-XY-line|n10|d60|i4,512,32,0.007896903767793185
v2_spectrum,U1-RZ-XY-line|n10|d60|i4|dir=gaussian|basis=Z|eta=0,U1-RZ-XY-line|n10|d60|i4,512,33,0.007167927688373935
v2_spectrum,U1-RZ-XY-line|n10|d60|i4|dir=gaussian|basis=Z|eta=0,U1-RZ-XY-line|n10|d60|i4,512,34,0.006315817251266904
v2_spectrum,U1-RZ-XY-line|n10|d60|i4|dir=gaussian|basis=Z|eta=0,U1-RZ-XY-line|n10|d60|i4,512,35,0.0057857919599679924
v2_spectrum,U1-RZ-XY-line|n10|d60|i4|dir=gaussian|basis=Z|eta=0,U1-RZ-XY-line|n10|d60|i4,512,36,0.005346412258769397
v2_spectrum,U1-RZ-XY-line|n10|d60|i4|dir=gaussian|basis=Z|eta=0,U1-RZ-XY-line|n10|d60|i4,512,37,0.004671933340686022
v2_spectrum,U1-RZ-XY-line|n10|d60|i4|dir=gaussian|basis=Z|eta=0,U1-RZ-XY-line|n10|d60|i4,512,38,0.0037042229072818808
v2_spectrum,U1-RZ-XY-line|n10|d60|i4|dir=gaussian|basis=Z|eta=0,U1-RZ-XY-line|n10|d60|i4,512,39,0.0034315460033134755
v2_spectrum,U1-RZ-XY-line|n10|d60|i4|dir=gaussian|basis=Z|eta=0,U1-RZ-XY-line|n10|d60|i4,512,40,0.0030194277027995446
v2_spectrum,U1-RZ-XY-line|n10|d60|i4|dir=gaussian|basis=Z|eta=0,U1-RZ-XY-line|n10|d60|i4,512,41,0.002453047704544263
