profile,job_id,circuit_id,family,n,depth_factor,k,tangent_count_used,physical_retention,rank_baseline,null_mean,null_std,null_q025,null_q975,empirical_upper_p,null_draws
v2_orientation,SU2-CNOT-line|n8|d48|i0|dir=gaussian|basis=Z|eta=0,SU2-CNOT-line|n8|d48|i0,SU2-CNOT-line,8,6.0,1,160,0.0320531500816454,0.0313725490196078,0.0313995600134387,0.0013686329542392,0.02872855624434,0.0341649999952887,0.3153692614770459,500
v2_orientation,SU2-CNOT-line|n8|d48|i0|dir=gaussian|basis=Z|eta=0,SU2-CNOT-line|n8|d48|i0,SU2-CNOT-line,8,6.0,2,160,0.1454005890860243,0.1411764705882353,0.1411322492993272,0.0028169124808326,0.1360158274875947,0.1467244178361778,0.059880239520958,500
v2_orientation,SU2-CNOT-line|n8|d48|i1|dir=gaussian|basis=Z|eta=0,SU2-CNOT-line|n8|d48|i1,SU2-CNOT-line,8,6.0,1,160,0.0299698935587992,0.0313725490196078,0.0314050826409567,0.001363212269208,0.0289240930371463,0.034278176446411,0.8542914171656687,500
v2_orientation,SU2-CNOT-line|n8|d48|i1|dir=gaussian|basis=Z|eta=0,SU2-CNOT-line|n8|d48|i1,SU2-CNOT-line,8,6.0,2,160,0.1347454777153279,0.1411764705882353,0.1410467942822906,0.0026546147391999,0.1360425838173935,0.1462011804714523,0.994011976047904,500
v2_orientation,SU2-HaarU4-brickwork|n8|d48|i2|dir=gaussian|basis=Z|eta=0,SU2-HaarU4-brickwork|n8|d48|i2,SU2-HaarU4-brickwork,8,6.0,1,160,0.028300276611823,0.0313725490196078,0.0313527712527826,0.0015090501823003,0.0285777444392082,0.0343532722156987,0.9820359281437124,500
v2_orientation,SU2-HaarU4-brickwork|n8|d48|i2|dir=gaussian|basis=Z|eta=0,SU2-HaarU4-brickwork|n8|d48|i2,SU2-HaarU4-brickwork,8,6.0,2,160,0.1361389342678034,0.1411764705882353,0.1411073874363058,0.0030065206099606,0.1352634352014092,0.14724645292358,0.9520958083832336,500
v2_orientation,SU2-HaarU4-brickwork|n8|d48|i3|dir=gaussian|basis=Z|eta=0,SU2-HaarU4-brickwork|n8|d48|i3,SU2-HaarU4-brickwork,8,6.0,1,160,0.0290658871762242,0.0313725490196078,0.0314256231557279,0.0016116793277637,0.0284506907876096,0.0345257816422574,0.93812375249501,500
v2_orientation,SU2-HaarU4-brickwork|n8|d48|i3|dir=gaussian|basis=Z|eta=0,SU2-HaarU4-brickwork|n8|d48|i3,SU2-HaarU4-brickwork,8,6.0,2,160,0.1383076475282223,0.1411764705882353,0.1413271606260619,0.0030418686012666,0.1349722829242647,0.1468833813734605,0.8343313373253493,500
v2_orientation,SU2-HaarU4-brickwork|n10|d60|i0|dir=gaussian|basis=Z|eta=0,SU2-HaarU4-brickwork|n10|d60|i0,SU2-HaarU4-brickwork,10,6.0,1,160,0.0089344008255657,0.0097751710654936,0.0097912426405401,0.0003916099895035,0.009081743612797,0.010621898870504,0.994011976047904,500
v2_orientation,SU2-HaarU4-brickwork|n10|d60|i0|dir=gaussian|basis=Z|eta=0,SU2-HaarU4-brickwork|n10|d60|i0,SU2-HaarU4-brickwork,10,6.0,2,160,0.052079088157356,0.053763440860215,0.0537495034823539,0.0009043740353305,0.052004176676157,0.0555444528851867,0.9720558882235528,500
v2_orientation,SU2-HaarU4-brickwork|n10|d60|i1|dir=gaussian|basis=Z|eta=0,SU2-HaarU4-brickwork|n10|d60|i1,SU2-HaarU4-brickwork,10,6.0,1,160,0.0091673104795563,0.0097751710654936,0.0097774589057882,0.0004083206550562,0.0089941614116088,0.0105431459902862,0.934131736526946,500
v2_orientation,SU2-HaarU4-brickwork|n10|d60|i1|dir=gaussian|basis=Z|eta=0,SU2-HaarU4-brickwork|n10|d60|i1,SU2-HaarU4-brickwork,10,6.0,2,160,0.0522952769875259,0.053763440860215,0.0538040893273718,0.0009176892772212,0.052063703431131,0.0556765128443866,0.9580838323353292,500
v2_orientation,SU2-HaarU4-brickwork|n10|d60|i2|dir=gaussian|basis=Z|eta=0,SU2-HaarU4-brickwork|n10|d60|i2,SU2-HaarU4-brickwork,10,6.0,1,160,0.008667129975234,0.0097751710654936,0.0097706245629771,0.0004095300867529,0.0089632316394762,0.0105984682870466,1.0,500
v2_orientation,SU2-HaarU4-brickwork|n10|d60|i2|dir=gaussian|basis=Z|eta=0,SU2-HaarU4-brickwork|n10|d60|i2,SU2-HaarU4-brickwork,10,6.0,2,160,0.0518010482213516,0.053763440860215,0.0537983039148432,0.0008565476968694,0.0522953165502957,0.05567199904311,1.0,500
v2_orientation,SU2-HaarU4-brickwork|n10|d60|i3|dir=gaussian|basis=Z|eta=0,SU2-HaarU4-brickwork|n10|d60|i3,SU2-HaarU4-brickwork,10,6.0,1,160,0.0089242400054396,0.0097751710654936,0.009788633058189,0.0003920138066247,0.008955257280708,0.0105090431357877,0.9820359281437124,500
v2_orientation,SU2-HaarU4-brickwork|n10|d60|i3|dir=gaussian|basis=Z|eta=0,SU2-HaarU4-brickwork|n10|d60|i3,SU2-HaarU4-brickwork,10,6.0,2,160,0.0517506104762556,0.053763440860215,0.0538177729657936,0.00092681621444,0.0521041302490222,0.0556711459844441,0.994011976047904,500
v2_orientation,U1-RZ-XY-line|n8|d48|i0|dir=gaussian|basis=Z|eta=0,U1-RZ-XY-line|n8|d48|i0,U1-RZ-XY-line,8,6.0,1,160,0.4520879805843391,0.1014492753623188,0.1013824488063247,0.0119901684808526,0.0782377572510125,0.1277856387925288,0.0019960079840319,500
v2_orientation,U1-RZ-XY-line|n8|d48|i0|dir=gaussian|basis=Z|eta=0,U1-RZ-XY-line|n8|d48|i0,U1-RZ-XY-line,8,6.0,2,160,0.7436076035440993,0.391304347826087,0.3920404651876134,0.0185009050659875,0.3552445150327569,0.429775877115355,0.0019960079840319,500
v2_orientation,U1-RZ-XY-line|n8|d48|i1|dir=gaussian|basis=Z|eta=0,U1-RZ-XY-line|n8|d48|i1,U1-RZ-XY-line,8,6.0,1,160,0.4259676834450759,0.1014492753623188,0.1017953380342555,0.0116628094228915,0.0818574364704338,0.1251210976898339,0.0019960079840319,500
v2_orientation,U1-RZ-XY-line|n8|d48|i1|dir=gaussian|basis=Z|eta=0,U1-RZ-XY-line|n8|d48|i1,U1-RZ-XY-line,8,6.0,2,160,0.7393149147267211,0.391304347826087,0.3901392400583439,0.019177789722259,0.352018504341237,0.4296400636326997,0.0019960079840319,500
v2_orientation,U1-RZ-XY-line|n8|d48|i2|dir=gaussian|basis=Z|eta=0,U1-RZ-XY-line|n8|d48|i2,U1-RZ-XY-line,8,6.0,1,160,0.4034099100591256,0.1014492753623188,0.1012252227633054,0.011268803553203,0.0803931633399809,0.1241053065151599,0.0019960079840319,500
v2_orientation,U1-RZ-XY-line|n8|d48|i2|dir=gaussian|basis=Z|eta=0,U1-RZ-XY-line|n8|d48|i2,U1-RZ-XY-line,8,6.0,2,160,0.6968889108378743,0.391304347826087,0.3919301837984671,0.0189230031450498,0.356117548302463,0.4282002896068511,0.0019960079840319,500
v2_orientation,U1-RZ-XY-line|n8|d48|i3|dir=gaussian|basis=Z|eta=0,U1-RZ-XY-line|n8|d48|i3,U1-RZ-XY-line,8,6.0,1,160,0.4124685738040354,0.1014492753623188,0.1021920820837948,0.0110582625829939,0.0828023720876348,0.1241436752098821,0.0019960079840319,500
v2_orientation,U1-RZ-XY-line|n8|d48|i3|dir=gaussian|basis=Z|eta=0,U1-RZ-XY-line|n8|d48|i3,U1-RZ-XY-line,8,6.0,2,160,0.7356456137002544,0.391304347826087,0.3910205113192614,0.0176578900179286,0.3586326539463514,0.4261244733839028,0.0019960079840319,500
v2_orientation,SU2-CNOT-line|n8|d48|i2|dir=gaussian|basis=Z|eta=0,SU2-CNOT-line|n8|d48|i2,SU2-CNOT-line,8,6.0,1,160,0.0310795624927697,0.0313725490196078,0.0314506952556927,0.0014272104438403,0.0286720217092845,0.0343804830478432,0.5828343313373253,500
v2_orientation,SU2-CNOT-line|n8|d48|i2|dir=gaussian|basis=Z|eta=0,SU2-CNOT-line|n8|d48|i2,SU2-CNOT-line,8,6.0,2,160,0.1406416158996217,0.1411764705882353,0.1412144055529952,0.0026039603184391,0.1364223297771415,0.1461953664954507,0.5568862275449101,500
v2_orientation,U1-RZ-XY-line|n8|d48|i4|dir=gaussian|basis=Z|eta=0,U1-RZ-XY-line|n8|d48|i4,U1-RZ-XY-line,8,6.0,1,160,0.4122799541789653,0.1014492753623188,0.1015960098198994,0.010320842636633,0.0827516198290921,0.1227674321010542,0.0019960079840319,500
v2_orientation,U1-RZ-XY-line|n8|d48|i4|dir=gaussian|basis=Z|eta=0,U1-RZ-XY-line|n8|d48|i4,U1-RZ-XY-line,8,6.0,2,160,0.7301175668590366,0.391304347826087,0.3891664767425838,0.0172467157108103,0.3563294196538373,0.4224266637652752,0.0019960079840319,500
v2_orientation,U1-RZ-XY-line|n8|d48|i5|dir=gaussian|basis=Z|eta=0,U1-RZ-XY-line|n8|d48|i5,U1-RZ-XY-line,8,6.0,1,160,0.463755271992497,0.1014492753623188,0.1007133764286046,0.0110293692647676,0.0807350778167793,0.1223625254966853,0.0019960079840319,500
v2_orientation,U1-RZ-XY-line|n8|d48|i5|dir=gaussian|basis=Z|eta=0,U1-RZ-XY-line|n8|d48|i5,U1-RZ-XY-line,8,6.0,2,160,0.7399154092326025,0.391304347826087,0.3920554316735981,0.0181574230099564,0.3574841797148227,0.4249617564485549,0.0019960079840319,500
v2_orientation,U1-RZ-XY-line|n10|d60|i0|dir=gaussian|basis=Z|eta=0,U1-RZ-XY-line|n10|d60|i0,U1-RZ-XY-line,10,6.0,1,160,0.3637285882297955,0.0358565737051792,0.0358974357430781,0.0033969787804986,0.0291395091226096,0.0422440246884888,0.0019960079840319,500
v2_orientation,U1-RZ-XY-line|n10|d60|i0|dir=gaussian|basis=Z|eta=0,U1-RZ-XY-line|n10|d60|i0,U1-RZ-XY-line,10,6.0,2,160,0.6395416462220578,0.1752988047808765,0.175308401599469,0.0067798774264578,0.1626500210416409,0.1881943594256704,0.0019960079840319,500
v2_orientation,U1-RZ-XY-line|n10|d60|i1|dir=gaussian|basis=Z|eta=0,U1-RZ-XY-line|n10|d60|i1,U1-RZ-XY-line,10,6.0,1,160,0.3742149026001513,0.0358565737051792,0.0358795706126438,0.0033830228782278,0.0294873042106016,0.0423360175533333,0.0019960079840319,500
v2_orientation,U1-RZ-XY-line|n10|d60|i1|dir=gaussian|basis=Z|eta=0,U1-RZ-XY-line|n10|d60|i1,U1-RZ-XY-line,10,6.0,2,160,0.6446176278618871,0.1752988047808765,0.1755525693563109,0.0068432479525396,0.1629491552733483,0.1893053353798224,0.0019960079840319,500
v2_orientation,U1-RZ-XY-line|n10|d60|i2|dir=gaussian|basis=Z|eta=0,U1-RZ-XY-line|n10|d60|i2,U1-RZ-XY-line,10,6.0,1,160,0.3472736878081115,0.0358565737051792,0.0359972970570922,0.0032870398336369,0.0299205311714015,0.0427206186743064,0.0019960079840319,500
v2_orientation,U1-RZ-XY-line|n10|d60|i2|dir=gaussian|basis=Z|eta=0,U1-RZ-XY-line|n10|d60|i2,U1-RZ-XY-line,10,6.0,2,160,0.6562934155060994,0.1752988047808765,0.1752061442685675,0.0067749053712491,0.1611446357205181,0.1882341836275977,0.0019960079840319,500
v2_orientation,U1-RZ-XY-line|n10|d60|i3|dir=gaussian|basis=Z|eta=0,U1-RZ-XY-line|n10|d60|i3,U1-RZ-XY-line,10,6.0,1,160,0.3364153965120767,0.0358565737051792,0.035916898890092,0.0032799030177668,0.0298250141323056,0.0421711458693048,0.0019960079840319,500
v2_orientation,U1-RZ-XY-line|n10|d60|i3|dir=gaussian|basis=Z|eta=0,U1-RZ-XY-line|n10|d60|i3,U1-RZ-XY-line,10,6.0,2,160,0.6132796164250143,0.1752988047808765,0.1749542602779032,0.0062955021816585,0.1623057486090605,0.1874786943183465,0.0019960079840319,500
v2_orientation,U1-RZ-XY-line|n10|d60|i4|dir=gaussian|basis=Z|eta=0,U1-RZ-XY-line|n10|d60|i4,U1-RZ-XY-line,10,6.0,1,160,0.3809532871284545,0.0358565737051792,0.0359406065569545,0.0033313464714045,0.0295158546352752,0.0427092074082432,0.0019960079840319,500
v2_orientation,U1-RZ-XY-line|n10|d60|i4|dir=gaussian|basis=Z|eta=0,U1-RZ-XY-line|n10|d60|i4,U1-RZ-XY-line,10,6.0,2,160,0.6453537448725809,0.1752988047808765,0.175678360236865,0.0065577858496786,0.1619762891222922,0.1889820916535465,0.0019960079840319,500
v2_orientation,U1-RZ-XY-line|n10|d60|i5|dir=gaussian|basis=Z|eta=0,U1-RZ-XY-line|n10|d60|i5,U1-RZ-XY-line,10,6.0,1,160,0.3531705854044708,0.0358565737051792,0.035905486691808,0.0032246946237324,0.0295748663059199,0.0420562905546608,0.0019960079840319,500
v2_orientation,U1-RZ-XY-line|n10|d60|i5|dir=gaussian|basis=Z|eta=0,U1-RZ-XY-line|n10|d60|i5,U1-RZ-XY-line,10,6.0,2,160,0.6462554184195103,0.1752988047808765,0.1752857247653802,0.0066592707946991,0.1625456386837117,0.1887677418881929,0.0019960079840319,500
v2_orientation,SU2-CNOT-line|n8|d48|i3|dir=gaussian|basis=Z|eta=0,SU2-CNOT-line|n8|d48|i3,SU2-CNOT-line,8,6.0,1,160,0.0297915659589301,0.0313725490196078,0.0314257485049616,0.0013952651318772,0.0286553969633603,0.0341390711169792,0.8782435129740519,500
v2_orientation,SU2-CNOT-line|n8|d48|i3|dir=gaussian|basis=Z|eta=0,SU2-CNOT-line|n8|d48|i3,SU2-CNOT-line,8,6.0,2,160,0.134517877197386,0.1411764705882353,0.1409680450058817,0.0026082921115243,0.1357946497125694,0.1460182996906929,0.9900199600798404,500
v2_orientation,SU2-CNOT-line|n10|d60|i0|dir=gaussian|basis=Z|eta=0,SU2-CNOT-line|n10|d60|i0,SU2-CNOT-line,10,6.0,1,160,0.0094559938828079,0.0097751710654936,0.0097817774984058,0.0003660894203209,0.0091172481879183,0.0104996591802668,0.8003992015968064,500
v2_orientation,SU2-CNOT-line|n10|d60|i0|dir=gaussian|basis=Z|eta=0,SU2-CNOT-line|n10|d60|i0,SU2-CNOT-line,10,6.0,2,160,0.0530288318344138,0.053763440860215,0.0537177108341321,0.0008358687908392,0.0520193533026675,0.0552655231650082,0.8023952095808383,500
v2_orientation,SU2-CNOT-line|n10|d60|i1|dir=gaussian|basis=Z|eta=0,SU2-CNOT-line|n10|d60|i1,SU2-CNOT-line,10,6.0,1,160,0.0101131795721208,0.0097751710654936,0.0097646952659002,0.0003826788827181,0.0090263813386849,0.0105745531933878,0.1776447105788423,500
v2_orientation,SU2-CNOT-line|n10|d60|i1|dir=gaussian|basis=Z|eta=0,SU2-CNOT-line|n10|d60|i1,SU2-CNOT-line,10,6.0,2,160,0.0529461041059836,0.053763440860215,0.0537715574518655,0.0008609312355362,0.0521281855179238,0.0555781877356543,0.8542914171656687,500
v2_orientation,SU2-CNOT-line|n10|d60|i2|dir=gaussian|basis=Z|eta=0,SU2-CNOT-line|n10|d60|i2,SU2-CNOT-line,10,6.0,1,160,0.0096430033675696,0.0097751710654936,0.0097726482393106,0.0003708823736857,0.0090741353193274,0.0104739468912677,0.6387225548902196,500
v2_orientation,SU2-CNOT-line|n10|d60|i2|dir=gaussian|basis=Z|eta=0,SU2-CNOT-line|n10|d60|i2,SU2-CNOT-line,10,6.0,2,160,0.0542079074329691,0.053763440860215,0.0537696339388154,0.0008028320699369,0.0524068265392297,0.0553572979998386,0.2974051896207584,500
v2_orientation,SU2-CNOT-line|n10|d60|i3|dir=gaussian|basis=Z|eta=0,SU2-CNOT-line|n10|d60|i3,SU2-CNOT-line,10,6.0,1,160,0.009661796318456,0.0097751710654936,0.0097433587074084,0.0004129914094019,0.0090359696359691,0.0106153017072341,0.5568862275449101,500
v2_orientation,SU2-CNOT-line|n10|d60|i3|dir=gaussian|basis=Z|eta=0,SU2-CNOT-line|n10|d60|i3,SU2-CNOT-line,10,6.0,2,160,0.0531481603519063,0.053763440860215,0.0537159843181018,0.0008308583246616,0.0520875697020307,0.0552561630954166,0.7604790419161677,500
v2_orientation,SU2-HaarU4-brickwork|n8|d48|i0|dir=gaussian|basis=Z|eta=0,SU2-HaarU4-brickwork|n8|d48|i0,SU2-HaarU4-brickwork,8,6.0,1,160,0.0298548500659062,0.0313725490196078,0.031326807622512,0.0015590989583448,0.0285626334734356,0.034664831485419,0.8283433133732535,500
v2_orientation,SU2-HaarU4-brickwork|n8|d48|i0|dir=gaussian|basis=Z|eta=0,SU2-HaarU4-brickwork|n8|d48|i0,SU2-HaarU4-brickwork,8,6.0,2,160,0.1374881631503814,0.1411764705882353,0.1413278323030825,0.0030056676868255,0.1351960753026859,0.1472286695958941,0.8882235528942116,500
v2_orientation,SU2-HaarU4-brickwork|n8|d48|i1|dir=gaussian|basis=Z|eta=0,SU2-HaarU4-brickwork|n8|d48|i1,SU2-HaarU4-brickwork,8,6.0,1,160,0.028001949958239,0.0313725490196078,0.0313346600181188,0.0015494412909287,0.028200005264189,0.0342619517835726,0.9840319361277444,500
v2_orientation,SU2-HaarU4-brickwork|n8|d48|i1|dir=gaussian|basis=Z|eta=0,SU2-HaarU4-brickwork|n8|d48|i1,SU2-HaarU4-brickwork,8,6.0,2,160,0.1335036794647079,0.1411764705882353,0.1409139504295027,0.0029540376146964,0.1354432771823348,0.1470698695734787,0.996007984031936,500
