family,n,k,analysis_status,circuits,metric,mean,ci95_low,ci95_high
RY-RZ-CZ-line,6,1,exploratory_post_hoc,16,enhancement,0.9336939175186365,0.8999711980974081,0.9641086725034875
RY-RZ-CZ-line,6,1,exploratory_post_hoc,16,abs_rho_minus_one,0.07519254782577747,0.04986927482779748,0.10408832083646143
RY-RZ-CZ-line,6,1,exploratory_post_hoc,16,orientation_growth_ratio,0.09519536523853872,0.0639381080653311,0.13027755649606823
RY-RZ-CZ-line,6,1,exploratory_post_hoc,16,population_orientation_z,-1.314335538444858,-1.9604100886289957,-0.7069916142580002
RY-RZ-CZ-line,6,1,exploratory_post_hoc,16,r_times_deff,248.5626176456809,242.495301758268,254.9163427012168
RY-RZ-CZ-line,6,1,exploratory_post_hoc,16,null_scale_factor,0.7802404428911848,0.7609281022697342,0.7987832025597098
RY-RZ-CZ-line,6,2,exploratory_post_hoc,16,enhancement,0.9781070460097794,0.9641708741010404,0.9916082614261893
RY-RZ-CZ-line,6,2,exploratory_post_hoc,16,abs_rho_minus_one,0.027233876481322514,0.016653419822104283,0.03856286617561764
RY-RZ-CZ-line,6,2,exploratory_post_hoc,16,orientation_growth_ratio,0.04090779781700384,0.024579826482864078,0.05841635312250264
RY-RZ-CZ-line,6,2,exploratory_post_hoc,16,population_orientation_z,-0.9587650920031832,-1.5780772607899012,-0.3528124791867075
RY-RZ-CZ-line,6,2,exploratory_post_hoc,16,r_times_deff,869.969161759883,848.7068201877784,891.9582072089181
RY-RZ-CZ-line,6,2,exploratory_post_hoc,16,null_scale_factor,0.6697545537112606,0.6533241374221656,0.6855151855469965
RY-RZ-CZ-line,8,1,exploratory_post_hoc,16,enhancement,0.9000647958693823,0.871872643043976,0.9278125290047724
RY-RZ-CZ-line,8,1,exploratory_post_hoc,16,abs_rho_minus_one,0.10230496382158046,0.0776357405391908,0.12854921444722506
RY-RZ-CZ-line,8,1,exploratory_post_hoc,16,orientation_growth_ratio,0.09794170154075207,0.07404782176789257,0.12388872608611799
RY-RZ-CZ-line,8,1,exploratory_post_hoc,16,population_orientation_z,-2.850691427904477,-3.6619948458610505,-2.0523421762286485
RY-RZ-CZ-line,8,1,exploratory_post_hoc,16,r_times_deff,876.0413830296002,858.3475152782934,893.9605957340597
RY-RZ-CZ-line,8,1,exploratory_post_hoc,16,null_scale_factor,1.0491794667769545,1.040969441430266,1.0571938626713417
RY-RZ-CZ-line,8,2,exploratory_post_hoc,16,enhancement,0.9511498209677525,0.939143901298831,0.9635258166273264
RY-RZ-CZ-line,8,2,exploratory_post_hoc,16,abs_rho_minus_one,0.0488501790322475,0.0361742323772854,0.06081315594310664
RY-RZ-CZ-line,8,2,exploratory_post_hoc,16,orientation_growth_ratio,0.049625485653844836,0.03630136568809551,0.06198637724602654
RY-RZ-CZ-line,8,2,exploratory_post_hoc,16,population_orientation_z,-3.1300991431736294,-3.9234415662358457,-2.3266221397179447
RY-RZ-CZ-line,8,2,exploratory_post_hoc,16,r_times_deff,3942.186223633201,3863.252331110219,4023.2047648672383
RY-RZ-CZ-line,8,2,exploratory_post_hoc,16,null_scale_factor,0.9879236071244294,0.9801094404017039,0.9955692864941357
RY-RZ-CZ-line,10,1,exploratory_post_hoc,16,enhancement,0.8911600216006037,0.8600163143781129,0.9187609109058079
RY-RZ-CZ-line,10,1,exploratory_post_hoc,16,abs_rho_minus_one,0.10883997839939633,0.08169468066089064,0.13918346867380404
RY-RZ-CZ-line,10,1,exploratory_post_hoc,16,orientation_growth_ratio,0.08833916814949905,0.06562536936116019,0.1135975019528161
RY-RZ-CZ-line,10,1,exploratory_post_hoc,16,population_orientation_z,-4.308759053623691,-5.568301129871248,-3.1519202847256533
RY-RZ-CZ-line,10,1,exploratory_post_hoc,16,r_times_deff,2349.6112070249733,2286.9059537081766,2407.479768573697
RY-RZ-CZ-line,10,1,exploratory_post_hoc,16,null_scale_factor,1.234504938170911,1.2299823346059573,1.2395536068954789
RY-RZ-CZ-line,10,2,exploratory_post_hoc,16,enhancement,0.933175572673012,0.9231190685132431,0.9445641663201667
RY-RZ-CZ-line,10,2,exploratory_post_hoc,16,abs_rho_minus_one,0.06682442732698794,0.05555580176998077,0.07707612908707295
RY-RZ-CZ-line,10,2,exploratory_post_hoc,16,orientation_growth_ratio,0.055447161256455206,0.04560380085785682,0.0637532359432639
RY-RZ-CZ-line,10,2,exploratory_post_hoc,16,population_orientation_z,-6.328753894008094,-7.349868038331725,-5.212013251731623
RY-RZ-CZ-line,10,2,exploratory_post_hoc,16,r_times_deff,12922.861638637352,12575.961330920827,13237.574612174116
RY-RZ-CZ-line,10,2,exploratory_post_hoc,16,null_scale_factor,1.20677356309662,1.2023122793617635,1.2115808873876228
RY-RZ-CZ-line,12,1,exploratory_post_hoc,16,enhancement,0.8855683766631794,0.8701061610824693,0.9015086712699957
RY-RZ-CZ-line,12,1,exploratory_post_hoc,16,abs_rho_minus_one,0.11443162333682051,0.098246889521276,0.12972674685206867
RY-RZ-CZ-line,12,1,exploratory_post_hoc,16,orientation_growth_ratio,0.08554393201362576,0.07362538977746332,0.0971064559374352
RY-RZ-CZ-line,12,1,exploratory_post_hoc,16,population_orientation_z,-6.067846896986303,-6.8928060745333415,-5.209435034804675
RY-RZ-CZ-line,12,1,exploratory_post_hoc,16,r_times_deff,5035.311639303085,4914.755961294437,5154.1036087657485
RY-RZ-CZ-line,12,1,exploratory_post_hoc,16,null_scale_factor,1.3376666676448987,1.3358059188977098,1.3394591149175663
RY-RZ-CZ-line,12,2,exploratory_post_hoc,16,enhancement,0.9352891090281996,0.9268918306095414,0.9431655489360405
RY-RZ-CZ-line,12,2,exploratory_post_hoc,16,abs_rho_minus_one,0.06471089097180044,0.05679474931954045,0.07292513263193881
RY-RZ-CZ-line,12,2,exploratory_post_hoc,16,orientation_growth_ratio,0.048765444102922724,0.04279726223276946,0.055029754834428735
RY-RZ-CZ-line,12,2,exploratory_post_hoc,16,population_orientation_z,-8.809937554038417,-9.935990003791897,-7.76051075103067
RY-RZ-CZ-line,12,2,exploratory_post_hoc,16,r_times_deff,32729.525655470054,31941.488651949596,33500.77007785495
RY-RZ-CZ-line,12,2,exploratory_post_hoc,16,null_scale_factor,1.3268112072311307,1.3250419090518575,1.3286458518047708
RY-RZ-CZ-line,14,1,exploratory_post_hoc,12,enhancement,0.8741854790008513,0.8540643226808502,0.8958303375303378
RY-RZ-CZ-line,14,1,exploratory_post_hoc,12,abs_rho_minus_one,0.12581452099914858,0.10426720188959578,0.1461258289359439
RY-RZ-CZ-line,14,1,exploratory_post_hoc,12,orientation_growth_ratio,0.09079146081600302,0.07523236081743503,0.10531302289663572
RY-RZ-CZ-line,14,1,exploratory_post_hoc,12,population_orientation_z,-8.58144789084977,-9.970007596130998,-7.097632422689683
RY-RZ-CZ-line,14,1,exploratory_post_hoc,12,r_times_deff,8922.663462126484,8725.491738754472,9110.185748588232
RY-RZ-CZ-line,14,1,exploratory_post_hoc,12,null_scale_factor,1.3857975435159933,1.3852072904964179,1.386408543331301
RY-RZ-CZ-line,14,2,exploratory_post_hoc,12,enhancement,0.9273865432436516,0.9190681257477871,0.935203308443489
RY-RZ-CZ-line,14,2,exploratory_post_hoc,12,abs_rho_minus_one,0.07261345675634844,0.06447220668493191,0.080922734303697
RY-RZ-CZ-line,14,2,exploratory_post_hoc,12,orientation_growth_ratio,0.052546567271711565,0.046746966594349106,0.05851206116303515
RY-RZ-CZ-line,14,2,exploratory_post_hoc,12,population_orientation_z,-13.603595861591986,-15.169467965992688,-12.081557648681857
RY-RZ-CZ-line,14,2,exploratory_post_hoc,12,r_times_deff,66919.97596594863,65459.69984211306,68361.63795572684
RY-RZ-CZ-line,14,2,exploratory_post_hoc,12,null_scale_factor,1.3819401505032198,1.3813475236848831,1.3825533357968687
RY-RZ-CZ-line,16,1,exploratory_post_hoc,12,enhancement,0.8766269483847471,0.8653075520074448,0.8919969993274706
RY-RZ-CZ-line,16,1,exploratory_post_hoc,12,abs_rho_minus_one,0.12337305161525287,0.10755490039797283,0.1348834044301029
RY-RZ-CZ-line,16,1,exploratory_post_hoc,12,orientation_growth_ratio,0.0878581494108464,0.0767489037467713,0.09600461132619911
RY-RZ-CZ-line,16,1,exploratory_post_hoc,12,population_orientation_z,-10.571112195497422,-11.561203465707408,-9.192592933626312
RY-RZ-CZ-line,16,1,exploratory_post_hoc,12,r_times_deff,14426.684108332984,14035.18954311767,14798.471253427353
RY-RZ-CZ-line,16,1,exploratory_post_hoc,12,null_scale_factor,1.404268846290929,1.4040123046751118,1.4045288993275504
RY-RZ-CZ-line,16,2,exploratory_post_hoc,12,enhancement,0.9197440393976896,0.9134307745574882,0.9261843277385083
RY-RZ-CZ-line,16,2,exploratory_post_hoc,12,abs_rho_minus_one,0.08025596060231051,0.07403439980819401,0.0867686224651957
RY-RZ-CZ-line,16,2,exploratory_post_hoc,12,orientation_growth_ratio,0.05720444523049425,0.052655421480083946,0.061795396165093865
RY-RZ-CZ-line,16,2,exploratory_post_hoc,12,population_orientation_z,-20.042014893808553,-21.685986960088574,-18.39675738633688
RY-RZ-CZ-line,16,2,exploratory_post_hoc,12,r_times_deff,122626.81492083037,119402.4546503789,125840.01089307916
RY-RZ-CZ-line,16,2,exploratory_post_hoc,12,null_scale_factor,1.402982276814118,1.4027292733272494,1.403249041695606
SU2-CNOT-line,6,1,exploratory_post_hoc,16,enhancement,0.9942262464083731,0.9685605821310957,1.0182043048497595
SU2-CNOT-line,6,1,exploratory_post_hoc,16,abs_rho_minus_one,0.04246264148101188,0.028564813600496418,0.05659537832192455
SU2-CNOT-line,6,1,exploratory_post_hoc,16,orientation_growth_ratio,0.07364165517134623,0.049548107823839886,0.09773902262526278
SU2-CNOT-line,6,1,exploratory_post_hoc,16,population_orientation_z,-0.1704597546165531,-0.9296018047368158,0.5751237698619039
SU2-CNOT-line,6,1,exploratory_post_hoc,16,r_times_deff,306.24766206650554,302.9745116711572,309.45476433926797
SU2-CNOT-line,6,1,exploratory_post_hoc,16,null_scale_factor,0.5809910951716295,0.5677065257698877,0.5944025442160081
SU2-CNOT-line,6,2,exploratory_post_hoc,16,enhancement,0.9917380030189954,0.9791142431752177,1.0039792714475642
SU2-CNOT-line,6,2,exploratory_post_hoc,16,abs_rho_minus_one,0.021454231786368086,0.014004941783386786,0.029281627449021044
SU2-CNOT-line,6,2,exploratory_post_hoc,16,orientation_growth_ratio,0.043488609830260955,0.02860292322809772,0.06032059058515617
SU2-CNOT-line,6,2,exploratory_post_hoc,16,population_orientation_z,-0.5489273203617165,-1.373956128581106,0.28983091230932395
SU2-CNOT-line,6,2,exploratory_post_hoc,16,r_times_deff,1071.8668172327693,1060.361497060127,1082.9586411096204
SU2-CNOT-line,6,2,exploratory_post_hoc,16,null_scale_factor,0.49871989487625057,0.4873425239322089,0.5099547164778654
SU2-CNOT-line,8,1,exploratory_post_hoc,16,enhancement,0.9810976077159008,0.9568397119401448,1.005079804675327
SU2-CNOT-line,8,1,exploratory_post_hoc,16,abs_rho_minus_one,0.04712884827578951,0.03597220634026706,0.05912377221096795
SU2-CNOT-line,8,1,exploratory_post_hoc,16,orientation_growth_ratio,0.059054646115319104,0.044838187190813734,0.07472914299048666
SU2-CNOT-line,8,1,exploratory_post_hoc,16,population_orientation_z,-0.899447093117062,-2.028374685656428,0.21869837211304813
SU2-CNOT-line,8,1,exploratory_post_hoc,16,r_times_deff,1353.6776229104319,1333.2711075475936,1373.8241698966224
SU2-CNOT-line,8,1,exploratory_post_hoc,16,null_scale_factor,0.8053851987021298,0.7933884931162075,0.8169106292919931
SU2-CNOT-line,8,2,exploratory_post_hoc,16,enhancement,0.9856984978649397,0.9792192451262282,0.9919843335540427
SU2-CNOT-line,8,2,exploratory_post_hoc,16,abs_rho_minus_one,0.01584123158212812,0.010693376574674035,0.02178903473943604
SU2-CNOT-line,8,2,exploratory_post_hoc,16,orientation_growth_ratio,0.021077107600519493,0.014083338438687296,0.029180668705260083
SU2-CNOT-line,8,2,exploratory_post_hoc,16,population_orientation_z,-1.495937249644851,-2.2159182758524514,-0.830607499848925
SU2-CNOT-line,8,2,exploratory_post_hoc,16,r_times_deff,6091.549303096945,6003.127036471672,6184.229864157365
SU2-CNOT-line,8,2,exploratory_post_hoc,16,null_scale_factor,0.7583631550383587,0.7469551918530509,0.7692743304827985
SU2-CNOT-line,10,1,exploratory_post_hoc,16,enhancement,0.9929654450833425,0.971130857496414,1.014350056456804
SU2-CNOT-line,10,1,exploratory_post_hoc,16,abs_rho_minus_one,0.03362272559685586,0.02053193211648309,0.04916312697319511
SU2-CNOT-line,10,1,exploratory_post_hoc,16,orientation_growth_ratio,0.032483277185136925,0.0200022530174194,0.047294063436840596
SU2-CNOT-line,10,1,exploratory_post_hoc,16,population_orientation_z,-0.4672082671110331,-1.894161821534099,0.9700589255331402
SU2-CNOT-line,10,1,exploratory_post_hoc,16,r_times_deff,4676.490312894919,4631.5411626563855,4729.154771099773
SU2-CNOT-line,10,1,exploratory_post_hoc,16,null_scale_factor,1.0363307889302347,1.0314041560315825,1.04053082362157
SU2-CNOT-line,10,2,exploratory_post_hoc,16,enhancement,0.9912473656654028,0.9868625438489715,0.9957132202928716
SU2-CNOT-line,10,2,exploratory_post_hoc,16,abs_rho_minus_one,0.010223157082375645,0.006812800376018321,0.014023911555430809
SU2-CNOT-line,10,2,exploratory_post_hoc,16,orientation_growth_ratio,0.010091094503758806,0.00669506181820822,0.013861267706324277
SU2-CNOT-line,10,2,exploratory_post_hoc,16,population_orientation_z,-1.3873636992512832,-2.0728853396737086,-0.6925464697361001
SU2-CNOT-line,10,2,exploratory_post_hoc,16,r_times_deff,25720.696720922057,25475.370499640405,26006.26718875861
SU2-CNOT-line,10,2,exploratory_post_hoc,16,null_scale_factor,1.0130511106395654,1.0082728407203088,1.017161068800258
SU2-CNOT-line,12,1,exploratory_post_hoc,16,enhancement,0.9846586585419532,0.9689854980841079,1.0018441340374151
SU2-CNOT-line,12,1,exploratory_post_hoc,16,abs_rho_minus_one,0.03182530826589888,0.022765978684702575,0.04103634329976389
SU2-CNOT-line,12,1,exploratory_post_hoc,16,orientation_growth_ratio,0.02586391273362443,0.018307059105544733,0.03353419533629387
SU2-CNOT-line,12,1,exploratory_post_hoc,16,population_orientation_z,-1.3558987125617654,-2.7204795521904033,0.17557048205829212
SU2-CNOT-line,12,1,exploratory_post_hoc,16,r_times_deff,11782.8759779177,11682.186750389548,11881.025685675208
SU2-CNOT-line,12,1,exploratory_post_hoc,16,null_scale_factor,1.2310970243876076,1.2295380132511848,1.232781043557847
SU2-CNOT-line,12,2,exploratory_post_hoc,16,enhancement,0.9789796890504243,0.9723230062929931,0.9861621034652425
SU2-CNOT-line,12,2,exploratory_post_hoc,16,abs_rho_minus_one,0.02205700887476092,0.015817439529564496,0.028117353472353182
SU2-CNOT-line,12,2,exploratory_post_hoc,16,orientation_growth_ratio,0.018068416390524,0.01290156911273051,0.0230633767744871
SU2-CNOT-line,12,2,exploratory_post_hoc,16,population_orientation_z,-4.767148137072288,-6.324031899615606,-3.156886047530759
SU2-CNOT-line,12,2,exploratory_post_hoc,16,r_times_deff,76588.69385646505,75943.4258615548,77214.4360948546
SU2-CNOT-line,12,2,exploratory_post_hoc,16,null_scale_factor,1.2211064001633507,1.219549176409713,1.2227369451594907
SU2-CNOT-line,14,1,exploratory_post_hoc,12,enhancement,0.9609656321740406,0.9398009283536567,0.9809396168664742
SU2-CNOT-line,14,1,exploratory_post_hoc,12,abs_rho_minus_one,0.04106615850838354,0.022951472951717962,0.06181852145716993
SU2-CNOT-line,14,1,exploratory_post_hoc,12,orientation_growth_ratio,0.030624015530700724,0.01698213719644185,0.046190894605105955
SU2-CNOT-line,14,1,exploratory_post_hoc,12,population_orientation_z,-4.40912013981621,-6.889975418762745,-2.139598632421002
SU2-CNOT-line,14,1,exploratory_post_hoc,12,r_times_deff,23007.685160511814,22806.23730927393,23229.274962803273
SU2-CNOT-line,14,1,exploratory_post_hoc,12,null_scale_factor,1.3407937306400852,1.3400912315367028,1.341460688316509
SU2-CNOT-line,14,2,exploratory_post_hoc,12,enhancement,0.9788827079342091,0.9725866422391218,0.9852576724533448
SU2-CNOT-line,14,2,exploratory_post_hoc,12,abs_rho_minus_one,0.021117292065791004,0.01458265023118484,0.027255715714681578
SU2-CNOT-line,14,2,exploratory_post_hoc,12,orientation_growth_ratio,0.015793430806546466,0.010909897783944886,0.020567331727909775
SU2-CNOT-line,14,2,exploratory_post_hoc,12,population_orientation_z,-6.558984615393698,-8.440388105599476,-4.563368919316631
SU2-CNOT-line,14,2,exploratory_post_hoc,12,r_times_deff,172557.6387038386,171052.24687992095,174173.6017731935
SU2-CNOT-line,14,2,exploratory_post_hoc,12,null_scale_factor,1.3370616065701946,1.336378712528594,1.3377236244111856
SU2-CNOT-line,16,1,exploratory_post_hoc,12,enhancement,0.9523307476215029,0.9410904600444712,0.9635726991938239
SU2-CNOT-line,16,1,exploratory_post_hoc,12,abs_rho_minus_one,0.047669252378497125,0.03670529550599835,0.05864870020769969
SU2-CNOT-line,16,1,exploratory_post_hoc,12,orientation_growth_ratio,0.034330211638602386,0.026446992873870076,0.04255204129406394
SU2-CNOT-line,16,1,exploratory_post_hoc,12,population_orientation_z,-6.642874968708408,-8.21287864212986,-5.063356470031152
SU2-CNOT-line,16,1,exploratory_post_hoc,12,r_times_deff,37283.841134887,36841.32185914677,37777.88112269662
SU2-CNOT-line,16,1,exploratory_post_hoc,12,null_scale_factor,1.3886630121223682,1.3883332650138915,1.3889640074665337
SU2-CNOT-line,16,2,exploratory_post_hoc,12,enhancement,0.9855648089589675,0.9792949253603966,0.9925161910013097
SU2-CNOT-line,16,2,exploratory_post_hoc,12,abs_rho_minus_one,0.01643704474147466,0.011539770458556704,0.02141801764976091
SU2-CNOT-line,16,2,exploratory_post_hoc,12,orientation_growth_ratio,0.011847475429752152,0.008338841730143294,0.01535637980650563
SU2-CNOT-line,16,2,exploratory_post_hoc,12,population_orientation_z,-5.859821437177036,-8.367652857667832,-3.012355030619494
SU2-CNOT-line,16,2,exploratory_post_hoc,12,r_times_deff,316912.64964653953,313189.13179551833,321086.4089143188
SU2-CNOT-line,16,2,exploratory_post_hoc,12,null_scale_factor,1.3873907404703312,1.3870557956783864,1.3876914558343614
SU2-CZ-random-matching,6,1,exploratory_post_hoc,16,enhancement,0.9372871040940403,0.9093155955342518,0.965542532059511
SU2-CZ-random-matching,6,1,exploratory_post_hoc,16,abs_rho_minus_one,0.070943624432775,0.048512140759789116,0.09465237989615087
SU2-CZ-random-matching,6,1,exploratory_post_hoc,16,orientation_growth_ratio,0.11003909754935118,0.07605381000433543,0.14558480243989155
SU2-CZ-random-matching,6,1,exploratory_post_hoc,16,population_orientation_z,-1.6588187269256913,-2.377524303830718,-0.9260786409862073
SU2-CZ-random-matching,6,1,exploratory_post_hoc,16,r_times_deff,290.7815167170603,287.0214119865026,294.4625346281935
SU2-CZ-random-matching,6,1,exploratory_post_hoc,16,null_scale_factor,0.6406676584369884,0.6274561778150252,0.6540541566003907
SU2-CZ-random-matching,6,2,exploratory_post_hoc,16,enhancement,0.9666484645440767,0.9510955865312307,0.9815978908093684
SU2-CZ-random-matching,6,2,exploratory_post_hoc,16,abs_rho_minus_one,0.03757676062554182,0.02552316317060767,0.05071808202895724
SU2-CZ-random-matching,6,2,exploratory_post_hoc,16,orientation_growth_ratio,0.06762363115579685,0.04634444681863124,0.09118395030629198
SU2-CZ-random-matching,6,2,exploratory_post_hoc,16,population_orientation_z,-1.9071102545332856,-2.7758783027841205,-1.0512282923919476
SU2-CZ-random-matching,6,2,exploratory_post_hoc,16,r_times_deff,1017.7353085097111,1004.9036472019973,1030.1844548154763
SU2-CZ-random-matching,6,2,exploratory_post_hoc,16,null_scale_factor,0.5499459628928077,0.5386703692660029,0.5616632248178475
SU2-CZ-random-matching,8,1,exploratory_post_hoc,16,enhancement,0.9651373809985488,0.9443585111761051,0.9851586062008326
SU2-CZ-random-matching,8,1,exploratory_post_hoc,16,abs_rho_minus_one,0.04324158178279858,0.026962021625802125,0.06035275215724782
SU2-CZ-random-matching,8,1,exploratory_post_hoc,16,orientation_growth_ratio,0.04963631657605684,0.03146486922709562,0.06929358514748025
SU2-CZ-random-matching,8,1,exploratory_post_hoc,16,population_orientation_z,-1.3945911252177536,-2.234094117415296,-0.5602260732878828
SU2-CZ-random-matching,8,1,exploratory_post_hoc,16,r_times_deff,1238.9038268223876,1229.0774690176345,1249.4247053930408
SU2-CZ-random-matching,8,1,exploratory_post_hoc,16,null_scale_factor,0.8704419920209925,0.8646515149447798,0.8758984603861383
SU2-CZ-random-matching,8,2,exploratory_post_hoc,16,enhancement,0.9836844078858338,0.9744558440399004,0.9929250935706392
SU2-CZ-random-matching,8,2,exploratory_post_hoc,16,abs_rho_minus_one,0.020591386210858764,0.014071654625270028,0.027717078676719357
SU2-CZ-random-matching,8,2,exploratory_post_hoc,16,orientation_growth_ratio,0.02503696342493409,0.017069114689440182,0.0335066244640165
SU2-CZ-random-matching,8,2,exploratory_post_hoc,16,population_orientation_z,-1.4736630684686638,-2.289436916021497,-0.6377515661082872
SU2-CZ-random-matching,8,2,exploratory_post_hoc,16,r_times_deff,5575.067220700745,5529.311036364575,5622.654050753554
SU2-CZ-random-matching,8,2,exploratory_post_hoc,16,null_scale_factor,0.8196216374607777,0.8142065948532468,0.8246556420814358
SU2-CZ-random-matching,10,1,exploratory_post_hoc,16,enhancement,0.945141286285997,0.9293006003783989,0.9612850009434254
SU2-CZ-random-matching,10,1,exploratory_post_hoc,16,abs_rho_minus_one,0.054858713714003006,0.03860707042169316,0.07101899580387437
SU2-CZ-random-matching,10,1,exploratory_post_hoc,16,orientation_growth_ratio,0.05000557382300648,0.03551084136248964,0.06448858175093365
SU2-CZ-random-matching,10,1,exploratory_post_hoc,16,population_orientation_z,-3.165352365094908,-4.063246026897973,-2.2258863246918037
SU2-CZ-random-matching,10,1,exploratory_post_hoc,16,r_times_deff,4027.5668461368637,4001.1501233370336,4053.0053274474517
SU2-CZ-random-matching,10,1,exploratory_post_hoc,16,null_scale_factor,1.0952403732823761,1.0929840690532096,1.0975288555570324
SU2-CZ-random-matching,10,2,exploratory_post_hoc,16,enhancement,0.9733952626776547,0.9649828599378701,0.9827023266413681
SU2-CZ-random-matching,10,2,exploratory_post_hoc,16,abs_rho_minus_one,0.029434694335943867,0.022495449800927235,0.035909403102696164
SU2-CZ-random-matching,10,2,exploratory_post_hoc,16,orientation_growth_ratio,0.0274739656782524,0.021128150396110507,0.03362862735196534
SU2-CZ-random-matching,10,2,exploratory_post_hoc,16,population_orientation_z,-3.6961095103570845,-4.8775927050195795,-2.373265797903446
SU2-CZ-random-matching,10,2,exploratory_post_hoc,16,r_times_deff,22151.61765375275,22011.06854788441,22295.175916404845
SU2-CZ-random-matching,10,2,exploratory_post_hoc,16,null_scale_factor,1.0706373760412293,1.0684146297861652,1.0728556116697456
SU2-CZ-random-matching,12,1,exploratory_post_hoc,16,enhancement,0.9573318793621852,0.9431758147690341,0.9696826403865939
SU2-CZ-random-matching,12,1,exploratory_post_hoc,16,abs_rho_minus_one,0.04266812063781472,0.0302294668687786,0.05658874337399266
SU2-CZ-random-matching,12,1,exploratory_post_hoc,16,orientation_growth_ratio,0.033699538871285864,0.023902495014340313,0.044542360740533776
SU2-CZ-random-matching,12,1,exploratory_post_hoc,16,population_orientation_z,-3.3062918114660818,-4.38835666615649,-2.337072847499529
SU2-CZ-random-matching,12,1,exploratory_post_hoc,16,r_times_deff,9645.17933106353,9570.634446677217,9724.118458101726
SU2-CZ-random-matching,12,1,exploratory_post_hoc,16,null_scale_factor,1.2658330116253373,1.264599005575135,1.266999836449892
SU2-CZ-random-matching,12,2,exploratory_post_hoc,16,enhancement,0.9751597126875373,0.9688135881030787,0.9812144078956694
SU2-CZ-random-matching,12,2,exploratory_post_hoc,16,abs_rho_minus_one,0.024840287312462676,0.0187328441417965,0.031248333839309316
SU2-CZ-random-matching,12,2,exploratory_post_hoc,16,orientation_growth_ratio,0.019786794952160618,0.014969900173603003,0.0246990463803192
SU2-CZ-random-matching,12,2,exploratory_post_hoc,16,population_orientation_z,-4.956863203092549,-6.25323192287556,-3.7392471933396854
SU2-CZ-random-matching,12,2,exploratory_post_hoc,16,r_times_deff,62693.66565191295,62221.936977423946,63208.83243699181
SU2-CZ-random-matching,12,2,exploratory_post_hoc,16,null_scale_factor,1.2555604971936662,1.2543620553717718,1.2567321286617983
SU2-CZ-ring,6,1,exploratory_post_hoc,16,enhancement,0.9873668149085162,0.9550959877881537,1.0189189279907018
SU2-CZ-ring,6,1,exploratory_post_hoc,16,abs_rho_minus_one,0.0515876851897958,0.03322381163954536,0.07276798370408949
SU2-CZ-ring,6,1,exploratory_post_hoc,16,orientation_growth_ratio,0.08171807631143015,0.05338087913619488,0.11544473228115464
SU2-CZ-ring,6,1,exploratory_post_hoc,16,population_orientation_z,-0.3739911425618906,-1.2332335662161902,0.4657391123137314
SU2-CZ-ring,6,1,exploratory_post_hoc,16,r_times_deff,295.92242078635996,292.68840827595204,299.049686314856
SU2-CZ-ring,6,1,exploratory_post_hoc,16,null_scale_factor,0.6215908682317357,0.6096863148638024,0.6335882403732855
SU2-CZ-ring,6,2,exploratory_post_hoc,16,enhancement,0.9714801385885539,0.9600009824061206,0.9826701309685045
SU2-CZ-ring,6,2,exploratory_post_hoc,16,abs_rho_minus_one,0.030973044885956286,0.022041315839650053,0.04124194325526895
SU2-CZ-ring,6,2,exploratory_post_hoc,16,orientation_growth_ratio,0.05841463457943491,0.04118935891133552,0.0773968446695407
SU2-CZ-ring,6,2,exploratory_post_hoc,16,population_orientation_z,-1.7484670025814397,-2.448242825153956,-1.0738282053554353
SU2-CZ-ring,6,2,exploratory_post_hoc,16,r_times_deff,1035.7284727522597,1024.7087487257704,1046.5807094771628
SU2-CZ-ring,6,2,exploratory_post_hoc,16,null_scale_factor,0.5335705401284893,0.5236486804646182,0.5438397725004369
SU2-CZ-ring,8,1,exploratory_post_hoc,16,enhancement,0.9635022514083034,0.9391925670934281,0.9910854873569741
SU2-CZ-ring,8,1,exploratory_post_hoc,16,abs_rho_minus_one,0.05601855362060265,0.040094188493579465,0.071095479606918
SU2-CZ-ring,8,1,exploratory_post_hoc,16,orientation_growth_ratio,0.06545569462501838,0.0470185509003847,0.0830614132558713
SU2-CZ-ring,8,1,exploratory_post_hoc,16,population_orientation_z,-1.5353304838033361,-2.5446586699074465,-0.3944801102250026
SU2-CZ-ring,8,1,exploratory_post_hoc,16,r_times_deff,1264.8310824138807,1256.1080101201458,1273.3565470618848
SU2-CZ-ring,8,1,exploratory_post_hoc,16,null_scale_factor,0.8562605329090872,0.8515783863100008,0.8610834734727317
SU2-CZ-ring,8,2,exploratory_post_hoc,16,enhancement,0.9857791498392128,0.9761231108140568,0.9965615541514339
SU2-CZ-ring,8,2,exploratory_post_hoc,16,abs_rho_minus_one,0.021858882122497134,0.015804828412863667,0.027835673706994992
SU2-CZ-ring,8,2,exploratory_post_hoc,16,orientation_growth_ratio,0.027142992281362487,0.019608334660995243,0.03453988961920398
SU2-CZ-ring,8,2,exploratory_post_hoc,16,population_orientation_z,-1.3277411702443191,-2.2280370075376346,-0.3460172792964545
SU2-CZ-ring,8,2,exploratory_post_hoc,16,r_times_deff,5691.739870862464,5652.432007572801,5729.332989980923
SU2-CZ-ring,8,2,exploratory_post_hoc,16,null_scale_factor,0.8062681563035831,0.8018937261233013,0.8107666991459261
SU2-CZ-ring,10,1,exploratory_post_hoc,16,enhancement,0.9582305451626847,0.9356130381058395,0.9793223590204307
SU2-CZ-ring,10,1,exploratory_post_hoc,16,abs_rho_minus_one,0.04704250137351788,0.029345709157190335,0.06699755442245732
SU2-CZ-ring,10,1,exploratory_post_hoc,16,orientation_growth_ratio,0.04302229729999936,0.026220750028188564,0.06089416148013884
SU2-CZ-ring,10,1,exploratory_post_hoc,16,population_orientation_z,-2.4239465725086884,-3.7075780790576642,-1.1955443116362297
SU2-CZ-ring,10,1,exploratory_post_hoc,16,r_times_deff,4083.407378881383,4042.0792961082257,4123.63001832727
SU2-CZ-ring,10,1,exploratory_post_hoc,16,null_scale_factor,1.090284455640826,1.0867507501299671,1.0939613687756324
SU2-CZ-ring,10,2,exploratory_post_hoc,16,enhancement,0.9776802263933846,0.9694421164203176,0.9857768781504515
SU2-CZ-ring,10,2,exploratory_post_hoc,16,abs_rho_minus_one,0.023711524476361025,0.01689904721918859,0.03138210284391221
SU2-CZ-ring,10,2,exploratory_post_hoc,16,orientation_growth_ratio,0.02218418793172868,0.01582955677995082,0.0291153077917657
SU2-CZ-ring,10,2,exploratory_post_hoc,16,population_orientation_z,-3.114263006503064,-4.24816120333128,-1.9973289118256945
SU2-CZ-ring,10,2,exploratory_post_hoc,16,r_times_deff,22458.740583847604,22233.08285090116,22681.210294245615
SU2-CZ-ring,10,2,exploratory_post_hoc,16,null_scale_factor,1.0657927859502674,1.0623591496977587,1.0693716444436343
SU2-CZ-ring,12,1,exploratory_post_hoc,16,enhancement,0.9605544863388593,0.9412635506556774,0.9814180458928413
SU2-CZ-ring,12,1,exploratory_post_hoc,16,abs_rho_minus_one,0.04746761966538145,0.031817154160419615,0.062777848606701
SU2-CZ-ring,12,1,exploratory_post_hoc,16,orientation_growth_ratio,0.037440959933966345,0.025245488856712756,0.04977644972323927
SU2-CZ-ring,12,1,exploratory_post_hoc,16,population_orientation_z,-3.038453347416238,-4.528918481497009,-1.4751595519449086
SU2-CZ-ring,12,1,exploratory_post_hoc,16,r_times_deff,9532.256681875417,9460.069881499341,9604.196253866381
SU2-CZ-ring,12,1,exploratory_post_hoc,16,null_scale_factor,1.2676415084288921,1.2664817164783713,1.2687797812284924
SU2-CZ-ring,12,2,exploratory_post_hoc,16,enhancement,0.9689936280513028,0.9627856776011674,0.9755129603431653
SU2-CZ-ring,12,2,exploratory_post_hoc,16,abs_rho_minus_one,0.031006371948697223,0.024556754416201473,0.037330403993214537
SU2-CZ-ring,12,2,exploratory_post_hoc,16,orientation_growth_ratio,0.024657518550422676,0.019330739853353044,0.029575433529776568
SU2-CZ-ring,12,2,exploratory_post_hoc,16,population_orientation_z,-6.134957452160876,-7.341644031390266,-4.860926755121339
SU2-CZ-ring,12,2,exploratory_post_hoc,16,r_times_deff,61959.66843219021,61485.77871421099,62432.157234777296
SU2-CZ-ring,12,2,exploratory_post_hoc,16,null_scale_factor,1.2573543176462776,1.2561641853774372,1.2584974026746791
SU2-HaarU4-brickwork,6,1,exploratory_post_hoc,16,enhancement,0.9463173112702745,0.9191936974028224,0.9780667577115694
SU2-HaarU4-brickwork,6,1,exploratory_post_hoc,16,abs_rho_minus_one,0.07370634436313436,0.05776864831152316,0.08964784379352228
SU2-HaarU4-brickwork,6,1,exploratory_post_hoc,16,orientation_growth_ratio,0.10259123978723174,0.0802226417347543,0.12583258548011236
SU2-HaarU4-brickwork,6,1,exploratory_post_hoc,16,population_orientation_z,-1.2196980933306003,-1.8500315505417417,-0.5035490878314917
SU2-HaarU4-brickwork,6,1,exploratory_post_hoc,16,r_times_deff,267.9412344285589,264.91036644069766,271.2333374731892
SU2-HaarU4-brickwork,6,1,exploratory_post_hoc,16,null_scale_factor,0.7200120453914473,0.7085776434616493,0.7301995418447831
SU2-HaarU4-brickwork,6,2,exploratory_post_hoc,16,enhancement,0.9826203311424347,0.9681974430734142,0.9982394488874058
SU2-HaarU4-brickwork,6,2,exploratory_post_hoc,16,abs_rho_minus_one,0.031173820887914656,0.023034992584763273,0.03929795861761016
SU2-HaarU4-brickwork,6,2,exploratory_post_hoc,16,orientation_growth_ratio,0.050535927367546314,0.03746444851981943,0.06355356772456913
SU2-HaarU4-brickwork,6,2,exploratory_post_hoc,16,population_orientation_z,-0.8897306131914837,-1.6015808717393816,-0.11891195309237075
SU2-HaarU4-brickwork,6,2,exploratory_post_hoc,16,r_times_deff,937.794320499956,926.9837042480244,949.0907253545022
SU2-HaarU4-brickwork,6,2,exploratory_post_hoc,16,null_scale_factor,0.6180547939055424,0.60833540927438,0.6267789328370368
SU2-HaarU4-brickwork,8,1,exploratory_post_hoc,16,enhancement,0.9251479797610935,0.895875514113003,0.9547393392227348
SU2-HaarU4-brickwork,8,1,exploratory_post_hoc,16,abs_rho_minus_one,0.08096881292464506,0.05620763179476428,0.10674874013027785
SU2-HaarU4-brickwork,8,1,exploratory_post_hoc,16,orientation_growth_ratio,0.08460905891956888,0.05900364185804044,0.11104969110909294
SU2-HaarU4-brickwork,8,1,exploratory_post_hoc,16,population_orientation_z,-2.5621597426022555,-3.5525156785504253,-1.519958579391161
SU2-HaarU4-brickwork,8,1,exploratory_post_hoc,16,r_times_deff,1066.6303103122261,1053.6524896025821,1078.7347849600483
SU2-HaarU4-brickwork,8,1,exploratory_post_hoc,16,null_scale_factor,0.9594792475573595,0.9533928518460101,0.9658996892291424
SU2-HaarU4-brickwork,8,2,exploratory_post_hoc,16,enhancement,0.9653300538853926,0.9567740165790715,0.9737116573167451
SU2-HaarU4-brickwork,8,2,exploratory_post_hoc,16,abs_rho_minus_one,0.03466994611460732,0.02621862842843063,0.04310341914140381
SU2-HaarU4-brickwork,8,2,exploratory_post_hoc,16,orientation_growth_ratio,0.038392905953528296,0.029129798037719864,0.04774025464581024
SU2-HaarU4-brickwork,8,2,exploratory_post_hoc,16,population_orientation_z,-2.6608929515648336,-3.31552900754931,-2.0090867237054963
SU2-HaarU4-brickwork,8,2,exploratory_post_hoc,16,r_times_deff,4799.836396405017,4743.955493104168,4856.455666373492
SU2-HaarU4-brickwork,8,2,exploratory_post_hoc,16,null_scale_factor,0.9034604938655484,0.8976024432934153,0.9093318168594255
SU2-HaarU4-brickwork,10,1,exploratory_post_hoc,16,enhancement,0.9331164529451954,0.9168828476183474,0.949379655456983
SU2-HaarU4-brickwork,10,1,exploratory_post_hoc,16,abs_rho_minus_one,0.06688354705480454,0.050619639315018485,0.08284797289379772
SU2-HaarU4-brickwork,10,1,exploratory_post_hoc,16,orientation_growth_ratio,0.05750765092372592,0.043397611518884875,0.07154590221979164
SU2-HaarU4-brickwork,10,1,exploratory_post_hoc,16,population_orientation_z,-3.2709630167592176,-4.087801589781804,-2.470725919377766
SU2-HaarU4-brickwork,10,1,exploratory_post_hoc,16,r_times_deff,3238.162784763842,3192.9304632894896,3282.163814399785
SU2-HaarU4-brickwork,10,1,exploratory_post_hoc,16,null_scale_factor,1.1628371678784748,1.1592310390629608,1.1665293104472603
SU2-HaarU4-brickwork,10,2,exploratory_post_hoc,16,enhancement,0.9615704422572297,0.9528079099389631,0.9694514821439992
SU2-HaarU4-brickwork,10,2,exploratory_post_hoc,16,abs_rho_minus_one,0.03842955774277038,0.03050760671173096,0.047284521621486365
SU2-HaarU4-brickwork,10,2,exploratory_post_hoc,16,orientation_growth_ratio,0.03381332205499478,0.02685355155548016,0.041584347875736796
SU2-HaarU4-brickwork,10,2,exploratory_post_hoc,16,population_orientation_z,-4.513613370183482,-5.56141985914534,-3.5680462029008093
SU2-HaarU4-brickwork,10,2,exploratory_post_hoc,16,r_times_deff,17809.89531620113,17563.006830816892,18052.6135636898
SU2-HaarU4-brickwork,10,2,exploratory_post_hoc,16,null_scale_factor,1.1367157060230515,1.1331550155168886,1.140354367606943
SU2-HaarU4-brickwork,12,1,exploratory_post_hoc,16,enhancement,0.9245051915885494,0.8999818798115325,0.9491947411148415
SU2-HaarU4-brickwork,12,1,exploratory_post_hoc,16,abs_rho_minus_one,0.07666636431452725,0.05348228515104739,0.09992143040420143
SU2-HaarU4-brickwork,12,1,exploratory_post_hoc,16,orientation_growth_ratio,0.05893705537038056,0.040863462046993725,0.0770359618140082
SU2-HaarU4-brickwork,12,1,exploratory_post_hoc,16,population_orientation_z,-5.002414373505884,-6.6639340099834135,-3.3397401636733273
SU2-HaarU4-brickwork,12,1,exploratory_post_hoc,16,r_times_deff,7427.571719640646,7350.976575588287,7505.329597193212
SU2-HaarU4-brickwork,12,1,exploratory_post_hoc,16,null_scale_factor,1.3008856850087822,1.2996935753844674,1.3020526384647042
SU2-HaarU4-brickwork,12,2,exploratory_post_hoc,16,enhancement,0.9568905141863809,0.9522473543375629,0.9617735187605773
SU2-HaarU4-brickwork,12,2,exploratory_post_hoc,16,abs_rho_minus_one,0.043109485813619126,0.0381013218826482,0.04764076831243814
SU2-HaarU4-brickwork,12,2,exploratory_post_hoc,16,orientation_growth_ratio,0.03341477909288032,0.02958422486590016,0.03696910046639801
SU2-HaarU4-brickwork,12,2,exploratory_post_hoc,16,population_orientation_z,-7.347939347357176,-8.132436790700527,-6.487311835709697
SU2-HaarU4-brickwork,12,2,exploratory_post_hoc,16,r_times_deff,48279.2161776642,47789.58347243556,48778.91564771661
SU2-HaarU4-brickwork,12,2,exploratory_post_hoc,16,null_scale_factor,1.2903287103916923,1.2891162282252817,1.2914936751329802
SU2-HaarU4-brickwork,14,1,exploratory_post_hoc,12,enhancement,0.9300123611598439,0.9093451999470201,0.9519584255490474
SU2-HaarU4-brickwork,14,1,exploratory_post_hoc,12,abs_rho_minus_one,0.07183577508933876,0.05283539893502138,0.09071381608052027
SU2-HaarU4-brickwork,14,1,exploratory_post_hoc,12,orientation_growth_ratio,0.05240199436519686,0.03851228253641337,0.06588745030368144
SU2-HaarU4-brickwork,14,1,exploratory_post_hoc,12,population_orientation_z,-5.963951743623848,-7.737807755606029,-4.0912175077051005
SU2-HaarU4-brickwork,14,1,exploratory_post_hoc,12,r_times_deff,13616.316166430914,13426.216293367645,13810.830567796122
SU2-HaarU4-brickwork,14,1,exploratory_post_hoc,12,null_scale_factor,1.37096477547613,1.3703528844083006,1.3715704350530022
SU2-HaarU4-brickwork,14,2,exploratory_post_hoc,12,enhancement,0.9574997645062958,0.9490707695122241,0.9652564956457059
SU2-HaarU4-brickwork,14,2,exploratory_post_hoc,12,abs_rho_minus_one,0.04250023549370401,0.034806434465010194,0.05099563216674172
SU2-HaarU4-brickwork,14,2,exploratory_post_hoc,12,orientation_growth_ratio,0.031090022828181674,0.025310791222130674,0.03717519296804709
SU2-HaarU4-brickwork,14,2,exploratory_post_hoc,12,population_orientation_z,-9.951139060611618,-11.966019249055956,-8.11614466861351
SU2-HaarU4-brickwork,14,2,exploratory_post_hoc,12,r_times_deff,102122.37124823184,100664.1145126113,103532.08617679893
SU2-HaarU4-brickwork,14,2,exploratory_post_hoc,12,null_scale_factor,1.3671486697466646,1.3665282126997298,1.3677520683016902
SU2-HaarU4-brickwork,16,1,exploratory_post_hoc,12,enhancement,0.9267109118333674,0.9060053156973712,0.9456790320669336
SU2-HaarU4-brickwork,16,1,exploratory_post_hoc,12,abs_rho_minus_one,0.07328908816663264,0.05377544992239929,0.09364809840665954
SU2-HaarU4-brickwork,16,1,exploratory_post_hoc,12,orientation_growth_ratio,0.05237255955138409,0.03877693460779024,0.06685108532227733
SU2-HaarU4-brickwork,16,1,exploratory_post_hoc,12,population_orientation_z,-7.69948811984393,-9.862279188065434,-5.656022150048475
SU2-HaarU4-brickwork,16,1,exploratory_post_hoc,12,r_times_deff,21611.942730057264,21358.39715702428,21867.98767106246
SU2-HaarU4-brickwork,16,1,exploratory_post_hoc,12,null_scale_factor,1.3993818856017544,1.3992058762399735,1.3995504230099802
SU2-HaarU4-brickwork,16,2,exploratory_post_hoc,12,enhancement,0.9511742275097905,0.9438908770395056,0.9583984468789888
SU2-HaarU4-brickwork,16,2,exploratory_post_hoc,12,abs_rho_minus_one,0.04882577249020948,0.041686351084974135,0.05606558417507157
SU2-HaarU4-brickwork,16,2,exploratory_post_hoc,12,orientation_growth_ratio,0.0349223660848178,0.02975553755776727,0.040089815958321916
SU2-HaarU4-brickwork,16,2,exploratory_post_hoc,12,population_orientation_z,-14.955161763392072,-17.149392700116962,-12.783494158248127
SU2-HaarU4-brickwork,16,2,exploratory_post_hoc,12,r_times_deff,183701.51320548673,181570.64454247642,185880.863658561
SU2-HaarU4-brickwork,16,2,exploratory_post_hoc,12,null_scale_factor,1.3980997934830095,1.3979279217301674,1.3982748899093869
SU2-HaarU4-brickwork,18,1,exploratory_post_hoc,12,enhancement,0.9292457387753762,0.909699975815543,0.9500298104694325
SU2-HaarU4-brickwork,18,1,exploratory_post_hoc,12,abs_rho_minus_one,0.07075426122462371,0.05079907430887883,0.09062984749166174
SU2-HaarU4-brickwork,18,1,exploratory_post_hoc,12,orientation_growth_ratio,0.05020605396547207,0.03559620576690815,0.06427180141477187
SU2-HaarU4-brickwork,18,1,exploratory_post_hoc,12,population_orientation_z,-9.054740677372463,-11.680646475861229,-6.400437235540533
SU2-HaarU4-brickwork,18,1,exploratory_post_hoc,12,r_times_deff,32213.887048747245,31405.028080118347,32945.18861816133
SU2-HaarU4-brickwork,18,1,exploratory_post_hoc,12,null_scale_factor,1.409326757599212,1.4092126136138918,1.4094481492354263
SU2-HaarU4-brickwork,18,2,exploratory_post_hoc,12,enhancement,0.9584184295480891,0.9523998265087151,0.9660954852445143
SU2-HaarU4-brickwork,18,2,exploratory_post_hoc,12,abs_rho_minus_one,0.041581570451910875,0.03358756760012884,0.047575977144918194
SU2-HaarU4-brickwork,18,2,exploratory_post_hoc,12,orientation_growth_ratio,0.029512726286860348,0.02400246304312838,0.0337854535157566
SU2-HaarU4-brickwork,18,2,exploratory_post_hoc,12,population_orientation_z,-16.28592167920782,-18.655547797476324,-13.263601464482528
SU2-HaarU4-brickwork,18,2,exploratory_post_hoc,12,r_times_deff,306031.9269630988,298436.77925099793,313046.6078761676
SU2-HaarU4-brickwork,18,2,exploratory_post_hoc,12,null_scale_factor,1.4089153918996604,1.4088018343318844,1.4090406065817094
U1-RZ-XY-line,6,1,exploratory_post_hoc,20,enhancement,2.0581664696043567,2.0227301307972114,2.0942119273225486
U1-RZ-XY-line,6,1,exploratory_post_hoc,20,abs_rho_minus_one,1.0581664696043562,1.0237033080748725,1.0954496995728904
U1-RZ-XY-line,6,1,exploratory_post_hoc,20,orientation_growth_ratio,1.2564602090670078,1.2188155972344517,1.2941704781837757
U1-RZ-XY-line,6,1,exploratory_post_hoc,20,population_orientation_z,8.616192887540972,8.332024315262483,8.89108294293433
U1-RZ-XY-line,6,1,exploratory_post_hoc,20,r_times_deff,47.08652172768766,45.73227930501556,48.39916888147544
U1-RZ-XY-line,6,1,exploratory_post_hoc,20,null_scale_factor,0.8420915335972792,0.83075509248076,0.8538521099710753
U1-RZ-XY-line,6,2,exploratory_post_hoc,20,enhancement,1.1921892516726256,1.1715421177151202,1.2104987646574565
U1-RZ-XY-line,6,2,exploratory_post_hoc,20,abs_rho_minus_one,0.19218925167262574,0.1716669371032265,0.21041068033005533
U1-RZ-XY-line,6,2,exploratory_post_hoc,20,orientation_growth_ratio,0.3820302783366701,0.3410559039495264,0.4185815947957239
U1-RZ-XY-line,6,2,exploratory_post_hoc,20,population_orientation_z,4.3859361398420145,3.908738537344657,4.832465450482809
U1-RZ-XY-line,6,2,exploratory_post_hoc,20,r_times_deff,131.84226083752543,128.18332075356426,135.48324677505562
U1-RZ-XY-line,6,2,exploratory_post_hoc,20,null_scale_factor,0.503245946316871,0.49622000525329696,0.5102513416565186
U1-RZ-XY-line,8,1,exploratory_post_hoc,20,enhancement,4.218775643990049,4.115573733450956,4.318840363559245
U1-RZ-XY-line,8,1,exploratory_post_hoc,20,abs_rho_minus_one,3.2187756439900506,3.118845009234793,3.3188916001590845
U1-RZ-XY-line,8,1,exploratory_post_hoc,20,orientation_growth_ratio,2.7859979408397093,2.701212170397073,2.8683718384275134
U1-RZ-XY-line,8,1,exploratory_post_hoc,20,population_orientation_z,30.40404922092734,29.602679407990713,31.17835474339161
U1-RZ-XY-line,8,1,exploratory_post_hoc,20,r_times_deff,119.37703928937772,116.68028186653152,121.93625868991589
U1-RZ-XY-line,8,1,exploratory_post_hoc,20,null_scale_factor,1.1550188061326994,1.1509052497130405,1.1593512960656234
U1-RZ-XY-line,8,2,exploratory_post_hoc,20,enhancement,1.8976777288711102,1.868796717090884,1.9269479066585804
U1-RZ-XY-line,8,2,exploratory_post_hoc,20,abs_rho_minus_one,0.8976777288711106,0.868895027385922,0.9271502843829169
U1-RZ-XY-line,8,2,exploratory_post_hoc,20,orientation_growth_ratio,0.9442051556624138,0.9149116615925685,0.9750322052261098
U1-RZ-XY-line,8,2,exploratory_post_hoc,20,population_orientation_z,20.2492162260698,19.620111969400387,20.921329111016927
U1-RZ-XY-line,8,2,exploratory_post_hoc,20,r_times_deff,460.4542944018855,449.98278813442147,470.368863569869
U1-RZ-XY-line,8,2,exploratory_post_hoc,20,null_scale_factor,0.9506438784543448,0.94732845265234,0.9541926363990013
U1-RZ-XY-line,10,1,exploratory_post_hoc,20,enhancement,9.885729003053928,9.709261228010456,10.062386429787614
U1-RZ-XY-line,10,1,exploratory_post_hoc,20,abs_rho_minus_one,8.885729003053928,8.714957064677609,9.062597467139627
U1-RZ-XY-line,10,1,exploratory_post_hoc,20,orientation_growth_ratio,6.790846099695879,6.658932386625611,6.92154669037257
U1-RZ-XY-line,10,1,exploratory_post_hoc,20,population_orientation_z,106.33891253529862,104.30537952768312,108.33653488397526
U1-RZ-XY-line,10,1,exploratory_post_hoc,20,r_times_deff,245.38957681040512,241.7290870938339,249.44996109946027
U1-RZ-XY-line,10,1,exploratory_post_hoc,20,null_scale_factor,1.3084521965116676,1.3071334378536554,1.309650660051776
U1-RZ-XY-line,10,2,exploratory_post_hoc,20,enhancement,3.6056329769091726,3.5666143952141787,3.64585844703364
U1-RZ-XY-line,10,2,exploratory_post_hoc,20,abs_rho_minus_one,2.605632976909172,2.565722188137991,2.645685171477854
U1-RZ-XY-line,10,2,exploratory_post_hoc,20,orientation_growth_ratio,2.1530976411538365,2.1220984544702777,2.186271964562937
U1-RZ-XY-line,10,2,exploratory_post_hoc,20,population_orientation_z,74.54419697404853,73.56946830009241,75.57814479804404
U1-RZ-XY-line,10,2,exploratory_post_hoc,20,r_times_deff,1199.6823755175358,1181.8971594649313,1218.9272815906334
U1-RZ-XY-line,10,2,exploratory_post_hoc,20,null_scale_factor,1.2101392587118902,1.208937488168795,1.2112275232424825
U1-RZ-XY-line,12,1,exploratory_post_hoc,20,enhancement,25.48582642165385,25.00289082294014,25.978266909845008
U1-RZ-XY-line,12,1,exploratory_post_hoc,20,abs_rho_minus_one,24.48582642165385,24.003465849799625,24.978721169070514
U1-RZ-XY-line,12,1,exploratory_post_hoc,20,orientation_growth_ratio,17.80297875933102,17.453193301762795,18.162588043663654
U1-RZ-XY-line,12,1,exploratory_post_hoc,20,population_orientation_z,366.35799355252,360.5274566597467,372.0250576709658
U1-RZ-XY-line,12,1,exploratory_post_hoc,20,r_times_deff,424.088967102048,417.02331702271783,430.959528036998
U1-RZ-XY-line,12,1,exploratory_post_hoc,20,null_scale_factor,1.3753452098897578,1.3748740240176969,1.3758526409034673
U1-RZ-XY-line,12,2,exploratory_post_hoc,20,enhancement,7.88180223682807,7.811022671073283,7.9552010394290456
U1-RZ-XY-line,12,2,exploratory_post_hoc,20,abs_rho_minus_one,6.8818022368280705,6.811344281145572,6.956465146919522
U1-RZ-XY-line,12,2,exploratory_post_hoc,20,orientation_growth_ratio,5.15871667176214,5.105153918118176,5.213744067500244
U1-RZ-XY-line,12,2,exploratory_post_hoc,20,population_orientation_z,258.16363228083577,255.22933157818167,261.191275760532
U1-RZ-XY-line,12,2,exploratory_post_hoc,20,r_times_deff,2505.9802601484653,2463.927591238864,2545.6773510405837
U1-RZ-XY-line,12,2,exploratory_post_hoc,20,null_scale_factor,1.3340064946737802,1.3335367186044258,1.3345021506919044
U1-RZ-XY-line,14,1,exploratory_post_hoc,16,enhancement,71.02505018166977,69.81666836084267,72.15774292050864
U1-RZ-XY-line,14,1,exploratory_post_hoc,16,abs_rho_minus_one,70.02505018166977,68.83149911816008,71.13420220116294
U1-RZ-XY-line,14,1,exploratory_post_hoc,16,orientation_growth_ratio,49.99920724138269,49.139684443817416,50.81323719697942
U1-RZ-XY-line,14,1,exploratory_post_hoc,16,population_orientation_z,1303.8346618461576,1284.2835899644458,1322.7973556949992
U1-RZ-XY-line,14,1,exploratory_post_hoc,16,r_times_deff,680.574219471854,668.6231549275769,690.6597115716672
U1-RZ-XY-line,14,1,exploratory_post_hoc,16,null_scale_factor,1.4005174793444906,1.4003559257210592,1.40071265643919
U1-RZ-XY-line,14,2,exploratory_post_hoc,16,enhancement,18.770061970097245,18.60198838039583,18.92235403833699
U1-RZ-XY-line,14,2,exploratory_post_hoc,16,abs_rho_minus_one,17.770061970097245,17.604053148394062,17.92295332358058
U1-RZ-XY-line,14,2,exploratory_post_hoc,16,orientation_growth_ratio,12.833565190781679,12.713463808175808,12.943233091396266
U1-RZ-XY-line,14,2,exploratory_post_hoc,16,population_orientation_z,880.6735868378973,872.4193574828992,888.9649386143366
U1-RZ-XY-line,14,2,exploratory_post_hoc,16,r_times_deff,4711.667673266682,4628.726941736011,4781.54168444886
U1-RZ-XY-line,14,2,exploratory_post_hoc,16,null_scale_factor,1.3846523340334411,1.3844935077280647,1.3848459169655554
U1-RZ-XY-line,16,1,exploratory_post_hoc,16,enhancement,205.2770861817741,200.81303474697367,209.79159885955897
U1-RZ-XY-line,16,1,exploratory_post_hoc,16,abs_rho_minus_one,204.2770861817741,199.834852203968,208.73194978408287
U1-RZ-XY-line,16,1,exploratory_post_hoc,16,orientation_growth_ratio,144.9192599919084,141.8096546902318,148.14416210287723
U1-RZ-XY-line,16,1,exploratory_post_hoc,16,population_orientation_z,4629.168574947467,4538.90536424354,4716.99692633559
U1-RZ-XY-line,16,1,exploratory_post_hoc,16,r_times_deff,1021.6482839492985,1001.8779327420862,1041.6508674316858
U1-RZ-XY-line,16,1,exploratory_post_hoc,16,null_scale_factor,1.409589177457817,1.4095152876839363,1.4096629879281994
U1-RZ-XY-line,16,2,exploratory_post_hoc,16,enhancement,47.644034077888975,47.29387505627461,48.021416770279636
U1-RZ-XY-line,16,2,exploratory_post_hoc,16,abs_rho_minus_one,46.644034077888975,46.29230049504063,47.01134467470859
U1-RZ-XY-line,16,2,exploratory_post_hoc,16,orientation_growth_ratio,33.22516978013314,32.97499232075686,33.48985772765102
U1-RZ-XY-line,16,2,exploratory_post_hoc,16,population_orientation_z,2990.0925852628216,2964.4607441534713,3015.7070847059704
U1-RZ-XY-line,16,2,exploratory_post_hoc,16,r_times_deff,8105.076385997769,7945.701441329107,8265.489301117403
U1-RZ-XY-line,16,2,exploratory_post_hoc,16,null_scale_factor,1.4038751971840777,1.4038003657138354,1.403947075739783
U1-RZ-XY-line,18,1,exploratory_post_hoc,16,enhancement,615.4756327726393,599.2288163773849,632.4437698611205
U1-RZ-XY-line,18,1,exploratory_post_hoc,16,abs_rho_minus_one,614.4756327726393,598.252664098682,631.5551636496065
U1-RZ-XY-line,18,1,exploratory_post_hoc,16,orientation_growth_ratio,434.96191431475563,423.43966931838446,446.8192647377002
U1-RZ-XY-line,18,1,exploratory_post_hoc,16,population_orientation_z,16554.34363626173,16194.835268478793,16943.550258777574
U1-RZ-XY-line,18,1,exploratory_post_hoc,16,r_times_deff,1451.7825188255615,1414.0192855685268,1488.431511831741
U1-RZ-XY-line,18,1,exploratory_post_hoc,16,null_scale_factor,1.412709409053159,1.4126793829106108,1.41274195952576
U1-RZ-XY-line,18,2,exploratory_post_hoc,16,enhancement,128.1769534555117,126.58668122931296,129.68658699889045
U1-RZ-XY-line,18,2,exploratory_post_hoc,16,abs_rho_minus_one,127.17695345551171,125.56906811808192,128.68302979899516
U1-RZ-XY-line,18,2,exploratory_post_hoc,16,orientation_growth_ratio,90.14868284014037,89.02515992249074,91.22887218124576
U1-RZ-XY-line,18,2,exploratory_post_hoc,16,population_orientation_z,10264.709915599102,10122.703111828727,10407.519646981313
U1-RZ-XY-line,18,2,exploratory_post_hoc,16,r_times_deff,12980.643697734431,12638.365333131987,13302.01842241366
U1-RZ-XY-line,18,2,exploratory_post_hoc,16,null_scale_factor,1.4107460290427578,1.4107150934748531,1.410778301734249
