profile,analysis_role,job_id,circuit_id,family,n,depth_factor,tangent_count_used,k,regular_fraction,state_norm_error,horizontal_overlap_max,probability_sum_error,probability_tangent_sum_max,fisher_violation_max,theorem_bound_slack_sample
v2_coordinate,coordinate-direction visibility and conditional visible-score robustness,SU2-CNOT-line|n8|d48|i0|dir=coordinate|basis=Z|eta=0,SU2-CNOT-line|n8|d48|i0,SU2-CNOT-line,8,6.0,128,1,0.9765625,3.552713678800501e-15,1.3852462131107537e-15,3.552713678800501e-15,4.81385764583564e-17,-0.1227288290537753,0.2650897297765289
v2_coordinate,coordinate-direction visibility and conditional visible-score robustness,SU2-CNOT-line|n8|d48|i0|dir=coordinate|basis=Z|eta=0,SU2-CNOT-line|n8|d48|i0,SU2-CNOT-line,8,6.0,128,2,0.9765625,3.552713678800501e-15,1.3852462131107537e-15,3.552713678800501e-15,4.81385764583564e-17,-0.1227288290537753,0.5340329858366992
v2_coordinate,coordinate-direction visibility and conditional visible-score robustness,SU2-HaarU4-brickwork|n12|d72|i2|dir=coordinate|basis=Z|eta=0,SU2-HaarU4-brickwork|n12|d72|i2,SU2-HaarU4-brickwork,12,6.0,128,1,1.0,1.5099033134902132e-14,4.344507586002036e-15,1.5099033134902132e-14,2.0816681711721685e-17,-0.3348436948009742,0.326852262187453
v2_coordinate,coordinate-direction visibility and conditional visible-score robustness,SU2-HaarU4-brickwork|n12|d72|i2|dir=coordinate|basis=Z|eta=0,SU2-HaarU4-brickwork|n12|d72|i2,SU2-HaarU4-brickwork,12,6.0,128,2,1.0,1.5099033134902132e-14,4.344507586002036e-15,1.5099033134902132e-14,2.0816681711721685e-17,-0.3348436948009742,0.8256116237569198
v2_coordinate,coordinate-direction visibility and conditional visible-score robustness,SU2-CNOT-line|n8|d48|i1|dir=coordinate|basis=Z|eta=0,SU2-CNOT-line|n8|d48|i1,SU2-CNOT-line,8,6.0,128,1,0.984375,8.881784197001252e-16,4.3932305493785497e-16,8.881784197001252e-16,5.377642775528102e-17,-0.0284774307320205,0.2664982280681262
v2_coordinate,coordinate-direction visibility and conditional visible-score robustness,SU2-CNOT-line|n8|d48|i1|dir=coordinate|basis=Z|eta=0,SU2-CNOT-line|n8|d48|i1,SU2-CNOT-line,8,6.0,128,2,0.984375,8.881784197001252e-16,4.3932305493785497e-16,8.881784197001252e-16,5.377642775528102e-17,-0.0284774307320205,0.5346505647127119
v2_coordinate,coordinate-direction visibility and conditional visible-score robustness,SU2-HaarU4-brickwork|n12|d72|i3|dir=coordinate|basis=Z|eta=0,SU2-HaarU4-brickwork|n12|d72|i3,SU2-HaarU4-brickwork,12,6.0,128,1,1.0,1.1324274851176595e-14,4.437856417178903e-15,1.1324274851176595e-14,2.3418766925686896e-17,-0.1982505379654751,0.3267074551509998
v2_coordinate,coordinate-direction visibility and conditional visible-score robustness,SU2-HaarU4-brickwork|n12|d72|i3|dir=coordinate|basis=Z|eta=0,SU2-HaarU4-brickwork|n12|d72|i3,SU2-HaarU4-brickwork,12,6.0,128,2,1.0,1.1324274851176595e-14,4.437856417178903e-15,1.1324274851176595e-14,2.3418766925686896e-17,-0.1982505379654751,0.8260821928613283
v2_coordinate,coordinate-direction visibility and conditional visible-score robustness,SU2-CNOT-line|n12|d72|i0|dir=coordinate|basis=Z|eta=0,SU2-CNOT-line|n12|d72|i0,SU2-CNOT-line,12,6.0,128,1,1.0,4.440892098500626e-15,9.480431434408262e-16,4.884981308350689e-15,2.7321894746634715e-17,-0.4370884455982242,0.3114011703620021
v2_coordinate,coordinate-direction visibility and conditional visible-score robustness,SU2-CNOT-line|n12|d72|i0|dir=coordinate|basis=Z|eta=0,SU2-CNOT-line|n12|d72|i0,SU2-CNOT-line,12,6.0,128,2,1.0,4.440892098500626e-15,9.480431434408262e-16,4.884981308350689e-15,2.7321894746634715e-17,-0.4370884455982242,0.7877474460540896
v2_coordinate,coordinate-direction visibility and conditional visible-score robustness,U1-RZ-XY-line|n8|d48|i2|dir=coordinate|basis=Z|eta=0,U1-RZ-XY-line|n8|d48|i2,U1-RZ-XY-line,8,6.0,128,1,0.96875,8.881784197001252e-16,5.031644331598289e-16,1.1102230246251563e-15,6.938893903907227e-17,-2.666655526170551e-30,0.2607753397463784
v2_coordinate,coordinate-direction visibility and conditional visible-score robustness,U1-RZ-XY-line|n8|d48|i2|dir=coordinate|basis=Z|eta=0,U1-RZ-XY-line|n8|d48|i2,U1-RZ-XY-line,8,6.0,128,2,0.96875,8.881784197001252e-16,5.031644331598289e-16,1.1102230246251563e-15,6.938893903907227e-17,-2.666655526170551e-30,0.6022151318196476
v2_coordinate,coordinate-direction visibility and conditional visible-score robustness,SU2-CNOT-line|n12|d72|i1|dir=coordinate|basis=Z|eta=0,SU2-CNOT-line|n12|d72|i1,SU2-CNOT-line,12,6.0,128,1,0.9921875,2.220446049250313e-15,1.1729790045490956e-15,2.220446049250313e-15,3.0357660829594124e-17,-0.0014367814678759,0.3144861371165718
v2_coordinate,coordinate-direction visibility and conditional visible-score robustness,SU2-CNOT-line|n12|d72|i1|dir=coordinate|basis=Z|eta=0,SU2-CNOT-line|n12|d72|i1,SU2-CNOT-line,12,6.0,128,2,0.9921875,2.220446049250313e-15,1.1729790045490956e-15,2.220446049250313e-15,3.0357660829594124e-17,-0.0014367814678759,0.7949143862957633
v2_coordinate,coordinate-direction visibility and conditional visible-score robustness,U1-RZ-XY-line|n8|d48|i3|dir=coordinate|basis=Z|eta=0,U1-RZ-XY-line|n8|d48|i3,U1-RZ-XY-line,8,6.0,128,1,0.9921875,2.220446049250313e-16,1.2280828408415347e-16,0.0,7.112366251504909e-17,-2.728781569028592e-32,0.1971808524427165
v2_coordinate,coordinate-direction visibility and conditional visible-score robustness,U1-RZ-XY-line|n8|d48|i3|dir=coordinate|basis=Z|eta=0,U1-RZ-XY-line|n8|d48|i3,U1-RZ-XY-line,8,6.0,128,2,0.9921875,2.220446049250313e-16,1.2280828408415347e-16,0.0,7.112366251504909e-17,-2.728781569028592e-32,0.5279037403376698
v2_coordinate,coordinate-direction visibility and conditional visible-score robustness,SU2-CNOT-line|n12|d72|i2|dir=coordinate|basis=Z|eta=0,SU2-CNOT-line|n12|d72|i2,SU2-CNOT-line,12,6.0,128,1,1.0,2.220446049250313e-15,2.012794395885733e-16,2.220446049250313e-15,3.2959746043559335e-17,-0.471219922280918,0.3156178211449418
v2_coordinate,coordinate-direction visibility and conditional visible-score robustness,SU2-CNOT-line|n12|d72|i2|dir=coordinate|basis=Z|eta=0,SU2-CNOT-line|n12|d72|i2,SU2-CNOT-line,12,6.0,128,2,1.0,2.220446049250313e-15,2.012794395885733e-16,2.220446049250313e-15,3.2959746043559335e-17,-0.471219922280918,0.7984214345639735
v2_coordinate,coordinate-direction visibility and conditional visible-score robustness,U1-RZ-XY-line|n8|d48|i4|dir=coordinate|basis=Z|eta=0,U1-RZ-XY-line|n8|d48|i4,U1-RZ-XY-line,8,6.0,128,1,0.96875,1.3322676295501878e-15,7.422566438941952e-16,1.3322676295501878e-15,5.551115123125783e-17,-2.5961810710797725e-30,0.2697443240240642
v2_coordinate,coordinate-direction visibility and conditional visible-score robustness,U1-RZ-XY-line|n8|d48|i4|dir=coordinate|basis=Z|eta=0,U1-RZ-XY-line|n8|d48|i4,U1-RZ-XY-line,8,6.0,128,2,0.96875,1.3322676295501878e-15,7.422566438941952e-16,1.3322676295501878e-15,5.551115123125783e-17,-2.5961810710797725e-30,0.5688404402981637
v2_coordinate,coordinate-direction visibility and conditional visible-score robustness,SU2-CNOT-line|n12|d72|i3|dir=coordinate|basis=Z|eta=0,SU2-CNOT-line|n12|d72|i3,SU2-CNOT-line,12,6.0,128,1,1.0,1.7763568394002505e-15,3.3122830631057167e-16,1.5543122344752194e-15,2.168404344971009e-17,-0.4329091649180399,0.3104704970774331
v2_coordinate,coordinate-direction visibility and conditional visible-score robustness,SU2-CNOT-line|n12|d72|i3|dir=coordinate|basis=Z|eta=0,SU2-CNOT-line|n12|d72|i3,SU2-CNOT-line,12,6.0,128,2,1.0,1.7763568394002505e-15,3.3122830631057167e-16,1.5543122344752194e-15,2.168404344971009e-17,-0.4329091649180399,0.7855666900081275
v2_coordinate,coordinate-direction visibility and conditional visible-score robustness,U1-RZ-XY-line|n8|d48|i5|dir=coordinate|basis=Z|eta=0,U1-RZ-XY-line|n8|d48|i5,U1-RZ-XY-line,8,6.0,128,1,0.984375,1.7763568394002505e-15,1.110135618956116e-15,1.9984014443252818e-15,1.1102230246251563e-16,-4.931167635601758e-30,0.2124351184106331
v2_coordinate,coordinate-direction visibility and conditional visible-score robustness,U1-RZ-XY-line|n8|d48|i5|dir=coordinate|basis=Z|eta=0,U1-RZ-XY-line|n8|d48|i5,U1-RZ-XY-line,8,6.0,128,2,0.984375,1.7763568394002505e-15,1.110135618956116e-15,1.9984014443252818e-15,1.1102230246251563e-16,-4.931167635601758e-30,0.524205378889343
v2_coordinate,coordinate-direction visibility and conditional visible-score robustness,SU2-CNOT-line|n12|d72|i4|dir=coordinate|basis=Z|eta=0,SU2-CNOT-line|n12|d72|i4,SU2-CNOT-line,12,6.0,128,1,1.0,0.0,1.3998456667541484e-16,0.0,2.257851024201063e-17,-0.0792614723630151,0.3148033684718339
v2_coordinate,coordinate-direction visibility and conditional visible-score robustness,SU2-CNOT-line|n12|d72|i4|dir=coordinate|basis=Z|eta=0,SU2-CNOT-line|n12|d72|i4,SU2-CNOT-line,12,6.0,128,2,1.0,0.0,1.3998456667541484e-16,0.0,2.257851024201063e-17,-0.0792614723630151,0.7960613519980076
v2_coordinate,coordinate-direction visibility and conditional visible-score robustness,U1-RZ-XY-line|n8|d48|i6|dir=coordinate|basis=Z|eta=0,U1-RZ-XY-line|n8|d48|i6,U1-RZ-XY-line,8,6.0,128,1,0.9921875,2.886579864025407e-15,1.3426762505616197e-15,2.886579864025407e-15,6.765421556309548e-17,-0.0835841437785321,0.2635705920253157
v2_coordinate,coordinate-direction visibility and conditional visible-score robustness,U1-RZ-XY-line|n8|d48|i6|dir=coordinate|basis=Z|eta=0,U1-RZ-XY-line|n8|d48|i6,U1-RZ-XY-line,8,6.0,128,2,0.9921875,2.886579864025407e-15,1.3426762505616197e-15,2.886579864025407e-15,6.765421556309548e-17,-0.0835841437785321,0.6022181889981544
v2_coordinate,coordinate-direction visibility and conditional visible-score robustness,SU2-CNOT-line|n12|d72|i5|dir=coordinate|basis=Z|eta=0,SU2-CNOT-line|n12|d72|i5,SU2-CNOT-line,12,6.0,128,1,0.9921875,1.7763568394002505e-15,3.764530430724721e-16,1.5543122344752194e-15,2.1385887852276572e-17,-0.3822756700837349,0.3113906895171233
v2_coordinate,coordinate-direction visibility and conditional visible-score robustness,SU2-CNOT-line|n12|d72|i5|dir=coordinate|basis=Z|eta=0,SU2-CNOT-line|n12|d72|i5,SU2-CNOT-line,12,6.0,128,2,0.9921875,1.7763568394002505e-15,3.764530430724721e-16,1.5543122344752194e-15,2.1385887852276572e-17,-0.3822756700837349,0.7875890982738298
v2_coordinate,coordinate-direction visibility and conditional visible-score robustness,U1-RZ-XY-line|n8|d48|i7|dir=coordinate|basis=Z|eta=0,U1-RZ-XY-line|n8|d48|i7,U1-RZ-XY-line,8,6.0,128,1,0.9765625,7.771561172376097e-16,3.866434596982162e-16,8.881784197001252e-16,6.938893903907227e-17,-4.447732296635578e-31,0.1824713175837947
v2_coordinate,coordinate-direction visibility and conditional visible-score robustness,U1-RZ-XY-line|n8|d48|i7|dir=coordinate|basis=Z|eta=0,U1-RZ-XY-line|n8|d48|i7,U1-RZ-XY-line,8,6.0,128,2,0.9765625,7.771561172376097e-16,3.866434596982162e-16,8.881784197001252e-16,6.938893903907227e-17,-4.447732296635578e-31,0.5172722688268026
v2_coordinate,coordinate-direction visibility and conditional visible-score robustness,SU2-CNOT-line|n12|d72|i6|dir=coordinate|basis=Z|eta=0,SU2-CNOT-line|n12|d72|i6,SU2-CNOT-line,12,6.0,128,1,0.9921875,1.1102230246251563e-16,1.249610617605471e-16,0.0,3.04118709382184e-17,-0.1949050532013367,0.3177074864985971
v2_coordinate,coordinate-direction visibility and conditional visible-score robustness,SU2-CNOT-line|n12|d72|i6|dir=coordinate|basis=Z|eta=0,SU2-CNOT-line|n12|d72|i6,SU2-CNOT-line,12,6.0,128,2,0.9921875,1.1102230246251563e-16,1.249610617605471e-16,0.0,3.04118709382184e-17,-0.1949050532013367,0.8033347836300526
v2_coordinate,coordinate-direction visibility and conditional visible-score robustness,U1-RZ-XY-line|n8|d48|i8|dir=coordinate|basis=Z|eta=0,U1-RZ-XY-line|n8|d48|i8,U1-RZ-XY-line,8,6.0,128,1,0.9921875,8.881784197001252e-16,5.659515169166025e-16,8.881784197001252e-16,5.551115123125783e-17,-2.528921622980232e-30,0.2438990771001793
v2_coordinate,coordinate-direction visibility and conditional visible-score robustness,U1-RZ-XY-line|n8|d48|i8|dir=coordinate|basis=Z|eta=0,U1-RZ-XY-line|n8|d48|i8,U1-RZ-XY-line,8,6.0,128,2,0.9921875,8.881784197001252e-16,5.659515169166025e-16,8.881784197001252e-16,5.551115123125783e-17,-2.528921622980232e-30,0.5842378397730492
v2_coordinate,coordinate-direction visibility and conditional visible-score robustness,SU2-CNOT-line|n12|d72|i7|dir=coordinate|basis=Z|eta=0,SU2-CNOT-line|n12|d72|i7,SU2-CNOT-line,12,6.0,128,1,0.9921875,2.886579864025407e-15,1.1366931990350164e-15,2.886579864025407e-15,2.775557561562892e-17,-0.1866289569689884,0.3178849944943441
v2_coordinate,coordinate-direction visibility and conditional visible-score robustness,SU2-CNOT-line|n12|d72|i7|dir=coordinate|basis=Z|eta=0,SU2-CNOT-line|n12|d72|i7,SU2-CNOT-line,12,6.0,128,2,0.9921875,2.886579864025407e-15,1.1366931990350164e-15,2.886579864025407e-15,2.775557561562892e-17,-0.1866289569689884,0.8038093207747551
v2_coordinate,coordinate-direction visibility and conditional visible-score robustness,U1-RZ-XY-line|n8|d48|i9|dir=coordinate|basis=Z|eta=0,U1-RZ-XY-line|n8|d48|i9,U1-RZ-XY-line,8,6.0,128,1,0.984375,1.3322676295501878e-15,6.991070123290977e-16,1.3322676295501878e-15,1.1102230246251563e-16,-1.7792620462610336e-30,0.2214147082969064
v2_coordinate,coordinate-direction visibility and conditional visible-score robustness,U1-RZ-XY-line|n8|d48|i9|dir=coordinate|basis=Z|eta=0,U1-RZ-XY-line|n8|d48|i9,U1-RZ-XY-line,8,6.0,128,2,0.984375,1.3322676295501878e-15,6.991070123290977e-16,1.3322676295501878e-15,1.1102230246251563e-16,-1.7792620462610336e-30,0.5781638207913957
v2_coordinate,coordinate-direction visibility and conditional visible-score robustness,SU2-CNOT-line|n12|d72|i8|dir=coordinate|basis=Z|eta=0,SU2-CNOT-line|n12|d72|i8,SU2-CNOT-line,12,6.0,128,1,0.9921875,7.993605777301127e-15,3.881067305621039e-15,7.771561172376096e-15,2.1467203015212988e-17,-0.004166209830359,0.3150828710276266
v2_coordinate,coordinate-direction visibility and conditional visible-score robustness,SU2-CNOT-line|n12|d72|i8|dir=coordinate|basis=Z|eta=0,SU2-CNOT-line|n12|d72|i8,SU2-CNOT-line,12,6.0,128,2,0.9921875,7.993605777301127e-15,3.881067305621039e-15,7.771561172376096e-15,2.1467203015212988e-17,-0.004166209830359,0.7967416700324023
v2_coordinate,coordinate-direction visibility and conditional visible-score robustness,U1-RZ-XY-line|n8|d48|i10|dir=coordinate|basis=Z|eta=0,U1-RZ-XY-line|n8|d48|i10,U1-RZ-XY-line,8,6.0,128,1,0.984375,6.661338147750939e-16,3.9214344092781473e-16,6.661338147750939e-16,1.0408340855860844e-16,-4.575488190252602e-31,0.2483780131095006
v2_coordinate,coordinate-direction visibility and conditional visible-score robustness,U1-RZ-XY-line|n8|d48|i10|dir=coordinate|basis=Z|eta=0,U1-RZ-XY-line|n8|d48|i10,U1-RZ-XY-line,8,6.0,128,2,0.984375,6.661338147750939e-16,3.9214344092781473e-16,6.661338147750939e-16,1.0408340855860844e-16,-4.575488190252602e-31,0.5319114168223942
v2_coordinate,coordinate-direction visibility and conditional visible-score robustness,SU2-CNOT-line|n12|d72|i9|dir=coordinate|basis=Z|eta=0,SU2-CNOT-line|n12|d72|i9,SU2-CNOT-line,12,6.0,128,1,1.0,4.218847493575595e-15,6.826687911469956e-16,4.440892098500626e-15,2.168404344971009e-17,-0.4368797381984858,0.3128323982214763
v2_coordinate,coordinate-direction visibility and conditional visible-score robustness,SU2-CNOT-line|n12|d72|i9|dir=coordinate|basis=Z|eta=0,SU2-CNOT-line|n12|d72|i9,SU2-CNOT-line,12,6.0,128,2,1.0,4.218847493575595e-15,6.826687911469956e-16,4.440892098500626e-15,2.168404344971009e-17,-0.4368797381984858,0.7912523564746317
v2_coordinate,coordinate-direction visibility and conditional visible-score robustness,U1-RZ-XY-line|n8|d48|i11|dir=coordinate|basis=Z|eta=0,U1-RZ-XY-line|n8|d48|i11,U1-RZ-XY-line,8,6.0,128,1,0.9765625,1.1102230246251563e-16,1.242266718373605e-16,1.1102230246251563e-16,7.63278329429795e-17,0.0,0.2039208129250327
v2_coordinate,coordinate-direction visibility and conditional visible-score robustness,U1-RZ-XY-line|n8|d48|i11|dir=coordinate|basis=Z|eta=0,U1-RZ-XY-line|n8|d48|i11,U1-RZ-XY-line,8,6.0,128,2,0.9765625,1.1102230246251563e-16,1.242266718373605e-16,1.1102230246251563e-16,7.63278329429795e-17,0.0,0.5201055102504821
v2_coordinate,coordinate-direction visibility and conditional visible-score robustness,SU2-CNOT-line|n8|d48|i2|dir=coordinate|basis=Z|eta=0,SU2-CNOT-line|n8|d48|i2,SU2-CNOT-line,8,6.0,128,1,0.9921875,2.997602166487923e-15,6.991844879908943e-16,3.1086244689504387e-15,6.245004513516506e-17,-0.4194560955122878,0.2638614592902762
v2_coordinate,coordinate-direction visibility and conditional visible-score robustness,SU2-CNOT-line|n8|d48|i2|dir=coordinate|basis=Z|eta=0,SU2-CNOT-line|n8|d48|i2,SU2-CNOT-line,8,6.0,128,2,0.9921875,2.997602166487923e-15,6.991844879908943e-16,3.1086244689504387e-15,6.245004513516506e-17,-0.4194560955122878,0.5228014996781765
v2_coordinate,coordinate-direction visibility and conditional visible-score robustness,SU2-HaarU4-brickwork|n12|d72|i4|dir=coordinate|basis=Z|eta=0,SU2-HaarU4-brickwork|n12|d72|i4,SU2-HaarU4-brickwork,12,6.0,128,1,1.0,1.6653345369377348e-14,5.032433476529772e-15,1.6764367671839864e-14,2.0816681711721685e-17,-0.3306164018864497,0.3256556334409645
v2_coordinate,coordinate-direction visibility and conditional visible-score robustness,SU2-HaarU4-brickwork|n12|d72|i4|dir=coordinate|basis=Z|eta=0,SU2-HaarU4-brickwork|n12|d72|i4,SU2-HaarU4-brickwork,12,6.0,128,2,1.0,1.6653345369377348e-14,5.032433476529772e-15,1.6764367671839864e-14,2.0816681711721685e-17,-0.3306164018864497,0.8229368940181736
v2_coordinate,coordinate-direction visibility and conditional visible-score robustness,SU2-HaarU4-brickwork|n8|d48|i0|dir=coordinate|basis=Z|eta=0,SU2-HaarU4-brickwork|n8|d48|i0,SU2-HaarU4-brickwork,8,6.0,128,1,1.0,9.992007221626407e-15,4.674862932351998e-15,9.992007221626407e-15,5.713745448998607e-17,-0.0623635184498542,0.2811712403684096
v2_coordinate,coordinate-direction visibility and conditional visible-score robustness,SU2-HaarU4-brickwork|n8|d48|i0|dir=coordinate|basis=Z|eta=0,SU2-HaarU4-brickwork|n8|d48|i0,SU2-HaarU4-brickwork,8,6.0,128,2,1.0,9.992007221626407e-15,4.674862932351998e-15,9.992007221626407e-15,5.713745448998607e-17,-0.0623635184498542,0.562865225744745
v2_coordinate,coordinate-direction visibility and conditional visible-score robustness,U1-RZ-XY-line|n12|d72|i0|dir=coordinate|basis=Z|eta=0,U1-RZ-XY-line|n12|d72|i0,U1-RZ-XY-line,12,6.0,128,1,0.9921875,4.218847493575595e-15,2.0274488038797986e-15,4.218847493575595e-15,8.326672684688674e-17,-2.0306419575734202e-29,0.3006716962778732
v2_coordinate,coordinate-direction visibility and conditional visible-score robustness,U1-RZ-XY-line|n12|d72|i0|dir=coordinate|basis=Z|eta=0,U1-RZ-XY-line|n12|d72|i0,U1-RZ-XY-line,12,6.0,128,2,0.9921875,4.218847493575595e-15,2.0274488038797986e-15,4.218847493575595e-15,8.326672684688674e-17,-2.0306419575734202e-29,0.8553733308976541
v2_coordinate,coordinate-direction visibility and conditional visible-score robustness,SU2-HaarU4-brickwork|n8|d48|i1|dir=coordinate|basis=Z|eta=0,SU2-HaarU4-brickwork|n8|d48|i1,SU2-HaarU4-brickwork,8,6.0,128,1,1.0,1.1768364061026661e-14,4.917946580571528e-15,1.1879386363489175e-14,5.464378949326943e-17,-0.1531569236046253,0.2806220197253157
v2_coordinate,coordinate-direction visibility and conditional visible-score robustness,SU2-HaarU4-brickwork|n8|d48|i1|dir=coordinate|basis=Z|eta=0,SU2-HaarU4-brickwork|n8|d48|i1,SU2-HaarU4-brickwork,8,6.0,128,2,1.0,1.1768364061026661e-14,4.917946580571528e-15,1.1879386363489175e-14,5.464378949326943e-17,-0.1531569236046253,0.5615391753272536
v2_coordinate,coordinate-direction visibility and conditional visible-score robustness,U1-RZ-XY-line|n12|d72|i1|dir=coordinate|basis=Z|eta=0,U1-RZ-XY-line|n12|d72|i1,U1-RZ-XY-line,12,6.0,128,1,0.984375,1.1102230246251563e-15,6.13676291291794e-16,1.1102230246251563e-15,9.714451465470121e-17,-1.5081816415064797e-30,0.3095722551856358
v2_coordinate,coordinate-direction visibility and conditional visible-score robustness,U1-RZ-XY-line|n12|d72|i1|dir=coordinate|basis=Z|eta=0,U1-RZ-XY-line|n12|d72|i1,U1-RZ-XY-line,12,6.0,128,2,0.984375,1.1102230246251563e-15,6.13676291291794e-16,1.1102230246251563e-15,9.714451465470121e-17,-1.5081816415064797e-30,0.9098030042963828
v2_coordinate,coordinate-direction visibility and conditional visible-score robustness,SU2-HaarU4-brickwork|n8|d48|i2|dir=coordinate|basis=Z|eta=0,SU2-HaarU4-brickwork|n8|d48|i2,SU2-HaarU4-brickwork,8,6.0,128,1,1.0,3.885780586188048e-15,1.9127894062221946e-15,3.885780586188048e-15,6.591949208711867e-17,-0.0265353933718691,0.2840221036657641
v2_coordinate,coordinate-direction visibility and conditional visible-score robustness,SU2-HaarU4-brickwork|n8|d48|i2|dir=coordinate|basis=Z|eta=0,SU2-HaarU4-brickwork|n8|d48|i2,SU2-HaarU4-brickwork,8,6.0,128,2,1.0,3.885780586188048e-15,1.9127894062221946e-15,3.885780586188048e-15,6.591949208711867e-17,-0.0265353933718691,0.5686982291791349
v2_coordinate,coordinate-direction visibility and conditional visible-score robustness,U1-RZ-XY-line|n12|d72|i2|dir=coordinate|basis=Z|eta=0,U1-RZ-XY-line|n12|d72|i2,U1-RZ-XY-line,12,6.0,128,1,1.0,8.881784197001252e-16,3.486966791742284e-16,8.881784197001252e-16,9.020562075079396e-17,-0.1994508308524442,0.2711065514972763
v2_coordinate,coordinate-direction visibility and conditional visible-score robustness,U1-RZ-XY-line|n12|d72|i2|dir=coordinate|basis=Z|eta=0,U1-RZ-XY-line|n12|d72|i2,U1-RZ-XY-line,12,6.0,128,2,1.0,8.881784197001252e-16,3.486966791742284e-16,8.881784197001252e-16,9.020562075079396e-17,-0.1994508308524442,0.8751700590512984
v2_coordinate,coordinate-direction visibility and conditional visible-score robustness,SU2-HaarU4-brickwork|n8|d48|i3|dir=coordinate|basis=Z|eta=0,SU2-HaarU4-brickwork|n8|d48|i3,SU2-HaarU4-brickwork,8,6.0,128,1,1.0,5.440092820663267e-15,2.2378068995308263e-15,5.440092820663267e-15,4.8572257327350605e-17,-0.1557943029226985,0.2903996941623804
v2_coordinate,coordinate-direction visibility and conditional visible-score robustness,SU2-HaarU4-brickwork|n8|d48|i3|dir=coordinate|basis=Z|eta=0,SU2-HaarU4-brickwork|n8|d48|i3,SU2-HaarU4-brickwork,8,6.0,128,2,1.0,5.440092820663267e-15,2.2378068995308263e-15,5.440092820663267e-15,4.8572257327350605e-17,-0.1557943029226985,0.5826082080804651
v2_coordinate,coordinate-direction visibility and conditional visible-score robustness,U1-RZ-XY-line|n12|d72|i3|dir=coordinate|basis=Z|eta=0,U1-RZ-XY-line|n12|d72|i3,U1-RZ-XY-line,12,6.0,128,1,0.9921875,6.661338147750939e-16,3.9991396400290383e-16,6.661338147750939e-16,8.326672684688674e-17,-4.027289264265009e-30,0.2778619000260247
v2_coordinate,coordinate-direction visibility and conditional visible-score robustness,U1-RZ-XY-line|n12|d72|i3|dir=coordinate|basis=Z|eta=0,U1-RZ-XY-line|n12|d72|i3,U1-RZ-XY-line,12,6.0,128,2,0.9921875,6.661338147750939e-16,3.9991396400290383e-16,6.661338147750939e-16,8.326672684688674e-17,-4.027289264265009e-30,0.8916972663631376
v2_coordinate,coordinate-direction visibility and conditional visible-score robustness,SU2-HaarU4-brickwork|n8|d48|i4|dir=coordinate|basis=Z|eta=0,SU2-HaarU4-brickwork|n8|d48|i4,SU2-HaarU4-brickwork,8,6.0,128,1,1.0,3.552713678800501e-15,1.6359362142358101e-15,3.552713678800501e-15,5.898059818321144e-17,-0.0875222052602054,0.2764038058464519
v2_coordinate,coordinate-direction visibility and conditional visible-score robustness,SU2-HaarU4-brickwork|n8|d48|i4|dir=coordinate|basis=Z|eta=0,SU2-HaarU4-brickwork|n8|d48|i4,SU2-HaarU4-brickwork,8,6.0,128,2,1.0,3.552713678800501e-15,1.6359362142358101e-15,3.552713678800501e-15,5.898059818321144e-17,-0.0875222052602054,0.5515177686650501
v2_coordinate,coordinate-direction visibility and conditional visible-score robustness,U1-RZ-XY-line|n12|d72|i4|dir=coordinate|basis=Z|eta=0,U1-RZ-XY-line|n12|d72|i4,U1-RZ-XY-line,12,6.0,128,1,0.984375,2.220446049250313e-16,8.716877585302702e-17,1.1102230246251563e-16,9.020562075079396e-17,-2.635946282774924e-32,0.3236345532724899
v2_coordinate,coordinate-direction visibility and conditional visible-score robustness,U1-RZ-XY-line|n12|d72|i4|dir=coordinate|basis=Z|eta=0,U1-RZ-XY-line|n12|d72|i4,U1-RZ-XY-line,12,6.0,128,2,0.984375,2.220446049250313e-16,8.716877585302702e-17,1.1102230246251563e-16,9.020562075079396e-17,-2.635946282774924e-32,0.9036222031827358
v2_coordinate,coordinate-direction visibility and conditional visible-score robustness,SU2-HaarU4-brickwork|n8|d48|i5|dir=coordinate|basis=Z|eta=0,SU2-HaarU4-brickwork|n8|d48|i5,SU2-HaarU4-brickwork,8,6.0,128,1,1.0,3.3306690738754696e-15,1.4445962475236606e-15,3.4416913763379853e-15,5.724587470723462e-17,-0.1591055840970445,0.2745049195639062
v2_coordinate,coordinate-direction visibility and conditional visible-score robustness,SU2-HaarU4-brickwork|n8|d48|i5|dir=coordinate|basis=Z|eta=0,SU2-HaarU4-brickwork|n8|d48|i5,SU2-HaarU4-brickwork,8,6.0,128,2,1.0,3.3306690738754696e-15,1.4445962475236606e-15,3.4416913763379853e-15,5.724587470723462e-17,-0.1591055840970445,0.5479597500815728
v2_coordinate,coordinate-direction visibility and conditional visible-score robustness,U1-RZ-XY-line|n12|d72|i5|dir=coordinate|basis=Z|eta=0,U1-RZ-XY-line|n12|d72|i5,U1-RZ-XY-line,12,6.0,128,1,0.984375,2.220446049250313e-16,1.0226976573992571e-16,0.0,1.1102230246251563e-16,-2.6057236861025507e-32,0.2820337057320399
v2_coordinate,coordinate-direction visibility and conditional visible-score robustness,U1-RZ-XY-line|n12|d72|i5|dir=coordinate|basis=Z|eta=0,U1-RZ-XY-line|n12|d72|i5,U1-RZ-XY-line,12,6.0,128,2,0.984375,2.220446049250313e-16,1.0226976573992571e-16,0.0,1.1102230246251563e-16,-2.6057236861025507e-32,0.8977095007366203
v2_coordinate,coordinate-direction visibility and conditional visible-score robustness,SU2-HaarU4-brickwork|n8|d48|i6|dir=coordinate|basis=Z|eta=0,SU2-HaarU4-brickwork|n8|d48|i6,SU2-HaarU4-brickwork,8,6.0,128,1,1.0,6.661338147750939e-15,3.3454362615779605e-15,6.550315845288424e-15,5.551115123125783e-17,-0.0051823958682079,0.2834723830481387
v2_coordinate,coordinate-direction visibility and conditional visible-score robustness,SU2-HaarU4-brickwork|n8|d48|i6|dir=coordinate|basis=Z|eta=0,SU2-HaarU4-brickwork|n8|d48|i6,SU2-HaarU4-brickwork,8,6.0,128,2,1.0,6.661338147750939e-15,3.3454362615779605e-15,6.550315845288424e-15,5.551115123125783e-17,-0.0051823958682079,0.5652990948030885
v2_coordinate,coordinate-direction visibility and conditional visible-score robustness,U1-RZ-XY-line|n12|d72|i6|dir=coordinate|basis=Z|eta=0,U1-RZ-XY-line|n12|d72|i6,U1-RZ-XY-line,12,6.0,128,1,0.9921875,1.1102230246251563e-15,4.763927787988502e-16,1.1102230246251563e-15,4.163336342344337e-17,-4.6952745782635986e-30,0.3093650836161293
v2_coordinate,coordinate-direction visibility and conditional visible-score robustness,U1-RZ-XY-line|n12|d72|i6|dir=coordinate|basis=Z|eta=0,U1-RZ-XY-line|n12|d72|i6,U1-RZ-XY-line,12,6.0,128,2,0.9921875,1.1102230246251563e-15,4.763927787988502e-16,1.1102230246251563e-15,4.163336342344337e-17,-4.6952745782635986e-30,0.890487076725679
v2_coordinate,coordinate-direction visibility and conditional visible-score robustness,SU2-HaarU4-brickwork|n8|d48|i7|dir=coordinate|basis=Z|eta=0,SU2-HaarU4-brickwork|n8|d48|i7,SU2-HaarU4-brickwork,8,6.0,128,1,1.0,1.199040866595169e-14,4.822567318652987e-15,1.199040866595169e-14,4.163336342344337e-17,-0.1583155327754601,0.2816676971803667
v2_coordinate,coordinate-direction visibility and conditional visible-score robustness,SU2-HaarU4-brickwork|n8|d48|i7|dir=coordinate|basis=Z|eta=0,SU2-HaarU4-brickwork|n8|d48|i7,SU2-HaarU4-brickwork,8,6.0,128,2,1.0,1.199040866595169e-14,4.822567318652987e-15,1.199040866595169e-14,4.163336342344337e-17,-0.1583155327754601,0.5608439295251577
v2_coordinate,coordinate-direction visibility and conditional visible-score robustness,U1-RZ-XY-line|n12|d72|i7|dir=coordinate|basis=Z|eta=0,U1-RZ-XY-line|n12|d72|i7,U1-RZ-XY-line,12,6.0,128,1,0.9921875,2.664535259100376e-15,1.568016745916575e-15,2.886579864025407e-15,6.591949208711867e-17,-1.3214578057051248e-29,0.3199044051506874
v2_coordinate,coordinate-direction visibility and conditional visible-score robustness,U1-RZ-XY-line|n12|d72|i7|dir=coordinate|basis=Z|eta=0,U1-RZ-XY-line|n12|d72|i7,U1-RZ-XY-line,12,6.0,128,2,0.9921875,2.664535259100376e-15,1.568016745916575e-15,2.886579864025407e-15,6.591949208711867e-17,-1.3214578057051248e-29,0.9149263183523464
v2_coordinate,coordinate-direction visibility and conditional visible-score robustness,SU2-HaarU4-brickwork|n8|d48|i8|dir=coordinate|basis=Z|eta=0,SU2-HaarU4-brickwork|n8|d48|i8,SU2-HaarU4-brickwork,8,6.0,128,1,1.0,6.3282712403633915e-15,2.348856584010835e-15,6.439293542825908e-15,5.724587470723462e-17,-0.2401951328199315,0.2827549267821107
v2_coordinate,coordinate-direction visibility and conditional visible-score robustness,SU2-HaarU4-brickwork|n8|d48|i8|dir=coordinate|basis=Z|eta=0,SU2-HaarU4-brickwork|n8|d48|i8,SU2-HaarU4-brickwork,8,6.0,128,2,1.0,6.3282712403633915e-15,2.348856584010835e-15,6.439293542825908e-15,5.724587470723462e-17,-0.2401951328199315,0.5691590255945844
v2_coordinate,coordinate-direction visibility and conditional visible-score robustness,U1-RZ-XY-line|n12|d72|i8|dir=coordinate|basis=Z|eta=0,U1-RZ-XY-line|n12|d72|i8,U1-RZ-XY-line,12,6.0,128,1,0.9921875,1.7763568394002505e-15,9.71965908026629e-16,1.7763568394002505e-15,5.551115123125783e-17,-0.0064737504485177,0.3005361435875884
v2_coordinate,coordinate-direction visibility and conditional visible-score robustness,U1-RZ-XY-line|n12|d72|i8|dir=coordinate|basis=Z|eta=0,U1-RZ-XY-line|n12|d72|i8,U1-RZ-XY-line,12,6.0,128,2,0.9921875,1.7763568394002505e-15,9.71965908026629e-16,1.7763568394002505e-15,5.551115123125783e-17,-0.0064737504485177,0.8906789003717746
v2_coordinate,coordinate-direction visibility and conditional visible-score robustness,SU2-HaarU4-brickwork|n8|d48|i9|dir=coordinate|basis=Z|eta=0,SU2-HaarU4-brickwork|n8|d48|i9,SU2-HaarU4-brickwork,8,6.0,128,1,0.9921875,8.881784197001252e-15,4.2097418092876106e-15,8.881784197001252e-15,5.898059818321144e-17,-0.0440952042583427,0.2842785504260786
v2_coordinate,coordinate-direction visibility and conditional visible-score robustness,SU2-HaarU4-brickwork|n8|d48|i9|dir=coordinate|basis=Z|eta=0,SU2-HaarU4-brickwork|n8|d48|i9,SU2-HaarU4-brickwork,8,6.0,128,2,0.9921875,8.881784197001252e-15,4.2097418092876106e-15,8.881784197001252e-15,5.898059818321144e-17,-0.0440952042583427,0.5682649897234421
v2_coordinate,coordinate-direction visibility and conditional visible-score robustness,U1-RZ-XY-line|n12|d72|i9|dir=coordinate|basis=Z|eta=0,U1-RZ-XY-line|n12|d72|i9,U1-RZ-XY-line,12,6.0,128,1,0.984375,1.5543122344752194e-15,6.926618690241224e-16,1.3322676295501878e-15,5.551115123125783e-17,-5.684492682074954e-30,0.2800773274982129
v2_coordinate,coordinate-direction visibility and conditional visible-score robustness,U1-RZ-XY-line|n12|d72|i9|dir=coordinate|basis=Z|eta=0,U1-RZ-XY-line|n12|d72|i9,U1-RZ-XY-line,12,6.0,128,2,0.984375,1.5543122344752194e-15,6.926618690241224e-16,1.3322676295501878e-15,5.551115123125783e-17,-5.684492682074954e-30,0.8647082876933893
v2_coordinate,coordinate-direction visibility and conditional visible-score robustness,SU2-CNOT-line|n8|d48|i3|dir=coordinate|basis=Z|eta=0,SU2-CNOT-line|n8|d48|i3,SU2-CNOT-line,8,6.0,128,1,1.0,8.881784197001252e-16,4.2222039975786853e-16,8.881784197001252e-16,4.8572257327350605e-17,-0.0463298708131424,0.261927651256307
v2_coordinate,coordinate-direction visibility and conditional visible-score robustness,SU2-CNOT-line|n8|d48|i3|dir=coordinate|basis=Z|eta=0,SU2-CNOT-line|n8|d48|i3,SU2-CNOT-line,8,6.0,128,2,1.0,8.881784197001252e-16,4.2222039975786853e-16,8.881784197001252e-16,4.8572257327350605e-17,-0.0463298708131424,0.5208695707787393
v2_coordinate,coordinate-direction visibility and conditional visible-score robustness,SU2-HaarU4-brickwork|n12|d72|i5|dir=coordinate|basis=Z|eta=0,SU2-HaarU4-brickwork|n12|d72|i5,SU2-HaarU4-brickwork,12,6.0,128,1,1.0,1.4765966227514582e-14,7.25938629765779e-15,1.4876988529977098e-14,2.2985086056692694e-17,-0.0271970056968874,0.3251173800882657
v2_coordinate,coordinate-direction visibility and conditional visible-score robustness,SU2-HaarU4-brickwork|n12|d72|i5|dir=coordinate|basis=Z|eta=0,SU2-HaarU4-brickwork|n12|d72|i5,SU2-HaarU4-brickwork,12,6.0,128,2,1.0,1.4765966227514582e-14,7.25938629765779e-15,1.4876988529977098e-14,2.2985086056692694e-17,-0.0271970056968874,0.8217389101723792
v2_coordinate,coordinate-direction visibility and conditional visible-score robustness,SU2-HaarU4-brickwork|n12|d72|i0|dir=coordinate|basis=Z|eta=0,SU2-HaarU4-brickwork|n12|d72|i0,SU2-HaarU4-brickwork,12,6.0,128,1,1.0,1.7652546091539992e-14,8.800201640829054e-15,1.7763568394002505e-14,3.2959746043559335e-17,-0.0190929237599561,0.3226294434864903
v2_coordinate,coordinate-direction visibility and conditional visible-score robustness,SU2-HaarU4-brickwork|n12|d72|i0|dir=coordinate|basis=Z|eta=0,SU2-HaarU4-brickwork|n12|d72|i0,SU2-HaarU4-brickwork,12,6.0,128,2,1.0,1.7652546091539992e-14,8.800201640829054e-15,1.7763568394002505e-14,3.2959746043559335e-17,-0.0190929237599561,0.8156232201327639
v2_coordinate,coordinate-direction visibility and conditional visible-score robustness,U1-RZ-XY-line|n12|d72|i10|dir=coordinate|basis=Z|eta=0,U1-RZ-XY-line|n12|d72|i10,U1-RZ-XY-line,12,6.0,128,1,0.9921875,2.220446049250313e-16,1.0696108491462335e-16,2.220446049250313e-16,5.551115123125783e-17,-4.707254325031332e-32,0.2769047438449725
v2_coordinate,coordinate-direction visibility and conditional visible-score robustness,U1-RZ-XY-line|n12|d72|i10|dir=coordinate|basis=Z|eta=0,U1-RZ-XY-line|n12|d72|i10,U1-RZ-XY-line,12,6.0,128,2,0.9921875,2.220446049250313e-16,1.0696108491462335e-16,2.220446049250313e-16,5.551115123125783e-17,-4.707254325031332e-32,0.8456088746416743
v2_coordinate,coordinate-direction visibility and conditional visible-score robustness,SU2-HaarU4-brickwork|n12|d72|i1|dir=coordinate|basis=Z|eta=0,SU2-HaarU4-brickwork|n12|d72|i1,SU2-HaarU4-brickwork,12,6.0,128,1,1.0,1.4765966227514582e-14,6.114577591313663e-15,1.454392162258955e-14,2.775557561562892e-17,-0.1420784635519402,0.3243357975292414
v2_coordinate,coordinate-direction visibility and conditional visible-score robustness,SU2-HaarU4-brickwork|n12|d72|i1|dir=coordinate|basis=Z|eta=0,SU2-HaarU4-brickwork|n12|d72|i1,SU2-HaarU4-brickwork,12,6.0,128,2,1.0,1.4765966227514582e-14,6.114577591313663e-15,1.454392162258955e-14,2.775557561562892e-17,-0.1420784635519402,0.8197930796029994
v2_coordinate,coordinate-direction visibility and conditional visible-score robustness,U1-RZ-XY-line|n12|d72|i11|dir=coordinate|basis=Z|eta=0,U1-RZ-XY-line|n12|d72|i11,U1-RZ-XY-line,12,6.0,128,1,0.984375,1.5543122344752194e-15,7.768416966140405e-16,1.5543122344752194e-15,9.020562075079396e-17,-2.4154780706751666e-30,0.3068552515589947
v2_coordinate,coordinate-direction visibility and conditional visible-score robustness,U1-RZ-XY-line|n12|d72|i11|dir=coordinate|basis=Z|eta=0,U1-RZ-XY-line|n12|d72|i11,U1-RZ-XY-line,12,6.0,128,2,0.984375,1.5543122344752194e-15,7.768416966140405e-16,1.5543122344752194e-15,9.020562075079396e-17,-2.4154780706751666e-30,0.894044801392456
v2_coordinate,coordinate-direction visibility and conditional visible-score robustness,SU2-CNOT-line|n8|d48|i4|dir=coordinate|basis=Z|eta=0,SU2-CNOT-line|n8|d48|i4,SU2-CNOT-line,8,6.0,128,1,1.0,0.0,8.796348114332804e-17,2.220446049250313e-16,6.591949208711867e-17,-0.009391105245032,0.2640400039673026
v2_coordinate,coordinate-direction visibility and conditional visible-score robustness,SU2-CNOT-line|n8|d48|i4|dir=coordinate|basis=Z|eta=0,SU2-CNOT-line|n8|d48|i4,SU2-CNOT-line,8,6.0,128,2,1.0,0.0,8.796348114332804e-17,2.220446049250313e-16,6.591949208711867e-17,-0.009391105245032,0.5252800388989805
v2_coordinate,coordinate-direction visibility and conditional visible-score robustness,SU2-HaarU4-brickwork|n12|d72|i6|dir=coordinate|basis=Z|eta=0,SU2-HaarU4-brickwork|n12|d72|i6,SU2-HaarU4-brickwork,12,6.0,128,1,1.0,2.3425705819590803e-14,9.760421647218288e-15,2.3314683517128287e-14,2.2117724318704287e-17,-0.1414239636956264,0.3292618687293263
v2_coordinate,coordinate-direction visibility and conditional visible-score robustness,SU2-HaarU4-brickwork|n12|d72|i6|dir=coordinate|basis=Z|eta=0,SU2-HaarU4-brickwork|n12|d72|i6,SU2-HaarU4-brickwork,12,6.0,128,2,1.0,2.3425705819590803e-14,9.760421647218288e-15,2.3314683517128287e-14,2.2117724318704287e-17,-0.1414239636956264,0.8323650497401527
v2_coordinate,coordinate-direction visibility and conditional visible-score robustness,SU2-CNOT-line|n8|d48|i5|dir=coordinate|basis=Z|eta=0,SU2-CNOT-line|n8|d48|i5,SU2-CNOT-line,8,6.0,128,1,0.9921875,1.7763568394002505e-15,6.85481419670112e-16,1.7763568394002505e-15,5.724587470723462e-17,-0.2223903359335392,0.2578243668771999
v2_coordinate,coordinate-direction visibility and conditional visible-score robustness,SU2-CNOT-line|n8|d48|i5|dir=coordinate|basis=Z|eta=0,SU2-CNOT-line|n8|d48|i5,SU2-CNOT-line,8,6.0,128,2,0.9921875,1.7763568394002505e-15,6.85481419670112e-16,1.7763568394002505e-15,5.724587470723462e-17,-0.2223903359335392,0.5125925095548516
v2_coordinate,coordinate-direction visibility and conditional visible-score robustness,SU2-HaarU4-brickwork|n12|d72|i7|dir=coordinate|basis=Z|eta=0,SU2-HaarU4-brickwork|n12|d72|i7,SU2-HaarU4-brickwork,12,6.0,128,1,1.0,1.9095836023552686e-14,7.236618101899415e-15,1.8540724511240114e-14,2.949029909160572e-17,-0.1984597451243823,0.3285365634732808
v2_coordinate,coordinate-direction visibility and conditional visible-score robustness,SU2-HaarU4-brickwork|n12|d72|i7|dir=coordinate|basis=Z|eta=0,SU2-HaarU4-brickwork|n12|d72|i7,SU2-HaarU4-brickwork,12,6.0,128,2,1.0,1.9095836023552686e-14,7.236618101899415e-15,1.8540724511240114e-14,2.949029909160572e-17,-0.1984597451243823,0.8305586505980501
v2_coordinate,coordinate-direction visibility and conditional visible-score robustness,SU2-CNOT-line|n8|d48|i6|dir=coordinate|basis=Z|eta=0,SU2-CNOT-line|n8|d48|i6,SU2-CNOT-line,8,6.0,128,1,0.9921875,1.3322676295501878e-15,1.5843128457609123e-16,1.1102230246251563e-15,4.510281037539698e-17,-0.4203953607707148,0.2580037644235163
v2_coordinate,coordinate-direction visibility and conditional visible-score robustness,SU2-CNOT-line|n8|d48|i6|dir=coordinate|basis=Z|eta=0,SU2-CNOT-line|n8|d48|i6,SU2-CNOT-line,8,6.0,128,2,0.9921875,1.3322676295501878e-15,1.5843128457609123e-16,1.1102230246251563e-15,4.510281037539698e-17,-0.4203953607707148,0.5143727628755406
v2_coordinate,coordinate-direction visibility and conditional visible-score robustness,SU2-HaarU4-brickwork|n12|d72|i8|dir=coordinate|basis=Z|eta=0,SU2-HaarU4-brickwork|n12|d72|i8,SU2-HaarU4-brickwork,12,6.0,128,1,1.0,1.121325254871408e-14,2.89655459706078e-15,1.1324274851176595e-14,2.255140518769849e-17,-0.3604919865923575,0.3192900910821669
v2_coordinate,coordinate-direction visibility and conditional visible-score robustness,SU2-HaarU4-brickwork|n12|d72|i8|dir=coordinate|basis=Z|eta=0,SU2-HaarU4-brickwork|n12|d72|i8,SU2-HaarU4-brickwork,12,6.0,128,2,1.0,1.121325254871408e-14,2.89655459706078e-15,1.1324274851176595e-14,2.255140518769849e-17,-0.3604919865923575,0.8074198566095778
v2_coordinate,coordinate-direction visibility and conditional visible-score robustness,SU2-CNOT-line|n8|d48|i7|dir=coordinate|basis=Z|eta=0,SU2-CNOT-line|n8|d48|i7,SU2-CNOT-line,8,6.0,128,1,0.984375,4.440892098500626e-16,2.965978912636e-16,2.220446049250313e-16,6.245004513516506e-17,-0.0021415626474633,0.2616291159733699
v2_coordinate,coordinate-direction visibility and conditional visible-score robustness,SU2-CNOT-line|n8|d48|i7|dir=coordinate|basis=Z|eta=0,SU2-CNOT-line|n8|d48|i7,SU2-CNOT-line,8,6.0,128,2,0.984375,4.440892098500626e-16,2.965978912636e-16,2.220446049250313e-16,6.245004513516506e-17,-0.0021415626474633,0.5202086582269085
v2_coordinate,coordinate-direction visibility and conditional visible-score robustness,SU2-HaarU4-brickwork|n12|d72|i9|dir=coordinate|basis=Z|eta=0,SU2-HaarU4-brickwork|n12|d72|i9,SU2-HaarU4-brickwork,12,6.0,128,1,1.0,8.881784197001252e-15,1.840977791866033e-15,8.659739592076221e-15,2.255140518769849e-17,-0.4257863355530084,0.3232556021796907
v2_coordinate,coordinate-direction visibility and conditional visible-score robustness,SU2-HaarU4-brickwork|n12|d72|i9|dir=coordinate|basis=Z|eta=0,SU2-HaarU4-brickwork|n12|d72|i9,SU2-HaarU4-brickwork,12,6.0,128,2,1.0,8.881784197001252e-15,1.840977791866033e-15,8.659739592076221e-15,2.255140518769849e-17,-0.4257863355530084,0.8170344404454395
v2_coordinate,coordinate-direction visibility and conditional visible-score robustness,SU2-CNOT-line|n8|d48|i8|dir=coordinate|basis=Z|eta=0,SU2-CNOT-line|n8|d48|i8,SU2-CNOT-line,8,6.0,128,1,0.9765625,3.552713678800501e-15,8.8189175324359715e-16,3.552713678800501e-15,4.510281037539698e-17,-0.3618333449846542,0.26903068178478
v2_coordinate,coordinate-direction visibility and conditional visible-score robustness,SU2-CNOT-line|n8|d48|i8|dir=coordinate|basis=Z|eta=0,SU2-CNOT-line|n8|d48|i8,SU2-CNOT-line,8,6.0,128,2,0.9765625,3.552713678800501e-15,8.8189175324359715e-16,3.552713678800501e-15,4.510281037539698e-17,-0.3618333449846542,0.5354890366660656
v2_coordinate,coordinate-direction visibility and conditional visible-score robustness,U1-RZ-XY-line|n8|d48|i0|dir=coordinate|basis=Z|eta=0,U1-RZ-XY-line|n8|d48|i0,U1-RZ-XY-line,8,6.0,128,1,0.9765625,2.997602166487923e-15,1.4999642431780252e-15,3.1086244689504387e-15,8.326672684688674e-17,-9.001108605876371e-30,0.2196155866686515
v2_coordinate,coordinate-direction visibility and conditional visible-score robustness,U1-RZ-XY-line|n8|d48|i0|dir=coordinate|basis=Z|eta=0,U1-RZ-XY-line|n8|d48|i0,U1-RZ-XY-line,8,6.0,128,2,0.9765625,2.997602166487923e-15,1.4999642431780252e-15,3.1086244689504387e-15,8.326672684688674e-17,-9.001108605876371e-30,0.5360202944506289
v2_coordinate,coordinate-direction visibility and conditional visible-score robustness,SU2-CNOT-line|n8|d48|i9|dir=coordinate|basis=Z|eta=0,SU2-CNOT-line|n8|d48|i9,SU2-CNOT-line,8,6.0,128,1,1.0,2.7755575615628917e-15,6.071532165918825e-16,2.886579864025407e-15,4.8572257327350605e-17,-0.3910334570720231,0.2550267117350891
v2_coordinate,coordinate-direction visibility and conditional visible-score robustness,SU2-CNOT-line|n8|d48|i9|dir=coordinate|basis=Z|eta=0,SU2-CNOT-line|n8|d48|i9,SU2-CNOT-line,8,6.0,128,2,1.0,2.7755575615628917e-15,6.071532165918825e-16,2.886579864025407e-15,4.8572257327350605e-17,-0.3910334570720231,0.5074617240034507
v2_coordinate,coordinate-direction visibility and conditional visible-score robustness,U1-RZ-XY-line|n8|d48|i1|dir=coordinate|basis=Z|eta=0,U1-RZ-XY-line|n8|d48|i1,U1-RZ-XY-line,8,6.0,128,1,0.9765625,1.3322676295501878e-15,6.584297166669868e-16,1.5543122344752194e-15,5.551115123125783e-17,-1.735290602751562e-30,0.2380644464432436
v2_coordinate,coordinate-direction visibility and conditional visible-score robustness,U1-RZ-XY-line|n8|d48|i1|dir=coordinate|basis=Z|eta=0,U1-RZ-XY-line|n8|d48|i1,U1-RZ-XY-line,8,6.0,128,2,0.9765625,1.3322676295501878e-15,6.584297166669868e-16,1.5543122344752194e-15,5.551115123125783e-17,-1.735290602751562e-30,0.5294070324781661
