profile,analysis_role,n,depth_factor,direction_sampler,measurement_basis,bitflip_rate,tangent_count_used,k,metric,omitted_family,remaining_families,full_family_balanced_mean,leave_one_family_out_mean,absolute_shift
v2_primary,primary family-robust finite-size inference,6,6.0,gaussian,Z,0.0,128,1,enhancement,RY-RZ-CZ-line,4,0.959778278839968,0.966299369170301,0.00652109033033299
v2_primary,primary family-robust finite-size inference,6,6.0,gaussian,Z,0.0,128,1,enhancement,SU2-CNOT-line,4,0.959778278839968,0.9511662869478669,-0.008611991892101156
v2_primary,primary family-robust finite-size inference,6,6.0,gaussian,Z,0.0,128,1,enhancement,SU2-CZ-random-matching,4,0.959778278839968,0.96540107252645,0.005622793686481997
v2_primary,primary family-robust finite-size inference,6,6.0,gaussian,Z,0.0,128,1,enhancement,SU2-CZ-ring,4,0.959778278839968,0.952881144822831,-0.0068971340171369855
v2_primary,primary family-robust finite-size inference,6,6.0,gaussian,Z,0.0,128,1,enhancement,SU2-HaarU4-brickwork,4,0.959778278839968,0.9631435207323915,0.0033652418924234873
v2_primary,primary family-robust finite-size inference,6,6.0,gaussian,Z,0.0,128,1,actual_retention,RY-RZ-CZ-line,4,0.09140745512761597,0.09202851134955244,0.000621056221936464
v2_primary,primary family-robust finite-size inference,6,6.0,gaussian,Z,0.0,128,1,actual_retention,SU2-CNOT-line,4,0.09140745512761597,0.09058726542360633,-0.0008201897040096412
v2_primary,primary family-robust finite-size inference,6,6.0,gaussian,Z,0.0,128,1,actual_retention,SU2-CZ-random-matching,4,0.09140745512761597,0.0919429592882333,0.0005355041606173311
v2_primary,primary family-robust finite-size inference,6,6.0,gaussian,Z,0.0,128,1,actual_retention,SU2-CZ-ring,4,0.09140745512761597,0.09075058522122197,-0.0006568699063940059
v2_primary,primary family-robust finite-size inference,6,6.0,gaussian,Z,0.0,128,1,actual_retention,SU2-HaarU4-brickwork,4,0.09140745512761597,0.09172795435546581,0.0003204992278498381
v2_primary,primary family-robust finite-size inference,6,6.0,gaussian,Z,0.0,128,1,deff_pairwise,RY-RZ-CZ-line,4,46.981848388138744,48.37053474993675,1.3886863617980083
v2_primary,primary family-robust finite-size inference,6,6.0,gaussian,Z,0.0,128,1,deff_pairwise,SU2-CNOT-line,4,46.981848388138744,45.96699123240239,-1.014857155736351
v2_primary,primary family-robust finite-size inference,6,6.0,gaussian,Z,0.0,128,1,deff_pairwise,SU2-CZ-random-matching,4,46.981848388138744,46.611413955295944,-0.3704344328427993
v2_primary,primary family-robust finite-size inference,6,6.0,gaussian,Z,0.0,128,1,deff_pairwise,SU2-CZ-ring,4,46.981848388138744,46.39720961907513,-0.5846387690636163
v2_primary,primary family-robust finite-size inference,6,6.0,gaussian,Z,0.0,128,1,deff_pairwise,SU2-HaarU4-brickwork,4,46.981848388138744,47.5630923839835,0.5812439958447584
v2_primary,primary family-robust finite-size inference,6,6.0,gaussian,Z,0.0,128,1,pairwise_purity,RY-RZ-CZ-line,4,0.021428306764323883,0.020735128536128015,-0.0006931782281958676
v2_primary,primary family-robust finite-size inference,6,6.0,gaussian,Z,0.0,128,1,pairwise_purity,SU2-CNOT-line,4,0.021428306764323883,0.02188503982185557,0.0004567330575316886
v2_primary,primary family-robust finite-size inference,6,6.0,gaussian,Z,0.0,128,1,pairwise_purity,SU2-CZ-random-matching,4,0.021428306764323883,0.021623441073312797,0.0001951343089889139
v2_primary,primary family-robust finite-size inference,6,6.0,gaussian,Z,0.0,128,1,pairwise_purity,SU2-CZ-ring,4,0.021428306764323883,0.021714070985706647,0.00028576422138276367
v2_primary,primary family-robust finite-size inference,6,6.0,gaussian,Z,0.0,128,1,pairwise_purity,SU2-HaarU4-brickwork,4,0.021428306764323883,0.021183853404616378,-0.0002444533597075055
v2_primary,primary family-robust finite-size inference,6,6.0,gaussian,Z,0.0,128,1,sample_covariance_purity,RY-RZ-CZ-line,4,0.0290733981177276,0.028385635344439518,-0.0006877627732880809
v2_primary,primary family-robust finite-size inference,6,6.0,gaussian,Z,0.0,128,1,sample_covariance_purity,SU2-CNOT-line,4,0.0290733981177276,0.029526562948247324,0.00045316483051972486
v2_primary,primary family-robust finite-size inference,6,6.0,gaussian,Z,0.0,128,1,sample_covariance_purity,SU2-CZ-random-matching,4,0.0290733981177276,0.029267007939927543,0.00019360982219994438
v2_primary,primary family-robust finite-size inference,6,6.0,gaussian,Z,0.0,128,1,sample_covariance_purity,SU2-CZ-ring,4,0.0290733981177276,0.029356929806130815,0.00028353168840321644
v2_primary,primary family-robust finite-size inference,6,6.0,gaussian,Z,0.0,128,1,sample_covariance_purity,SU2-HaarU4-brickwork,4,0.0290733981177276,0.028830854549892815,-0.00024254356783478398
v2_primary,primary family-robust finite-size inference,6,6.0,gaussian,Z,0.0,128,1,trC3_u_stat,RY-RZ-CZ-line,4,0.0005723489045619913,0.0005218776039428719,-5.04713006191194e-05
v2_primary,primary family-robust finite-size inference,6,6.0,gaussian,Z,0.0,128,1,trC3_u_stat,SU2-CNOT-line,4,0.0005723489045619913,0.0006028376780943406,3.048877353234935e-05
v2_primary,primary family-robust finite-size inference,6,6.0,gaussian,Z,0.0,128,1,trC3_u_stat,SU2-CZ-random-matching,4,0.0005723489045619913,0.0005880385505693374,1.5689646007346187e-05
v2_primary,primary family-robust finite-size inference,6,6.0,gaussian,Z,0.0,128,1,trC3_u_stat,SU2-CZ-ring,4,0.0005723489045619913,0.0005924152159747515,2.0066311412760278e-05
v2_primary,primary family-robust finite-size inference,6,6.0,gaussian,Z,0.0,128,1,trC3_u_stat,SU2-HaarU4-brickwork,4,0.0005723489045619913,0.0005565754742286547,-1.5773430333336524e-05
v2_primary,primary family-robust finite-size inference,6,6.0,gaussian,Z,0.0,128,1,Ffull_over_FQ_mean,RY-RZ-CZ-line,4,0.4880235340563678,0.4906047630538348,0.0025812289974670444
v2_primary,primary family-robust finite-size inference,6,6.0,gaussian,Z,0.0,128,1,Ffull_over_FQ_mean,SU2-CNOT-line,4,0.4880235340563678,0.487877171966624,-0.00014636208974377896
v2_primary,primary family-robust finite-size inference,6,6.0,gaussian,Z,0.0,128,1,Ffull_over_FQ_mean,SU2-CZ-random-matching,4,0.4880235340563678,0.4876664845778904,-0.000357049478477367
v2_primary,primary family-robust finite-size inference,6,6.0,gaussian,Z,0.0,128,1,Ffull_over_FQ_mean,SU2-CZ-ring,4,0.4880235340563678,0.48680563113617265,-0.0012179029201951352
v2_primary,primary family-robust finite-size inference,6,6.0,gaussian,Z,0.0,128,1,Ffull_over_FQ_mean,SU2-HaarU4-brickwork,4,0.4880235340563678,0.48716361954731713,-0.0008599145090506521
v2_primary,primary family-robust finite-size inference,6,6.0,gaussian,Z,0.0,128,1,haar_alignment_z,RY-RZ-CZ-line,4,-0.6254459475096817,-0.5431237080980544,0.08232223941162731
v2_primary,primary family-robust finite-size inference,6,6.0,gaussian,Z,0.0,128,1,haar_alignment_z,SU2-CNOT-line,4,-0.6254459475096817,-0.7571873812111303,-0.13174143370144853
v2_primary,primary family-robust finite-size inference,6,6.0,gaussian,Z,0.0,128,1,haar_alignment_z,SU2-CZ-random-matching,4,-0.6254459475096817,-0.5243659696274621,0.10107997788221967
v2_primary,primary family-robust finite-size inference,6,6.0,gaussian,Z,0.0,128,1,haar_alignment_z,SU2-CZ-ring,4,-0.6254459475096817,-0.7275660480277419,-0.1021201005180602
v2_primary,primary family-robust finite-size inference,6,6.0,gaussian,Z,0.0,128,1,haar_alignment_z,SU2-HaarU4-brickwork,4,-0.6254459475096817,-0.5749866305840201,0.050459316925661635
v2_primary,primary family-robust finite-size inference,6,6.0,gaussian,Z,0.0,128,1,physical_minus_rank_baseline,RY-RZ-CZ-line,4,-0.003830640110479201,-0.003209583888542737,0.000621056221936464
v2_primary,primary family-robust finite-size inference,6,6.0,gaussian,Z,0.0,128,1,physical_minus_rank_baseline,SU2-CNOT-line,4,-0.003830640110479201,-0.00465082981448884,-0.0008201897040096386
v2_primary,primary family-robust finite-size inference,6,6.0,gaussian,Z,0.0,128,1,physical_minus_rank_baseline,SU2-CZ-random-matching,4,-0.003830640110479201,-0.0032951359498618743,0.0005355041606173267
v2_primary,primary family-robust finite-size inference,6,6.0,gaussian,Z,0.0,128,1,physical_minus_rank_baseline,SU2-CZ-ring,4,-0.003830640110479201,-0.004487510016873203,-0.0006568699063940016
v2_primary,primary family-robust finite-size inference,6,6.0,gaussian,Z,0.0,128,1,physical_minus_rank_baseline,SU2-HaarU4-brickwork,4,-0.003830640110479201,-0.003510140882629355,0.0003204992278498459
v2_primary,primary family-robust finite-size inference,6,6.0,gaussian,Z,0.0,128,2,enhancement,RY-RZ-CZ-line,4,0.9781187966607681,0.9781217343235152,2.9376627471711103e-06
v2_primary,primary family-robust finite-size inference,6,6.0,gaussian,Z,0.0,128,2,enhancement,SU2-CNOT-line,4,0.9781187966607681,0.9747139950712111,-0.003404801589556916
v2_primary,primary family-robust finite-size inference,6,6.0,gaussian,Z,0.0,128,2,enhancement,SU2-CZ-random-matching,4,0.9781187966607681,0.9809863796899408,0.002867583029172782
v2_primary,primary family-robust finite-size inference,6,6.0,gaussian,Z,0.0,128,2,enhancement,SU2-CZ-ring,4,0.9781187966607681,0.9797784611788215,0.0016596645180534386
v2_primary,primary family-robust finite-size inference,6,6.0,gaussian,Z,0.0,128,2,enhancement,SU2-HaarU4-brickwork,4,0.9781187966607681,0.9769934130403513,-0.0011253836204168088
v2_primary,primary family-robust finite-size inference,6,6.0,gaussian,Z,0.0,128,2,actual_retention,RY-RZ-CZ-line,4,0.32603959888692263,0.3260405781078384,9.792209157422072e-07
v2_primary,primary family-robust finite-size inference,6,6.0,gaussian,Z,0.0,128,2,actual_retention,SU2-CNOT-line,4,0.32603959888692263,0.32490466502373705,-0.0011349338631855832
v2_primary,primary family-robust finite-size inference,6,6.0,gaussian,Z,0.0,128,2,actual_retention,SU2-CZ-random-matching,4,0.32603959888692263,0.3269954598966469,0.0009558610097242792
v2_primary,primary family-robust finite-size inference,6,6.0,gaussian,Z,0.0,128,2,actual_retention,SU2-CZ-ring,4,0.32603959888692263,0.32659282039294046,0.0005532215060178314
v2_primary,primary family-robust finite-size inference,6,6.0,gaussian,Z,0.0,128,2,actual_retention,SU2-HaarU4-brickwork,4,0.32603959888692263,0.3256644710134504,-0.0003751278734722141
v2_primary,primary family-robust finite-size inference,6,6.0,gaussian,Z,0.0,128,2,deff_pairwise,RY-RZ-CZ-line,4,46.981848388138744,48.37053474993675,1.3886863617980083
v2_primary,primary family-robust finite-size inference,6,6.0,gaussian,Z,0.0,128,2,deff_pairwise,SU2-CNOT-line,4,46.981848388138744,45.96699123240239,-1.014857155736351
v2_primary,primary family-robust finite-size inference,6,6.0,gaussian,Z,0.0,128,2,deff_pairwise,SU2-CZ-random-matching,4,46.981848388138744,46.611413955295944,-0.3704344328427993
v2_primary,primary family-robust finite-size inference,6,6.0,gaussian,Z,0.0,128,2,deff_pairwise,SU2-CZ-ring,4,46.981848388138744,46.39720961907513,-0.5846387690636163
v2_primary,primary family-robust finite-size inference,6,6.0,gaussian,Z,0.0,128,2,deff_pairwise,SU2-HaarU4-brickwork,4,46.981848388138744,47.5630923839835,0.5812439958447584
v2_primary,primary family-robust finite-size inference,6,6.0,gaussian,Z,0.0,128,2,pairwise_purity,RY-RZ-CZ-line,4,0.021428306764323883,0.020735128536128015,-0.0006931782281958676
v2_primary,primary family-robust finite-size inference,6,6.0,gaussian,Z,0.0,128,2,pairwise_purity,SU2-CNOT-line,4,0.021428306764323883,0.02188503982185557,0.0004567330575316886
v2_primary,primary family-robust finite-size inference,6,6.0,gaussian,Z,0.0,128,2,pairwise_purity,SU2-CZ-random-matching,4,0.021428306764323883,0.021623441073312797,0.0001951343089889139
v2_primary,primary family-robust finite-size inference,6,6.0,gaussian,Z,0.0,128,2,pairwise_purity,SU2-CZ-ring,4,0.021428306764323883,0.021714070985706647,0.00028576422138276367
v2_primary,primary family-robust finite-size inference,6,6.0,gaussian,Z,0.0,128,2,pairwise_purity,SU2-HaarU4-brickwork,4,0.021428306764323883,0.021183853404616378,-0.0002444533597075055
v2_primary,primary family-robust finite-size inference,6,6.0,gaussian,Z,0.0,128,2,sample_covariance_purity,RY-RZ-CZ-line,4,0.0290733981177276,0.028385635344439518,-0.0006877627732880809
v2_primary,primary family-robust finite-size inference,6,6.0,gaussian,Z,0.0,128,2,sample_covariance_purity,SU2-CNOT-line,4,0.0290733981177276,0.029526562948247324,0.00045316483051972486
v2_primary,primary family-robust finite-size inference,6,6.0,gaussian,Z,0.0,128,2,sample_covariance_purity,SU2-CZ-random-matching,4,0.0290733981177276,0.029267007939927543,0.00019360982219994438
v2_primary,primary family-robust finite-size inference,6,6.0,gaussian,Z,0.0,128,2,sample_covariance_purity,SU2-CZ-ring,4,0.0290733981177276,0.029356929806130815,0.00028353168840321644
v2_primary,primary family-robust finite-size inference,6,6.0,gaussian,Z,0.0,128,2,sample_covariance_purity,SU2-HaarU4-brickwork,4,0.0290733981177276,0.028830854549892815,-0.00024254356783478398
v2_primary,primary family-robust finite-size inference,6,6.0,gaussian,Z,0.0,128,2,trC3_u_stat,RY-RZ-CZ-line,4,0.0005723489045619913,0.0005218776039428719,-5.04713006191194e-05
v2_primary,primary family-robust finite-size inference,6,6.0,gaussian,Z,0.0,128,2,trC3_u_stat,SU2-CNOT-line,4,0.0005723489045619913,0.0006028376780943406,3.048877353234935e-05
v2_primary,primary family-robust finite-size inference,6,6.0,gaussian,Z,0.0,128,2,trC3_u_stat,SU2-CZ-random-matching,4,0.0005723489045619913,0.0005880385505693374,1.5689646007346187e-05
v2_primary,primary family-robust finite-size inference,6,6.0,gaussian,Z,0.0,128,2,trC3_u_stat,SU2-CZ-ring,4,0.0005723489045619913,0.0005924152159747515,2.0066311412760278e-05
v2_primary,primary family-robust finite-size inference,6,6.0,gaussian,Z,0.0,128,2,trC3_u_stat,SU2-HaarU4-brickwork,4,0.0005723489045619913,0.0005565754742286547,-1.5773430333336524e-05
v2_primary,primary family-robust finite-size inference,6,6.0,gaussian,Z,0.0,128,2,Ffull_over_FQ_mean,RY-RZ-CZ-line,4,0.4880235340563678,0.4906047630538348,0.0025812289974670444
v2_primary,primary family-robust finite-size inference,6,6.0,gaussian,Z,0.0,128,2,Ffull_over_FQ_mean,SU2-CNOT-line,4,0.4880235340563678,0.487877171966624,-0.00014636208974377896
v2_primary,primary family-robust finite-size inference,6,6.0,gaussian,Z,0.0,128,2,Ffull_over_FQ_mean,SU2-CZ-random-matching,4,0.4880235340563678,0.4876664845778904,-0.000357049478477367
v2_primary,primary family-robust finite-size inference,6,6.0,gaussian,Z,0.0,128,2,Ffull_over_FQ_mean,SU2-CZ-ring,4,0.4880235340563678,0.48680563113617265,-0.0012179029201951352
v2_primary,primary family-robust finite-size inference,6,6.0,gaussian,Z,0.0,128,2,Ffull_over_FQ_mean,SU2-HaarU4-brickwork,4,0.4880235340563678,0.48716361954731713,-0.0008599145090506521
v2_primary,primary family-robust finite-size inference,6,6.0,gaussian,Z,0.0,128,2,haar_alignment_z,RY-RZ-CZ-line,4,-0.7661273731586106,-0.784608956008374,-0.018481582849763423
v2_primary,primary family-robust finite-size inference,6,6.0,gaussian,Z,0.0,128,2,haar_alignment_z,SU2-CNOT-line,4,-0.7661273731586106,-0.8799889895092529,-0.11386161635064229
v2_primary,primary family-robust finite-size inference,6,6.0,gaussian,Z,0.0,128,2,haar_alignment_z,SU2-CZ-random-matching,4,-0.7661273731586106,-0.6600936128775193,0.10603376028109124
v2_primary,primary family-robust finite-size inference,6,6.0,gaussian,Z,0.0,128,2,haar_alignment_z,SU2-CZ-ring,4,-0.7661273731586106,-0.6964766818655869,0.0696506912930237
v2_primary,primary family-robust finite-size inference,6,6.0,gaussian,Z,0.0,128,2,haar_alignment_z,SU2-HaarU4-brickwork,4,-0.7661273731586106,-0.8094686255323198,-0.04334125237370923
v2_primary,primary family-robust finite-size inference,6,6.0,gaussian,Z,0.0,128,2,physical_minus_rank_baseline,RY-RZ-CZ-line,4,-0.007293734446410616,-0.007292755225494897,9.792209157187884e-07
v2_primary,primary family-robust finite-size inference,6,6.0,gaussian,Z,0.0,128,2,physical_minus_rank_baseline,SU2-CNOT-line,4,-0.007293734446410616,-0.008428668309596231,-0.0011349338631856153
v2_primary,primary family-robust finite-size inference,6,6.0,gaussian,Z,0.0,128,2,physical_minus_rank_baseline,SU2-CZ-random-matching,4,-0.007293734446410616,-0.006337873436686339,0.0009558610097242766
v2_primary,primary family-robust finite-size inference,6,6.0,gaussian,Z,0.0,128,2,physical_minus_rank_baseline,SU2-CZ-ring,4,-0.007293734446410616,-0.006740512940392769,0.000553221506017847
v2_primary,primary family-robust finite-size inference,6,6.0,gaussian,Z,0.0,128,2,physical_minus_rank_baseline,SU2-HaarU4-brickwork,4,-0.007293734446410616,-0.007668862319882841,-0.0003751278734722254
v2_primary,primary family-robust finite-size inference,8,6.0,gaussian,Z,0.0,128,1,enhancement,RY-RZ-CZ-line,4,0.9469900031506459,0.9587213049709618,0.011731301820315898
v2_primary,primary family-robust finite-size inference,8,6.0,gaussian,Z,0.0,128,1,enhancement,SU2-CNOT-line,4,0.9469900031506459,0.9384631020093321,-0.008526901141313714
v2_primary,primary family-robust finite-size inference,8,6.0,gaussian,Z,0.0,128,1,enhancement,SU2-CZ-random-matching,4,0.9469900031506459,0.94245315868867,-0.004536844461975886
v2_primary,primary family-robust finite-size inference,8,6.0,gaussian,Z,0.0,128,1,enhancement,SU2-CZ-ring,4,0.9469900031506459,0.9428619410862314,-0.004128062064414406
v2_primary,primary family-robust finite-size inference,8,6.0,gaussian,Z,0.0,128,1,enhancement,SU2-HaarU4-brickwork,4,0.9469900031506459,0.952450508998034,0.0054605058473881085
v2_primary,primary family-robust finite-size inference,8,6.0,gaussian,Z,0.0,128,1,actual_retention,RY-RZ-CZ-line,4,0.029709490294922175,0.030077531136343854,0.0003680408414216789
v2_primary,primary family-robust finite-size inference,8,6.0,gaussian,Z,0.0,128,1,actual_retention,SU2-CNOT-line,4,0.029709490294922175,0.029441979670880962,-0.0002675106240412131
v2_primary,primary family-robust finite-size inference,8,6.0,gaussian,Z,0.0,128,1,actual_retention,SU2-CZ-random-matching,4,0.029709490294922175,0.029567157919644507,-0.00014233237527766854
v2_primary,primary family-robust finite-size inference,8,6.0,gaussian,Z,0.0,128,1,actual_retention,SU2-CZ-ring,4,0.029709490294922175,0.029579982465450353,-0.00012950782947182202
v2_primary,primary family-robust finite-size inference,8,6.0,gaussian,Z,0.0,128,1,actual_retention,SU2-HaarU4-brickwork,4,0.029709490294922175,0.029880800282291214,0.00017130998736903866
v2_primary,primary family-robust finite-size inference,8,6.0,gaussian,Z,0.0,128,1,deff_pairwise,RY-RZ-CZ-line,4,145.0021056372121,153.87633882684025,8.874233189628143
v2_primary,primary family-robust finite-size inference,8,6.0,gaussian,Z,0.0,128,1,deff_pairwise,SU2-CNOT-line,4,145.0021056372121,138.95020633056447,-6.051899306647641
v2_primary,primary family-robust finite-size inference,8,6.0,gaussian,Z,0.0,128,1,deff_pairwise,SU2-CZ-random-matching,4,145.0021056372121,142.53688745831585,-2.465218178896265
v2_primary,primary family-robust finite-size inference,8,6.0,gaussian,Z,0.0,128,1,deff_pairwise,SU2-CZ-ring,4,145.0021056372121,141.72666072108166,-3.2754449161304535
v2_primary,primary family-robust finite-size inference,8,6.0,gaussian,Z,0.0,128,1,deff_pairwise,SU2-HaarU4-brickwork,4,145.0021056372121,147.9204348492583,2.9183292120461886
v2_primary,primary family-robust finite-size inference,8,6.0,gaussian,Z,0.0,128,1,pairwise_purity,RY-RZ-CZ-line,4,0.007070649337852485,0.006551311597977984,-0.000519337739874501
v2_primary,primary family-robust finite-size inference,8,6.0,gaussian,Z,0.0,128,1,pairwise_purity,SU2-CNOT-line,4,0.007070649337852485,0.007359506787467256,0.00028885744961477163
v2_primary,primary family-robust finite-size inference,8,6.0,gaussian,Z,0.0,128,1,pairwise_purity,SU2-CZ-random-matching,4,0.007070649337852485,0.0072235225129004665,0.00015287317504798174
v2_primary,primary family-robust finite-size inference,8,6.0,gaussian,Z,0.0,128,1,pairwise_purity,SU2-CZ-ring,4,0.007070649337852485,0.007256771902475317,0.00018612256462283237
v2_primary,primary family-robust finite-size inference,8,6.0,gaussian,Z,0.0,128,1,pairwise_purity,SU2-HaarU4-brickwork,4,0.007070649337852485,0.006962133888441401,-0.00010851544941108387
v2_primary,primary family-robust finite-size inference,8,6.0,gaussian,Z,0.0,128,1,sample_covariance_purity,RY-RZ-CZ-line,4,0.014827909889900515,0.014312629476118789,-0.0005152804137817258
v2_primary,primary family-robust finite-size inference,8,6.0,gaussian,Z,0.0,128,1,sample_covariance_purity,SU2-CNOT-line,4,0.014827909889900515,0.015114510640690172,0.0002866007507896576
v2_primary,primary family-robust finite-size inference,8,6.0,gaussian,Z,0.0,128,1,sample_covariance_purity,SU2-CZ-random-matching,4,0.014827909889900515,0.014979588743268435,0.0001516788533679203
v2_primary,primary family-robust finite-size inference,8,6.0,gaussian,Z,0.0,128,1,sample_covariance_purity,SU2-CZ-ring,4,0.014827909889900515,0.015012578371987231,0.0001846684820867167
v2_primary,primary family-robust finite-size inference,8,6.0,gaussian,Z,0.0,128,1,sample_covariance_purity,SU2-HaarU4-brickwork,4,0.014827909889900515,0.014720242217437956,-0.00010766767246255839
v2_primary,primary family-robust finite-size inference,8,6.0,gaussian,Z,0.0,128,1,trC3_u_stat,RY-RZ-CZ-line,4,7.080411860000197e-05,5.740158888798525e-05,-1.3402529712016714e-05
v2_primary,primary family-robust finite-size inference,8,6.0,gaussian,Z,0.0,128,1,trC3_u_stat,SU2-CNOT-line,4,7.080411860000197e-05,7.730960211255563e-05,6.505483512553664e-06
v2_primary,primary family-robust finite-size inference,8,6.0,gaussian,Z,0.0,128,1,trC3_u_stat,SU2-CZ-random-matching,4,7.080411860000197e-05,7.480752796884286e-05,4.003409368840891e-06
v2_primary,primary family-robust finite-size inference,8,6.0,gaussian,Z,0.0,128,1,trC3_u_stat,SU2-CZ-ring,4,7.080411860000197e-05,7.555516243265622e-05,4.751043832654258e-06
v2_primary,primary family-robust finite-size inference,8,6.0,gaussian,Z,0.0,128,1,trC3_u_stat,SU2-HaarU4-brickwork,4,7.080411860000197e-05,6.894671159796983e-05,-1.8574070020321398e-06
v2_primary,primary family-robust finite-size inference,8,6.0,gaussian,Z,0.0,128,1,Ffull_over_FQ_mean,RY-RZ-CZ-line,4,0.4901108206196776,0.4924246244630571,0.002313803843379536
v2_primary,primary family-robust finite-size inference,8,6.0,gaussian,Z,0.0,128,1,Ffull_over_FQ_mean,SU2-CNOT-line,4,0.4901108206196776,0.4896945208123271,-0.0004162998073504731
v2_primary,primary family-robust finite-size inference,8,6.0,gaussian,Z,0.0,128,1,Ffull_over_FQ_mean,SU2-CZ-random-matching,4,0.4901108206196776,0.48960868008972147,-0.0005021405299561188
v2_primary,primary family-robust finite-size inference,8,6.0,gaussian,Z,0.0,128,1,Ffull_over_FQ_mean,SU2-CZ-ring,4,0.4901108206196776,0.4894549510003041,-0.0006558696193734725
v2_primary,primary family-robust finite-size inference,8,6.0,gaussian,Z,0.0,128,1,Ffull_over_FQ_mean,SU2-HaarU4-brickwork,4,0.4901108206196776,0.4893713267329783,-0.000739493886699305
v2_primary,primary family-robust finite-size inference,8,6.0,gaussian,Z,0.0,128,1,haar_alignment_z,RY-RZ-CZ-line,4,-1.0116632607284086,-0.815802304096178,0.19586095663223058
v2_primary,primary family-robust finite-size inference,8,6.0,gaussian,Z,0.0,128,1,haar_alignment_z,SU2-CNOT-line,4,-1.0116632607284086,-1.1664290528864951,-0.1547657921580865
v2_primary,primary family-robust finite-size inference,8,6.0,gaussian,Z,0.0,128,1,haar_alignment_z,SU2-CZ-random-matching,4,-1.0116632607284086,-1.0901766302483744,-0.07851336951996579
v2_primary,primary family-robust finite-size inference,8,6.0,gaussian,Z,0.0,128,1,haar_alignment_z,SU2-CZ-ring,4,-1.0116632607284086,-1.0797756752818874,-0.06811241455347883
v2_primary,primary family-robust finite-size inference,8,6.0,gaussian,Z,0.0,128,1,haar_alignment_z,SU2-HaarU4-brickwork,4,-1.0116632607284086,-0.9061326411291075,0.1055306195993011
v2_primary,primary family-robust finite-size inference,8,6.0,gaussian,Z,0.0,128,1,physical_minus_rank_baseline,RY-RZ-CZ-line,4,-0.0016630587246855935,-0.0012950178832639243,0.00036804084142166914
v2_primary,primary family-robust finite-size inference,8,6.0,gaussian,Z,0.0,128,1,physical_minus_rank_baseline,SU2-CNOT-line,4,-0.0016630587246855935,-0.0019305693487268057,-0.00026751062404121225
v2_primary,primary family-robust finite-size inference,8,6.0,gaussian,Z,0.0,128,1,physical_minus_rank_baseline,SU2-CZ-random-matching,4,-0.0016630587246855935,-0.0018053910999632663,-0.00014233237527767287
v2_primary,primary family-robust finite-size inference,8,6.0,gaussian,Z,0.0,128,1,physical_minus_rank_baseline,SU2-CZ-ring,4,-0.0016630587246855935,-0.0017925665541574118,-0.00012950782947181833
v2_primary,primary family-robust finite-size inference,8,6.0,gaussian,Z,0.0,128,1,physical_minus_rank_baseline,SU2-HaarU4-brickwork,4,-0.0016630587246855935,-0.001491748737316558,0.0001713099873690354
v2_primary,primary family-robust finite-size inference,8,6.0,gaussian,Z,0.0,128,2,enhancement,RY-RZ-CZ-line,4,0.9743283860886264,0.9801230273688448,0.005794641280218449
v2_primary,primary family-robust finite-size inference,8,6.0,gaussian,Z,0.0,128,2,enhancement,SU2-CNOT-line,4,0.9743283860886264,0.971485858144548,-0.0028425279440783546
v2_primary,primary family-robust finite-size inference,8,6.0,gaussian,Z,0.0,128,2,enhancement,SU2-CZ-random-matching,4,0.9743283860886264,0.9719893806393245,-0.0023390054493018786
v2_primary,primary family-robust finite-size inference,8,6.0,gaussian,Z,0.0,128,2,enhancement,SU2-CZ-ring,4,0.9743283860886264,0.9714656951509797,-0.0028626909376466836
v2_primary,primary family-robust finite-size inference,8,6.0,gaussian,Z,0.0,128,2,enhancement,SU2-HaarU4-brickwork,4,0.9743283860886264,0.9765779691394347,0.002249583050808357
v2_primary,primary family-robust finite-size inference,8,6.0,gaussian,Z,0.0,128,2,actual_retention,RY-RZ-CZ-line,4,0.13755224274192368,0.1383703097461898,0.0008180670042661209
v2_primary,primary family-robust finite-size inference,8,6.0,gaussian,Z,0.0,128,2,actual_retention,SU2-CNOT-line,4,0.13755224274192368,0.13715094467923025,-0.00040129806269342816
v2_primary,primary family-robust finite-size inference,8,6.0,gaussian,Z,0.0,128,2,actual_retention,SU2-CZ-random-matching,4,0.13755224274192368,0.13722203020790458,-0.0003302125340191031
v2_primary,primary family-robust finite-size inference,8,6.0,gaussian,Z,0.0,128,2,actual_retention,SU2-CZ-ring,4,0.13755224274192368,0.13714809813896178,-0.0004041446029618978
v2_primary,primary family-robust finite-size inference,8,6.0,gaussian,Z,0.0,128,2,actual_retention,SU2-HaarU4-brickwork,4,0.13755224274192368,0.13786983093733193,0.00031758819540825267
v2_primary,primary family-robust finite-size inference,8,6.0,gaussian,Z,0.0,128,2,deff_pairwise,RY-RZ-CZ-line,4,145.0021056372121,153.87633882684025,8.874233189628143
v2_primary,primary family-robust finite-size inference,8,6.0,gaussian,Z,0.0,128,2,deff_pairwise,SU2-CNOT-line,4,145.0021056372121,138.95020633056447,-6.051899306647641
v2_primary,primary family-robust finite-size inference,8,6.0,gaussian,Z,0.0,128,2,deff_pairwise,SU2-CZ-random-matching,4,145.0021056372121,142.53688745831585,-2.465218178896265
v2_primary,primary family-robust finite-size inference,8,6.0,gaussian,Z,0.0,128,2,deff_pairwise,SU2-CZ-ring,4,145.0021056372121,141.72666072108166,-3.2754449161304535
v2_primary,primary family-robust finite-size inference,8,6.0,gaussian,Z,0.0,128,2,deff_pairwise,SU2-HaarU4-brickwork,4,145.0021056372121,147.9204348492583,2.9183292120461886
v2_primary,primary family-robust finite-size inference,8,6.0,gaussian,Z,0.0,128,2,pairwise_purity,RY-RZ-CZ-line,4,0.007070649337852485,0.006551311597977984,-0.000519337739874501
v2_primary,primary family-robust finite-size inference,8,6.0,gaussian,Z,0.0,128,2,pairwise_purity,SU2-CNOT-line,4,0.007070649337852485,0.007359506787467256,0.00028885744961477163
v2_primary,primary family-robust finite-size inference,8,6.0,gaussian,Z,0.0,128,2,pairwise_purity,SU2-CZ-random-matching,4,0.007070649337852485,0.0072235225129004665,0.00015287317504798174
v2_primary,primary family-robust finite-size inference,8,6.0,gaussian,Z,0.0,128,2,pairwise_purity,SU2-CZ-ring,4,0.007070649337852485,0.007256771902475317,0.00018612256462283237
v2_primary,primary family-robust finite-size inference,8,6.0,gaussian,Z,0.0,128,2,pairwise_purity,SU2-HaarU4-brickwork,4,0.007070649337852485,0.006962133888441401,-0.00010851544941108387
v2_primary,primary family-robust finite-size inference,8,6.0,gaussian,Z,0.0,128,2,sample_covariance_purity,RY-RZ-CZ-line,4,0.014827909889900515,0.014312629476118789,-0.0005152804137817258
v2_primary,primary family-robust finite-size inference,8,6.0,gaussian,Z,0.0,128,2,sample_covariance_purity,SU2-CNOT-line,4,0.014827909889900515,0.015114510640690172,0.0002866007507896576
v2_primary,primary family-robust finite-size inference,8,6.0,gaussian,Z,0.0,128,2,sample_covariance_purity,SU2-CZ-random-matching,4,0.014827909889900515,0.014979588743268435,0.0001516788533679203
v2_primary,primary family-robust finite-size inference,8,6.0,gaussian,Z,0.0,128,2,sample_covariance_purity,SU2-CZ-ring,4,0.014827909889900515,0.015012578371987231,0.0001846684820867167
v2_primary,primary family-robust finite-size inference,8,6.0,gaussian,Z,0.0,128,2,sample_covariance_purity,SU2-HaarU4-brickwork,4,0.014827909889900515,0.014720242217437956,-0.00010766767246255839
v2_primary,primary family-robust finite-size inference,8,6.0,gaussian,Z,0.0,128,2,trC3_u_stat,RY-RZ-CZ-line,4,7.080411860000197e-05,5.740158888798525e-05,-1.3402529712016714e-05
v2_primary,primary family-robust finite-size inference,8,6.0,gaussian,Z,0.0,128,2,trC3_u_stat,SU2-CNOT-line,4,7.080411860000197e-05,7.730960211255563e-05,6.505483512553664e-06
v2_primary,primary family-robust finite-size inference,8,6.0,gaussian,Z,0.0,128,2,trC3_u_stat,SU2-CZ-random-matching,4,7.080411860000197e-05,7.480752796884286e-05,4.003409368840891e-06
v2_primary,primary family-robust finite-size inference,8,6.0,gaussian,Z,0.0,128,2,trC3_u_stat,SU2-CZ-ring,4,7.080411860000197e-05,7.555516243265622e-05,4.751043832654258e-06
v2_primary,primary family-robust finite-size inference,8,6.0,gaussian,Z,0.0,128,2,trC3_u_stat,SU2-HaarU4-brickwork,4,7.080411860000197e-05,6.894671159796983e-05,-1.8574070020321398e-06
v2_primary,primary family-robust finite-size inference,8,6.0,gaussian,Z,0.0,128,2,Ffull_over_FQ_mean,RY-RZ-CZ-line,4,0.4901108206196776,0.4924246244630571,0.002313803843379536
v2_primary,primary family-robust finite-size inference,8,6.0,gaussian,Z,0.0,128,2,Ffull_over_FQ_mean,SU2-CNOT-line,4,0.4901108206196776,0.4896945208123271,-0.0004162998073504731
v2_primary,primary family-robust finite-size inference,8,6.0,gaussian,Z,0.0,128,2,Ffull_over_FQ_mean,SU2-CZ-random-matching,4,0.4901108206196776,0.48960868008972147,-0.0005021405299561188
v2_primary,primary family-robust finite-size inference,8,6.0,gaussian,Z,0.0,128,2,Ffull_over_FQ_mean,SU2-CZ-ring,4,0.4901108206196776,0.4894549510003041,-0.0006558696193734725
v2_primary,primary family-robust finite-size inference,8,6.0,gaussian,Z,0.0,128,2,Ffull_over_FQ_mean,SU2-HaarU4-brickwork,4,0.4901108206196776,0.4893713267329783,-0.000739493886699305
v2_primary,primary family-robust finite-size inference,8,6.0,gaussian,Z,0.0,128,2,haar_alignment_z,RY-RZ-CZ-line,4,-1.1034092820592207,-0.8856100654854173,0.2177992165738034
v2_primary,primary family-robust finite-size inference,8,6.0,gaussian,Z,0.0,128,2,haar_alignment_z,SU2-CNOT-line,4,-1.1034092820592207,-1.2127830481506585,-0.10937376609143779
v2_primary,primary family-robust finite-size inference,8,6.0,gaussian,Z,0.0,128,2,haar_alignment_z,SU2-CZ-random-matching,4,-1.1034092820592207,-1.1952830702108082,-0.09187378815158742
v2_primary,primary family-robust finite-size inference,8,6.0,gaussian,Z,0.0,128,2,haar_alignment_z,SU2-CZ-ring,4,-1.1034092820592207,-1.217618376931869,-0.11420909487264819
v2_primary,primary family-robust finite-size inference,8,6.0,gaussian,Z,0.0,128,2,haar_alignment_z,SU2-HaarU4-brickwork,4,-1.1034092820592207,-1.00575184951735,0.09765743254187065
v2_primary,primary family-robust finite-size inference,8,6.0,gaussian,Z,0.0,128,2,physical_minus_rank_baseline,RY-RZ-CZ-line,4,-0.0036242278463115367,-0.002806160842045407,0.0008180670042661296
v2_primary,primary family-robust finite-size inference,8,6.0,gaussian,Z,0.0,128,2,physical_minus_rank_baseline,SU2-CNOT-line,4,-0.0036242278463115367,-0.004025525909004946,-0.0004012980626934095
v2_primary,primary family-robust finite-size inference,8,6.0,gaussian,Z,0.0,128,2,physical_minus_rank_baseline,SU2-CZ-random-matching,4,-0.0036242278463115367,-0.003954440380330625,-0.00033021253401908793
v2_primary,primary family-robust finite-size inference,8,6.0,gaussian,Z,0.0,128,2,physical_minus_rank_baseline,SU2-CZ-ring,4,-0.0036242278463115367,-0.004028372449273413,-0.00040414460296187655
v2_primary,primary family-robust finite-size inference,8,6.0,gaussian,Z,0.0,128,2,physical_minus_rank_baseline,SU2-HaarU4-brickwork,4,-0.0036242278463115367,-0.003306639650903293,0.00031758819540824356
v2_primary,primary family-robust finite-size inference,10,6.0,gaussian,Z,0.0,128,1,enhancement,RY-RZ-CZ-line,4,0.9441227502155647,0.957363432369305,0.013240682153740302
v2_primary,primary family-robust finite-size inference,10,6.0,gaussian,Z,0.0,128,1,enhancement,SU2-CNOT-line,4,0.9441227502155647,0.9319120764986202,-0.012210673716944509
v2_primary,primary family-robust finite-size inference,10,6.0,gaussian,Z,0.0,128,1,enhancement,SU2-CZ-random-matching,4,0.9441227502155647,0.9438681161979565,-0.0002546340176081685
v2_primary,primary family-robust finite-size inference,10,6.0,gaussian,Z,0.0,128,1,enhancement,SU2-CZ-ring,4,0.9441227502155647,0.9405958014787847,-0.0035269487367799446
v2_primary,primary family-robust finite-size inference,10,6.0,gaussian,Z,0.0,128,1,enhancement,SU2-HaarU4-brickwork,4,0.9441227502155647,0.946874324533157,0.00275157431759232
v2_primary,primary family-robust finite-size inference,10,6.0,gaussian,Z,0.0,128,1,actual_retention,RY-RZ-CZ-line,4,0.009228961390181426,0.009358391323258067,0.0001294299330766406
v2_primary,primary family-robust finite-size inference,10,6.0,gaussian,Z,0.0,128,1,actual_retention,SU2-CNOT-line,4,0.009228961390181426,0.009109599965773367,-0.00011936142440805916
v2_primary,primary family-robust finite-size inference,10,6.0,gaussian,Z,0.0,128,1,actual_retention,SU2-CZ-random-matching,4,0.009228961390181426,0.009226472299100213,-2.489091081213368e-06
v2_primary,primary family-robust finite-size inference,10,6.0,gaussian,Z,0.0,128,1,actual_retention,SU2-CZ-ring,4,0.009228961390181426,0.009194484862940173,-3.447652724125269e-05
v2_primary,primary family-robust finite-size inference,10,6.0,gaussian,Z,0.0,128,1,actual_retention,SU2-HaarU4-brickwork,4,0.009228961390181426,0.009255858499835309,2.689710965388288e-05
v2_primary,primary family-robust finite-size inference,10,6.0,gaussian,Z,0.0,128,1,deff_pairwise,RY-RZ-CZ-line,4,367.5047705940319,400.64068306691627,33.13591247288434
v2_primary,primary family-robust finite-size inference,10,6.0,gaussian,Z,0.0,128,1,deff_pairwise,SU2-CNOT-line,4,367.5047705940319,342.4687054201704,-25.036065173861516
v2_primary,primary family-robust finite-size inference,10,6.0,gaussian,Z,0.0,128,1,deff_pairwise,SU2-CZ-random-matching,4,367.5047705940319,358.69179208912,-8.81297850491194
v2_primary,primary family-robust finite-size inference,10,6.0,gaussian,Z,0.0,128,1,deff_pairwise,SU2-CZ-ring,4,367.5047705940319,357.2957787705079,-10.208991823524002
v2_primary,primary family-robust finite-size inference,10,6.0,gaussian,Z,0.0,128,1,deff_pairwise,SU2-HaarU4-brickwork,4,367.5047705940319,378.42689362344515,10.922123029413228
v2_primary,primary family-robust finite-size inference,10,6.0,gaussian,Z,0.0,128,1,pairwise_purity,RY-RZ-CZ-line,4,0.0028863232871826463,0.0025407907584384356,-0.0003455325287442107
v2_primary,primary family-robust finite-size inference,10,6.0,gaussian,Z,0.0,128,1,pairwise_purity,SU2-CNOT-line,4,0.0028863232871826463,0.003073077559491734,0.00018675427230908795
v2_primary,primary family-robust finite-size inference,10,6.0,gaussian,Z,0.0,128,1,pairwise_purity,SU2-CZ-random-matching,4,0.0028863232871826463,0.002987074973082214,0.00010075168589956766
v2_primary,primary family-robust finite-size inference,10,6.0,gaussian,Z,0.0,128,1,pairwise_purity,SU2-CZ-ring,4,0.0028863232871826463,0.0029954193225108844,0.0001090960353282381
v2_primary,primary family-robust finite-size inference,10,6.0,gaussian,Z,0.0,128,1,pairwise_purity,SU2-HaarU4-brickwork,4,0.0028863232871826463,0.0028352538223899624,-5.106946479268388e-05
v2_primary,primary family-robust finite-size inference,10,6.0,gaussian,Z,0.0,128,1,sample_covariance_purity,RY-RZ-CZ-line,4,0.010676273886501534,0.010333440830638137,-0.00034283305586339623
v2_primary,primary family-robust finite-size inference,10,6.0,gaussian,Z,0.0,128,1,sample_covariance_purity,SU2-CNOT-line,4,0.010676273886501534,0.010861569141058207,0.00018529525455667287
v2_primary,primary family-robust finite-size inference,10,6.0,gaussian,Z,0.0,128,1,sample_covariance_purity,SU2-CZ-random-matching,4,0.010676273886501534,0.010776238449855011,9.996456335347771e-05
v2_primary,primary family-robust finite-size inference,10,6.0,gaussian,Z,0.0,128,1,sample_covariance_purity,SU2-CZ-ring,4,0.010676273886501534,0.010784517609053766,0.00010824372255223251
v2_primary,primary family-robust finite-size inference,10,6.0,gaussian,Z,0.0,128,1,sample_covariance_purity,SU2-HaarU4-brickwork,4,0.010676273886501534,0.010625603401902543,-5.067048459899033e-05
v2_primary,primary family-robust finite-size inference,10,6.0,gaussian,Z,0.0,128,1,trC3_u_stat,RY-RZ-CZ-line,4,1.3481552608638172e-05,9.319111292572804e-06,-4.162441316065369e-06
v2_primary,primary family-robust finite-size inference,10,6.0,gaussian,Z,0.0,128,1,trC3_u_stat,SU2-CNOT-line,4,1.3481552608638172e-05,1.52699774048282e-05,1.7884247961900287e-06
v2_primary,primary family-robust finite-size inference,10,6.0,gaussian,Z,0.0,128,1,trC3_u_stat,SU2-CZ-random-matching,4,1.3481552608638172e-05,1.4732324753761376e-05,1.2507721451232035e-06
v2_primary,primary family-robust finite-size inference,10,6.0,gaussian,Z,0.0,128,1,trC3_u_stat,SU2-CZ-ring,4,1.3481552608638172e-05,1.4816342251828188e-05,1.3347896431900159e-06
v2_primary,primary family-robust finite-size inference,10,6.0,gaussian,Z,0.0,128,1,trC3_u_stat,SU2-HaarU4-brickwork,4,1.3481552608638172e-05,1.3270007340200293e-05,-2.115452684378795e-07
v2_primary,primary family-robust finite-size inference,10,6.0,gaussian,Z,0.0,128,1,Ffull_over_FQ_mean,RY-RZ-CZ-line,4,0.49206151117017216,0.49358404666953415,0.0015225354993619877
v2_primary,primary family-robust finite-size inference,10,6.0,gaussian,Z,0.0,128,1,Ffull_over_FQ_mean,SU2-CNOT-line,4,0.49206151117017216,0.4915825758487159,-0.00047893532145626416
v2_primary,primary family-robust finite-size inference,10,6.0,gaussian,Z,0.0,128,1,Ffull_over_FQ_mean,SU2-CZ-random-matching,4,0.49206151117017216,0.49174283368065597,-0.0003186774895161948
v2_primary,primary family-robust finite-size inference,10,6.0,gaussian,Z,0.0,128,1,Ffull_over_FQ_mean,SU2-CZ-ring,4,0.49206151117017216,0.4917979910030781,-0.0002635201670940779
v2_primary,primary family-robust finite-size inference,10,6.0,gaussian,Z,0.0,128,1,Ffull_over_FQ_mean,SU2-HaarU4-brickwork,4,0.49206151117017216,0.4916001086488766,-0.0004614025212955619
v2_primary,primary family-robust finite-size inference,10,6.0,gaussian,Z,0.0,128,1,haar_alignment_z,RY-RZ-CZ-line,4,-1.2523971569605004,-0.9825774914449551,0.26981966551554526
v2_primary,primary family-robust finite-size inference,10,6.0,gaussian,Z,0.0,128,1,haar_alignment_z,SU2-CNOT-line,4,-1.2523971569605004,-1.5236945669690658,-0.27129741000856544
v2_primary,primary family-robust finite-size inference,10,6.0,gaussian,Z,0.0,128,1,haar_alignment_z,SU2-CZ-random-matching,4,-1.2523971569605004,-1.2459712245021808,0.006425932458319572
v2_primary,primary family-robust finite-size inference,10,6.0,gaussian,Z,0.0,128,1,haar_alignment_z,SU2-CZ-ring,4,-1.2523971569605004,-1.3219874734563097,-0.06959031649580938
v2_primary,primary family-robust finite-size inference,10,6.0,gaussian,Z,0.0,128,1,haar_alignment_z,SU2-HaarU4-brickwork,4,-1.2523971569605004,-1.1877550284299905,0.06464212853050988
v2_primary,primary family-robust finite-size inference,10,6.0,gaussian,Z,0.0,128,1,physical_minus_rank_baseline,RY-RZ-CZ-line,4,-0.0005462096753121347,-0.0004167797422354996,0.00012942993307663513
v2_primary,primary family-robust finite-size inference,10,6.0,gaussian,Z,0.0,128,1,physical_minus_rank_baseline,SU2-CNOT-line,4,-0.0005462096753121347,-0.0006655710997201878,-0.00011936142440805309
v2_primary,primary family-robust finite-size inference,10,6.0,gaussian,Z,0.0,128,1,physical_minus_rank_baseline,SU2-CZ-random-matching,4,-0.0005462096753121347,-0.0005486987663933503,-2.4890910812155366e-06
v2_primary,primary family-robust finite-size inference,10,6.0,gaussian,Z,0.0,128,1,physical_minus_rank_baseline,SU2-CZ-ring,4,-0.0005462096753121347,-0.0005806862025533816,-3.4476527241246837e-05
v2_primary,primary family-robust finite-size inference,10,6.0,gaussian,Z,0.0,128,1,physical_minus_rank_baseline,SU2-HaarU4-brickwork,4,-0.0005462096753121347,-0.0005193125656582544,2.6897109653880387e-05
v2_primary,primary family-robust finite-size inference,10,6.0,gaussian,Z,0.0,128,2,enhancement,RY-RZ-CZ-line,4,0.9674137739333368,0.975973324248418,0.008559550315081155
v2_primary,primary family-robust finite-size inference,10,6.0,gaussian,Z,0.0,128,2,enhancement,SU2-CNOT-line,4,0.9674137739333368,0.9614553760003203,-0.005958397933016557
v2_primary,primary family-robust finite-size inference,10,6.0,gaussian,Z,0.0,128,2,enhancement,SU2-CZ-random-matching,4,0.9674137739333368,0.9659184017472572,-0.0014953721860796465
v2_primary,primary family-robust finite-size inference,10,6.0,gaussian,Z,0.0,128,2,enhancement,SU2-CZ-ring,4,0.9674137739333368,0.9648471608183248,-0.002566613115012051
v2_primary,primary family-robust finite-size inference,10,6.0,gaussian,Z,0.0,128,2,enhancement,SU2-HaarU4-brickwork,4,0.9674137739333368,0.9688746068523635,0.0014608329190266556
v2_primary,primary family-robust finite-size inference,10,6.0,gaussian,Z,0.0,128,2,actual_retention,RY-RZ-CZ-line,4,0.05201149322222235,0.05247168409937725,0.00046019087715489654
v2_primary,primary family-robust finite-size inference,10,6.0,gaussian,Z,0.0,128,2,actual_retention,SU2-CNOT-line,4,0.05201149322222235,0.05169114924732899,-0.0003203439748933612
v2_primary,primary family-robust finite-size inference,10,6.0,gaussian,Z,0.0,128,2,actual_retention,SU2-CZ-random-matching,4,0.05201149322222235,0.051931096868132055,-8.039635409029522e-05
v2_primary,primary family-robust finite-size inference,10,6.0,gaussian,Z,0.0,128,2,actual_retention,SU2-CZ-ring,4,0.05201149322222235,0.051873503269802355,-0.00013798995241999512
v2_primary,primary family-robust finite-size inference,10,6.0,gaussian,Z,0.0,128,2,actual_retention,SU2-HaarU4-brickwork,4,0.05201149322222235,0.0520900326264711,7.853940424874806e-05
v2_primary,primary family-robust finite-size inference,10,6.0,gaussian,Z,0.0,128,2,deff_pairwise,RY-RZ-CZ-line,4,367.5047705940319,400.64068306691627,33.13591247288434
v2_primary,primary family-robust finite-size inference,10,6.0,gaussian,Z,0.0,128,2,deff_pairwise,SU2-CNOT-line,4,367.5047705940319,342.4687054201704,-25.036065173861516
v2_primary,primary family-robust finite-size inference,10,6.0,gaussian,Z,0.0,128,2,deff_pairwise,SU2-CZ-random-matching,4,367.5047705940319,358.69179208912,-8.81297850491194
v2_primary,primary family-robust finite-size inference,10,6.0,gaussian,Z,0.0,128,2,deff_pairwise,SU2-CZ-ring,4,367.5047705940319,357.2957787705079,-10.208991823524002
v2_primary,primary family-robust finite-size inference,10,6.0,gaussian,Z,0.0,128,2,deff_pairwise,SU2-HaarU4-brickwork,4,367.5047705940319,378.42689362344515,10.922123029413228
v2_primary,primary family-robust finite-size inference,10,6.0,gaussian,Z,0.0,128,2,pairwise_purity,RY-RZ-CZ-line,4,0.0028863232871826463,0.0025407907584384356,-0.0003455325287442107
v2_primary,primary family-robust finite-size inference,10,6.0,gaussian,Z,0.0,128,2,pairwise_purity,SU2-CNOT-line,4,0.0028863232871826463,0.003073077559491734,0.00018675427230908795
v2_primary,primary family-robust finite-size inference,10,6.0,gaussian,Z,0.0,128,2,pairwise_purity,SU2-CZ-random-matching,4,0.0028863232871826463,0.002987074973082214,0.00010075168589956766
v2_primary,primary family-robust finite-size inference,10,6.0,gaussian,Z,0.0,128,2,pairwise_purity,SU2-CZ-ring,4,0.0028863232871826463,0.0029954193225108844,0.0001090960353282381
v2_primary,primary family-robust finite-size inference,10,6.0,gaussian,Z,0.0,128,2,pairwise_purity,SU2-HaarU4-brickwork,4,0.0028863232871826463,0.0028352538223899624,-5.106946479268388e-05
v2_primary,primary family-robust finite-size inference,10,6.0,gaussian,Z,0.0,128,2,sample_covariance_purity,RY-RZ-CZ-line,4,0.010676273886501534,0.010333440830638137,-0.00034283305586339623
v2_primary,primary family-robust finite-size inference,10,6.0,gaussian,Z,0.0,128,2,sample_covariance_purity,SU2-CNOT-line,4,0.010676273886501534,0.010861569141058207,0.00018529525455667287
v2_primary,primary family-robust finite-size inference,10,6.0,gaussian,Z,0.0,128,2,sample_covariance_purity,SU2-CZ-random-matching,4,0.010676273886501534,0.010776238449855011,9.996456335347771e-05
v2_primary,primary family-robust finite-size inference,10,6.0,gaussian,Z,0.0,128,2,sample_covariance_purity,SU2-CZ-ring,4,0.010676273886501534,0.010784517609053766,0.00010824372255223251
v2_primary,primary family-robust finite-size inference,10,6.0,gaussian,Z,0.0,128,2,sample_covariance_purity,SU2-HaarU4-brickwork,4,0.010676273886501534,0.010625603401902543,-5.067048459899033e-05
v2_primary,primary family-robust finite-size inference,10,6.0,gaussian,Z,0.0,128,2,trC3_u_stat,RY-RZ-CZ-line,4,1.3481552608638172e-05,9.319111292572804e-06,-4.162441316065369e-06
v2_primary,primary family-robust finite-size inference,10,6.0,gaussian,Z,0.0,128,2,trC3_u_stat,SU2-CNOT-line,4,1.3481552608638172e-05,1.52699774048282e-05,1.7884247961900287e-06
v2_primary,primary family-robust finite-size inference,10,6.0,gaussian,Z,0.0,128,2,trC3_u_stat,SU2-CZ-random-matching,4,1.3481552608638172e-05,1.4732324753761376e-05,1.2507721451232035e-06
v2_primary,primary family-robust finite-size inference,10,6.0,gaussian,Z,0.0,128,2,trC3_u_stat,SU2-CZ-ring,4,1.3481552608638172e-05,1.4816342251828188e-05,1.3347896431900159e-06
v2_primary,primary family-robust finite-size inference,10,6.0,gaussian,Z,0.0,128,2,trC3_u_stat,SU2-HaarU4-brickwork,4,1.3481552608638172e-05,1.3270007340200293e-05,-2.115452684378795e-07
v2_primary,primary family-robust finite-size inference,10,6.0,gaussian,Z,0.0,128,2,Ffull_over_FQ_mean,RY-RZ-CZ-line,4,0.49206151117017216,0.49358404666953415,0.0015225354993619877
v2_primary,primary family-robust finite-size inference,10,6.0,gaussian,Z,0.0,128,2,Ffull_over_FQ_mean,SU2-CNOT-line,4,0.49206151117017216,0.4915825758487159,-0.00047893532145626416
v2_primary,primary family-robust finite-size inference,10,6.0,gaussian,Z,0.0,128,2,Ffull_over_FQ_mean,SU2-CZ-random-matching,4,0.49206151117017216,0.49174283368065597,-0.0003186774895161948
v2_primary,primary family-robust finite-size inference,10,6.0,gaussian,Z,0.0,128,2,Ffull_over_FQ_mean,SU2-CZ-ring,4,0.49206151117017216,0.4917979910030781,-0.0002635201670940779
v2_primary,primary family-robust finite-size inference,10,6.0,gaussian,Z,0.0,128,2,Ffull_over_FQ_mean,SU2-HaarU4-brickwork,4,0.49206151117017216,0.4916001086488766,-0.0004614025212955619
v2_primary,primary family-robust finite-size inference,10,6.0,gaussian,Z,0.0,128,2,haar_alignment_z,RY-RZ-CZ-line,4,-1.7501632353566798,-1.3297699692020943,0.4203932661545855
v2_primary,primary family-robust finite-size inference,10,6.0,gaussian,Z,0.0,128,2,haar_alignment_z,SU2-CNOT-line,4,-1.7501632353566798,-2.0629888023464136,-0.31282556698973374
v2_primary,primary family-robust finite-size inference,10,6.0,gaussian,Z,0.0,128,2,haar_alignment_z,SU2-CZ-random-matching,4,-1.7501632353566798,-1.8157238855416709,-0.06556065018499102
v2_primary,primary family-robust finite-size inference,10,6.0,gaussian,Z,0.0,128,2,haar_alignment_z,SU2-CZ-ring,4,-1.7501632353566798,-1.8754318828754728,-0.12526864751879296
v2_primary,primary family-robust finite-size inference,10,6.0,gaussian,Z,0.0,128,2,haar_alignment_z,SU2-HaarU4-brickwork,4,-1.7501632353566798,-1.6669016368177474,0.08326159853893245
v2_primary,primary family-robust finite-size inference,10,6.0,gaussian,Z,0.0,128,2,physical_minus_rank_baseline,RY-RZ-CZ-line,4,-0.0017519476379926034,-0.0012917567608377012,0.0004601908771549022
v2_primary,primary family-robust finite-size inference,10,6.0,gaussian,Z,0.0,128,2,physical_minus_rank_baseline,SU2-CNOT-line,4,-0.0017519476379926034,-0.002072291612885961,-0.0003203439748933577
v2_primary,primary family-robust finite-size inference,10,6.0,gaussian,Z,0.0,128,2,physical_minus_rank_baseline,SU2-CZ-random-matching,4,-0.0017519476379926034,-0.0018323439920829,-8.039635409029652e-05
v2_primary,primary family-robust finite-size inference,10,6.0,gaussian,Z,0.0,128,2,physical_minus_rank_baseline,SU2-CZ-ring,4,-0.0017519476379926034,-0.0018899375904126029,-0.00013798995241999946
v2_primary,primary family-robust finite-size inference,10,6.0,gaussian,Z,0.0,128,2,physical_minus_rank_baseline,SU2-HaarU4-brickwork,4,-0.0017519476379926034,-0.001673408233743853,7.853940424875044e-05
v2_primary,primary family-robust finite-size inference,12,6.0,gaussian,Z,0.0,128,1,enhancement,RY-RZ-CZ-line,4,0.9425237184989452,0.9567625539578868,0.014238835458941557
v2_primary,primary family-robust finite-size inference,12,6.0,gaussian,Z,0.0,128,1,enhancement,SU2-CNOT-line,4,0.9425237184989452,0.9319899834881933,-0.010533735010751943
v2_primary,primary family-robust finite-size inference,12,6.0,gaussian,Z,0.0,128,1,enhancement,SU2-CZ-random-matching,4,0.9425237184989452,0.9388216782831353,-0.0037020402158098875
v2_primary,primary family-robust finite-size inference,12,6.0,gaussian,Z,0.0,128,1,enhancement,SU2-CZ-ring,4,0.9425237184989452,0.9380160265389668,-0.004507691959978466
v2_primary,primary family-robust finite-size inference,12,6.0,gaussian,Z,0.0,128,1,enhancement,SU2-HaarU4-brickwork,4,0.9425237184989452,0.9470283502265442,0.004504631727598962
v2_primary,primary family-robust finite-size inference,12,6.0,gaussian,Z,0.0,128,1,actual_retention,RY-RZ-CZ-line,4,0.0027619742666635224,0.002803699791817928,4.1725525154405474e-05
v2_primary,primary family-robust finite-size inference,12,6.0,gaussian,Z,0.0,128,1,actual_retention,SU2-CNOT-line,4,0.0027619742666635224,0.0027311061787199265,-3.086808794359585e-05
v2_primary,primary family-robust finite-size inference,12,6.0,gaussian,Z,0.0,128,1,actual_retention,SU2-CZ-random-matching,4,0.0027619742666635224,0.002751125797166642,-1.0848469496880543e-05
v2_primary,primary family-robust finite-size inference,12,6.0,gaussian,Z,0.0,128,1,actual_retention,SU2-CZ-ring,4,0.0027619742666635224,0.0027487649129346483,-1.320935372887402e-05
v2_primary,primary family-robust finite-size inference,12,6.0,gaussian,Z,0.0,128,1,actual_retention,SU2-HaarU4-brickwork,4,0.0027619742666635224,0.002775174652678467,1.3200386014944505e-05
v2_primary,primary family-robust finite-size inference,12,6.0,gaussian,Z,0.0,128,1,deff_pairwise,RY-RZ-CZ-line,4,723.7199224966416,799.7475773019898,76.02765480534822
v2_primary,primary family-robust finite-size inference,12,6.0,gaussian,Z,0.0,128,1,deff_pairwise,SU2-CNOT-line,4,723.7199224966416,659.173320247531,-64.5466022491106
v2_primary,primary family-robust finite-size inference,12,6.0,gaussian,Z,0.0,128,1,deff_pairwise,SU2-CZ-random-matching,4,723.7199224966416,703.7086670569881,-20.011255439653496
v2_primary,primary family-robust finite-size inference,12,6.0,gaussian,Z,0.0,128,1,deff_pairwise,SU2-CZ-ring,4,723.7199224966416,706.0612222484056,-17.658700248236073
v2_primary,primary family-robust finite-size inference,12,6.0,gaussian,Z,0.0,128,1,deff_pairwise,SU2-HaarU4-brickwork,4,723.7199224966416,749.9088256282937,26.18890313165207
v2_primary,primary family-robust finite-size inference,12,6.0,gaussian,Z,0.0,128,1,pairwise_purity,RY-RZ-CZ-line,4,0.0015054840770365463,0.0012846736261856186,-0.00022081045085092766
v2_primary,primary family-robust finite-size inference,12,6.0,gaussian,Z,0.0,128,1,pairwise_purity,SU2-CNOT-line,4,0.0015054840770365463,0.0016271722604360313,0.00012168818339948506
v2_primary,primary family-robust finite-size inference,12,6.0,gaussian,Z,0.0,128,1,pairwise_purity,SU2-CZ-random-matching,4,0.0015054840770365463,0.0015707407939755907,6.525671693904445e-05
v2_primary,primary family-robust finite-size inference,12,6.0,gaussian,Z,0.0,128,1,pairwise_purity,SU2-CZ-ring,4,0.0015054840770365463,0.0015670580886203438,6.157401158379751e-05
v2_primary,primary family-robust finite-size inference,12,6.0,gaussian,Z,0.0,128,1,pairwise_purity,SU2-HaarU4-brickwork,4,0.0015054840770365463,0.001477775615965147,-2.7708461071399362e-05
v2_primary,primary family-robust finite-size inference,12,6.0,gaussian,Z,0.0,128,1,sample_covariance_purity,RY-RZ-CZ-line,4,0.009306222482684704,0.009087137113481051,-0.00021908536920365283
v2_primary,primary family-robust finite-size inference,12,6.0,gaussian,Z,0.0,128,1,sample_covariance_purity,SU2-CNOT-line,4,0.009306222482684704,0.00942695997715138,0.00012073749446667517
v2_primary,primary family-robust finite-size inference,12,6.0,gaussian,Z,0.0,128,1,sample_covariance_purity,SU2-CZ-random-matching,4,0.009306222482684704,0.009370969381522664,6.474689883795987e-05
v2_primary,primary family-robust finite-size inference,12,6.0,gaussian,Z,0.0,128,1,sample_covariance_purity,SU2-CZ-ring,4,0.009306222482684704,0.009367315447303005,6.10929646183006e-05
v2_primary,primary family-robust finite-size inference,12,6.0,gaussian,Z,0.0,128,1,sample_covariance_purity,SU2-HaarU4-brickwork,4,0.009306222482684704,0.009278730493965425,-2.749198871927934e-05
v2_primary,primary family-robust finite-size inference,12,6.0,gaussian,Z,0.0,128,1,trC3_u_stat,RY-RZ-CZ-line,4,3.904477131205039e-06,2.4648529039264133e-06,-1.439624227278626e-06
v2_primary,primary family-robust finite-size inference,12,6.0,gaussian,Z,0.0,128,1,trC3_u_stat,SU2-CNOT-line,4,3.904477131205039e-06,4.502736146451677e-06,5.982590152466373e-07
v2_primary,primary family-robust finite-size inference,12,6.0,gaussian,Z,0.0,128,1,trC3_u_stat,SU2-CZ-random-matching,4,3.904477131205039e-06,4.340195192120556e-06,4.3571806091551703e-07
v2_primary,primary family-robust finite-size inference,12,6.0,gaussian,Z,0.0,128,1,trC3_u_stat,SU2-CZ-ring,4,3.904477131205039e-06,4.330910155868291e-06,4.2643302466325157e-07
v2_primary,primary family-robust finite-size inference,12,6.0,gaussian,Z,0.0,128,1,trC3_u_stat,SU2-HaarU4-brickwork,4,3.904477131205039e-06,3.883691257658258e-06,-2.0785873546781553e-08
v2_primary,primary family-robust finite-size inference,12,6.0,gaussian,Z,0.0,128,1,Ffull_over_FQ_mean,RY-RZ-CZ-line,4,0.4935776965732533,0.49484647470221876,0.0012687781289654754
v2_primary,primary family-robust finite-size inference,12,6.0,gaussian,Z,0.0,128,1,Ffull_over_FQ_mean,SU2-CNOT-line,4,0.4935776965732533,0.4931750156985135,-0.0004026808747397692
v2_primary,primary family-robust finite-size inference,12,6.0,gaussian,Z,0.0,128,1,Ffull_over_FQ_mean,SU2-CZ-random-matching,4,0.4935776965732533,0.49344329770105844,-0.00013439887219485191
v2_primary,primary family-robust finite-size inference,12,6.0,gaussian,Z,0.0,128,1,Ffull_over_FQ_mean,SU2-CZ-ring,4,0.4935776965732533,0.4933710801503315,-0.0002066164229218015
v2_primary,primary family-robust finite-size inference,12,6.0,gaussian,Z,0.0,128,1,Ffull_over_FQ_mean,SU2-HaarU4-brickwork,4,0.4935776965732533,0.4930526146141441,-0.0005250819591091638
v2_primary,primary family-robust finite-size inference,12,6.0,gaussian,Z,0.0,128,1,haar_alignment_z,RY-RZ-CZ-line,4,-1.4605910578288275,-1.1216639036695222,0.3389271541593053
v2_primary,primary family-robust finite-size inference,12,6.0,gaussian,Z,0.0,128,1,haar_alignment_z,SU2-CNOT-line,4,-1.4605910578288275,-1.7241271380814405,-0.263536080252613
v2_primary,primary family-robust finite-size inference,12,6.0,gaussian,Z,0.0,128,1,haar_alignment_z,SU2-CZ-random-matching,4,-1.4605910578288275,-1.546848760470339,-0.08625770264151145
v2_primary,primary family-robust finite-size inference,12,6.0,gaussian,Z,0.0,128,1,haar_alignment_z,SU2-CZ-ring,4,-1.4605910578288275,-1.568085888511149,-0.10749483068232157
v2_primary,primary family-robust finite-size inference,12,6.0,gaussian,Z,0.0,128,1,haar_alignment_z,SU2-HaarU4-brickwork,4,-1.4605910578288275,-1.342229598411686,0.11836145941714138
v2_primary,primary family-robust finite-size inference,12,6.0,gaussian,Z,0.0,128,1,physical_minus_rank_baseline,RY-RZ-CZ-line,4,-0.00016842866373932195,-0.00012670313858491965,4.17255251544023e-05
v2_primary,primary family-robust finite-size inference,12,6.0,gaussian,Z,0.0,128,1,physical_minus_rank_baseline,SU2-CNOT-line,4,-0.00016842866373932195,-0.0001992967516829152,-3.086808794359325e-05
v2_primary,primary family-robust finite-size inference,12,6.0,gaussian,Z,0.0,128,1,physical_minus_rank_baseline,SU2-CZ-random-matching,4,-0.00016842866373932195,-0.00017927713323619984,-1.0848469496877887e-05
v2_primary,primary family-robust finite-size inference,12,6.0,gaussian,Z,0.0,128,1,physical_minus_rank_baseline,SU2-CZ-ring,4,-0.00016842866373932195,-0.0001816380174681932,-1.3209353728871256e-05
v2_primary,primary family-robust finite-size inference,12,6.0,gaussian,Z,0.0,128,1,physical_minus_rank_baseline,SU2-HaarU4-brickwork,4,-0.00016842866373932195,-0.00015522827772438192,1.3200386014940033e-05
v2_primary,primary family-robust finite-size inference,12,6.0,gaussian,Z,0.0,128,2,enhancement,RY-RZ-CZ-line,4,0.9630625306007691,0.9700058859939114,0.006943355393142281
v2_primary,primary family-robust finite-size inference,12,6.0,gaussian,Z,0.0,128,2,enhancement,SU2-CNOT-line,4,0.9630625306007691,0.9590832409883552,-0.003979289612413894
v2_primary,primary family-robust finite-size inference,12,6.0,gaussian,Z,0.0,128,2,enhancement,SU2-CZ-random-matching,4,0.9630625306007691,0.9600382350790768,-0.003024295521692255
v2_primary,primary family-robust finite-size inference,12,6.0,gaussian,Z,0.0,128,2,enhancement,SU2-CZ-ring,4,0.9630625306007691,0.9615797562381356,-0.0014827743626334433
v2_primary,primary family-robust finite-size inference,12,6.0,gaussian,Z,0.0,128,2,enhancement,SU2-HaarU4-brickwork,4,0.9630625306007691,0.964605534704366,0.0015430041035969788
v2_primary,primary family-robust finite-size inference,12,6.0,gaussian,Z,0.0,128,2,actual_retention,RY-RZ-CZ-line,4,0.01834404820191936,0.01847630259036017,0.00013225438844080908
v2_primary,primary family-robust finite-size inference,12,6.0,gaussian,Z,0.0,128,2,actual_retention,SU2-CNOT-line,4,0.01834404820191936,0.018268252209301956,-7.579599261740497e-05
v2_primary,primary family-robust finite-size inference,12,6.0,gaussian,Z,0.0,128,2,actual_retention,SU2-CZ-random-matching,4,0.01834404820191936,0.018286442572934748,-5.760562898461316e-05
v2_primary,primary family-robust finite-size inference,12,6.0,gaussian,Z,0.0,128,2,actual_retention,SU2-CZ-ring,4,0.01834404820191936,0.01831580488072634,-2.824332119302081e-05
v2_primary,primary family-robust finite-size inference,12,6.0,gaussian,Z,0.0,128,2,actual_retention,SU2-HaarU4-brickwork,4,0.01834404820191936,0.01837343875627359,2.9390554354229853e-05
v2_primary,primary family-robust finite-size inference,12,6.0,gaussian,Z,0.0,128,2,deff_pairwise,RY-RZ-CZ-line,4,723.7199224966416,799.7475773019898,76.02765480534822
v2_primary,primary family-robust finite-size inference,12,6.0,gaussian,Z,0.0,128,2,deff_pairwise,SU2-CNOT-line,4,723.7199224966416,659.173320247531,-64.5466022491106
v2_primary,primary family-robust finite-size inference,12,6.0,gaussian,Z,0.0,128,2,deff_pairwise,SU2-CZ-random-matching,4,723.7199224966416,703.7086670569881,-20.011255439653496
v2_primary,primary family-robust finite-size inference,12,6.0,gaussian,Z,0.0,128,2,deff_pairwise,SU2-CZ-ring,4,723.7199224966416,706.0612222484056,-17.658700248236073
v2_primary,primary family-robust finite-size inference,12,6.0,gaussian,Z,0.0,128,2,deff_pairwise,SU2-HaarU4-brickwork,4,723.7199224966416,749.9088256282937,26.18890313165207
v2_primary,primary family-robust finite-size inference,12,6.0,gaussian,Z,0.0,128,2,pairwise_purity,RY-RZ-CZ-line,4,0.0015054840770365463,0.0012846736261856186,-0.00022081045085092766
v2_primary,primary family-robust finite-size inference,12,6.0,gaussian,Z,0.0,128,2,pairwise_purity,SU2-CNOT-line,4,0.0015054840770365463,0.0016271722604360313,0.00012168818339948506
v2_primary,primary family-robust finite-size inference,12,6.0,gaussian,Z,0.0,128,2,pairwise_purity,SU2-CZ-random-matching,4,0.0015054840770365463,0.0015707407939755907,6.525671693904445e-05
v2_primary,primary family-robust finite-size inference,12,6.0,gaussian,Z,0.0,128,2,pairwise_purity,SU2-CZ-ring,4,0.0015054840770365463,0.0015670580886203438,6.157401158379751e-05
v2_primary,primary family-robust finite-size inference,12,6.0,gaussian,Z,0.0,128,2,pairwise_purity,SU2-HaarU4-brickwork,4,0.0015054840770365463,0.001477775615965147,-2.7708461071399362e-05
v2_primary,primary family-robust finite-size inference,12,6.0,gaussian,Z,0.0,128,2,sample_covariance_purity,RY-RZ-CZ-line,4,0.009306222482684704,0.009087137113481051,-0.00021908536920365283
v2_primary,primary family-robust finite-size inference,12,6.0,gaussian,Z,0.0,128,2,sample_covariance_purity,SU2-CNOT-line,4,0.009306222482684704,0.00942695997715138,0.00012073749446667517
v2_primary,primary family-robust finite-size inference,12,6.0,gaussian,Z,0.0,128,2,sample_covariance_purity,SU2-CZ-random-matching,4,0.009306222482684704,0.009370969381522664,6.474689883795987e-05
v2_primary,primary family-robust finite-size inference,12,6.0,gaussian,Z,0.0,128,2,sample_covariance_purity,SU2-CZ-ring,4,0.009306222482684704,0.009367315447303005,6.10929646183006e-05
v2_primary,primary family-robust finite-size inference,12,6.0,gaussian,Z,0.0,128,2,sample_covariance_purity,SU2-HaarU4-brickwork,4,0.009306222482684704,0.009278730493965425,-2.749198871927934e-05
v2_primary,primary family-robust finite-size inference,12,6.0,gaussian,Z,0.0,128,2,trC3_u_stat,RY-RZ-CZ-line,4,3.904477131205039e-06,2.4648529039264133e-06,-1.439624227278626e-06
v2_primary,primary family-robust finite-size inference,12,6.0,gaussian,Z,0.0,128,2,trC3_u_stat,SU2-CNOT-line,4,3.904477131205039e-06,4.502736146451677e-06,5.982590152466373e-07
v2_primary,primary family-robust finite-size inference,12,6.0,gaussian,Z,0.0,128,2,trC3_u_stat,SU2-CZ-random-matching,4,3.904477131205039e-06,4.340195192120556e-06,4.3571806091551703e-07
v2_primary,primary family-robust finite-size inference,12,6.0,gaussian,Z,0.0,128,2,trC3_u_stat,SU2-CZ-ring,4,3.904477131205039e-06,4.330910155868291e-06,4.2643302466325157e-07
v2_primary,primary family-robust finite-size inference,12,6.0,gaussian,Z,0.0,128,2,trC3_u_stat,SU2-HaarU4-brickwork,4,3.904477131205039e-06,3.883691257658258e-06,-2.0785873546781553e-08
v2_primary,primary family-robust finite-size inference,12,6.0,gaussian,Z,0.0,128,2,Ffull_over_FQ_mean,RY-RZ-CZ-line,4,0.4935776965732533,0.49484647470221876,0.0012687781289654754
v2_primary,primary family-robust finite-size inference,12,6.0,gaussian,Z,0.0,128,2,Ffull_over_FQ_mean,SU2-CNOT-line,4,0.4935776965732533,0.4931750156985135,-0.0004026808747397692
v2_primary,primary family-robust finite-size inference,12,6.0,gaussian,Z,0.0,128,2,Ffull_over_FQ_mean,SU2-CZ-random-matching,4,0.4935776965732533,0.49344329770105844,-0.00013439887219485191
v2_primary,primary family-robust finite-size inference,12,6.0,gaussian,Z,0.0,128,2,Ffull_over_FQ_mean,SU2-CZ-ring,4,0.4935776965732533,0.4933710801503315,-0.0002066164229218015
v2_primary,primary family-robust finite-size inference,12,6.0,gaussian,Z,0.0,128,2,Ffull_over_FQ_mean,SU2-HaarU4-brickwork,4,0.4935776965732533,0.4930526146141441,-0.0005250819591091638
v2_primary,primary family-robust finite-size inference,12,6.0,gaussian,Z,0.0,128,2,haar_alignment_z,RY-RZ-CZ-line,4,-2.422908213795677,-2.0055184436126057,0.4173897701830711
v2_primary,primary family-robust finite-size inference,12,6.0,gaussian,Z,0.0,128,2,haar_alignment_z,SU2-CNOT-line,4,-2.422908213795677,-2.670829609577897,-0.24792139578222017
v2_primary,primary family-robust finite-size inference,12,6.0,gaussian,Z,0.0,128,2,haar_alignment_z,SU2-CZ-random-matching,4,-2.422908213795677,-2.611213520841467,-0.1883053070457903
v2_primary,primary family-robust finite-size inference,12,6.0,gaussian,Z,0.0,128,2,haar_alignment_z,SU2-CZ-ring,4,-2.422908213795677,-2.5080983744807144,-0.0851901606850376
v2_primary,primary family-robust finite-size inference,12,6.0,gaussian,Z,0.0,128,2,haar_alignment_z,SU2-HaarU4-brickwork,4,-2.422908213795677,-2.3188811204657007,0.10402709332997606
v2_primary,primary family-robust finite-size inference,12,6.0,gaussian,Z,0.0,128,2,physical_minus_rank_baseline,RY-RZ-CZ-line,4,-0.000703570845699591,-0.0005713164572587856,0.0001322543884408054
v2_primary,primary family-robust finite-size inference,12,6.0,gaussian,Z,0.0,128,2,physical_minus_rank_baseline,SU2-CNOT-line,4,-0.000703570845699591,-0.0007793668383169952,-7.579599261740421e-05
v2_primary,primary family-robust finite-size inference,12,6.0,gaussian,Z,0.0,128,2,physical_minus_rank_baseline,SU2-CZ-random-matching,4,-0.000703570845699591,-0.0007611764746842045,-5.7605628984613486e-05
v2_primary,primary family-robust finite-size inference,12,6.0,gaussian,Z,0.0,128,2,physical_minus_rank_baseline,SU2-CZ-ring,4,-0.000703570845699591,-0.0007318141668926075,-2.8243321193016473e-05
v2_primary,primary family-robust finite-size inference,12,6.0,gaussian,Z,0.0,128,2,physical_minus_rank_baseline,SU2-HaarU4-brickwork,4,-0.000703570845699591,-0.0006741802913453621,2.9390554354228877e-05
