profile,analysis_role,n,depth_factor,direction_sampler,measurement_basis,bitflip_rate,tangent_count_used,k,group,mean_enhancement,ci95_low,ci95_high,equivalence_margin,equivalence_low,equivalence_high,ci_entirely_inside_equivalence_band,families,circuits
v2_primary,primary family-robust finite-size inference,6,6.0,gaussian,Z,0.0,128,1,generic_family_balanced,0.959778278839968,0.946438015792004,0.9731784143137164,0.1,0.9,1.1,True,5,80
v2_primary,primary family-robust finite-size inference,6,6.0,gaussian,Z,0.0,128,1,RY-RZ-CZ-line,0.9336939175186365,0.9009143558694691,0.9645749135874386,0.1,0.9,1.1,True,1,16
v2_primary,primary family-robust finite-size inference,6,6.0,gaussian,Z,0.0,128,1,SU2-CNOT-line,0.9942262464083731,0.9683384363128275,1.0187983287868831,0.1,0.9,1.1,True,1,16
v2_primary,primary family-robust finite-size inference,6,6.0,gaussian,Z,0.0,128,1,SU2-CZ-random-matching,0.9372871040940403,0.9082847593461539,0.9660121022389494,0.1,0.9,1.1,True,1,16
v2_primary,primary family-robust finite-size inference,6,6.0,gaussian,Z,0.0,128,1,SU2-CZ-ring,0.9873668149085162,0.9550217043968648,1.0188470523409603,0.1,0.9,1.1,True,1,16
v2_primary,primary family-robust finite-size inference,6,6.0,gaussian,Z,0.0,128,1,SU2-HaarU4-brickwork,0.9463173112702745,0.9194364008457431,0.9776674554612422,0.1,0.9,1.1,True,1,16
v2_primary,primary family-robust finite-size inference,6,6.0,gaussian,Z,0.0,128,2,generic_family_balanced,0.9781187966607681,0.97203339614219,0.9843706697926162,0.1,0.9,1.1,True,5,80
v2_primary,primary family-robust finite-size inference,6,6.0,gaussian,Z,0.0,128,2,RY-RZ-CZ-line,0.9781070460097794,0.9647039883793449,0.9914005598111072,0.1,0.9,1.1,True,1,16
v2_primary,primary family-robust finite-size inference,6,6.0,gaussian,Z,0.0,128,2,SU2-CNOT-line,0.9917380030189954,0.9794970685630624,1.0042934429640507,0.1,0.9,1.1,True,1,16
v2_primary,primary family-robust finite-size inference,6,6.0,gaussian,Z,0.0,128,2,SU2-CZ-random-matching,0.9666484645440767,0.9508478680620757,0.9817347309123944,0.1,0.9,1.1,True,1,16
v2_primary,primary family-robust finite-size inference,6,6.0,gaussian,Z,0.0,128,2,SU2-CZ-ring,0.9714801385885539,0.9598119280682986,0.9827739641869366,0.1,0.9,1.1,True,1,16
v2_primary,primary family-robust finite-size inference,6,6.0,gaussian,Z,0.0,128,2,SU2-HaarU4-brickwork,0.9826203311424347,0.968411389671632,0.9978035796185772,0.1,0.9,1.1,True,1,16
v2_primary,primary family-robust finite-size inference,8,6.0,gaussian,Z,0.0,128,1,generic_family_balanced,0.9469900031506459,0.9357077173238695,0.9586158936756245,0.1,0.9,1.1,True,5,80
v2_primary,primary family-robust finite-size inference,8,6.0,gaussian,Z,0.0,128,1,RY-RZ-CZ-line,0.9000647958693823,0.8722132541850066,0.9276193897430215,0.1,0.9,1.1,False,1,16
v2_primary,primary family-robust finite-size inference,8,6.0,gaussian,Z,0.0,128,1,SU2-CNOT-line,0.9810976077159008,0.9575415988360377,1.004601203477375,0.1,0.9,1.1,True,1,16
v2_primary,primary family-robust finite-size inference,8,6.0,gaussian,Z,0.0,128,1,SU2-CZ-random-matching,0.9651373809985491,0.9441222517088175,0.9852416769361956,0.1,0.9,1.1,True,1,16
v2_primary,primary family-robust finite-size inference,8,6.0,gaussian,Z,0.0,128,1,SU2-CZ-ring,0.9635022514083034,0.9386194476657018,0.9912217045362629,0.1,0.9,1.1,True,1,16
v2_primary,primary family-robust finite-size inference,8,6.0,gaussian,Z,0.0,128,1,SU2-HaarU4-brickwork,0.9251479797610936,0.8962643423135382,0.9545782053517492,0.1,0.9,1.1,False,1,16
v2_primary,primary family-robust finite-size inference,8,6.0,gaussian,Z,0.0,128,2,generic_family_balanced,0.9743283860886264,0.9701048318208982,0.9785947367429212,0.1,0.9,1.1,True,5,80
v2_primary,primary family-robust finite-size inference,8,6.0,gaussian,Z,0.0,128,2,RY-RZ-CZ-line,0.9511498209677525,0.9391011150041164,0.9635574343567103,0.1,0.9,1.1,True,1,16
v2_primary,primary family-robust finite-size inference,8,6.0,gaussian,Z,0.0,128,2,SU2-CNOT-line,0.9856984978649397,0.9791788952190246,0.9921182235741635,0.1,0.9,1.1,True,1,16
v2_primary,primary family-robust finite-size inference,8,6.0,gaussian,Z,0.0,128,2,SU2-CZ-random-matching,0.9836844078858338,0.9745273302508146,0.9929347181390785,0.1,0.9,1.1,True,1,16
v2_primary,primary family-robust finite-size inference,8,6.0,gaussian,Z,0.0,128,2,SU2-CZ-ring,0.985779149839213,0.9759374879788107,0.9960930041130925,0.1,0.9,1.1,True,1,16
v2_primary,primary family-robust finite-size inference,8,6.0,gaussian,Z,0.0,128,2,SU2-HaarU4-brickwork,0.9653300538853926,0.9569503582846703,0.9739007878387174,0.1,0.9,1.1,True,1,16
v2_primary,primary family-robust finite-size inference,10,6.0,gaussian,Z,0.0,128,1,generic_family_balanced,0.9441227502155647,0.9343432653491638,0.9537345517172072,0.1,0.9,1.1,True,5,80
v2_primary,primary family-robust finite-size inference,10,6.0,gaussian,Z,0.0,128,1,RY-RZ-CZ-line,0.8911600216006037,0.8603444637207148,0.9184165311327391,0.1,0.9,1.1,False,1,16
v2_primary,primary family-robust finite-size inference,10,6.0,gaussian,Z,0.0,128,1,SU2-CNOT-line,0.9929654450833425,0.9711893802274395,1.0142374741256286,0.1,0.9,1.1,True,1,16
v2_primary,primary family-robust finite-size inference,10,6.0,gaussian,Z,0.0,128,1,SU2-CZ-random-matching,0.945141286285997,0.9290655245053852,0.9614390482931846,0.1,0.9,1.1,True,1,16
v2_primary,primary family-robust finite-size inference,10,6.0,gaussian,Z,0.0,128,1,SU2-CZ-ring,0.9582305451626847,0.9365848467309698,0.9795500103162662,0.1,0.9,1.1,True,1,16
v2_primary,primary family-robust finite-size inference,10,6.0,gaussian,Z,0.0,128,1,SU2-HaarU4-brickwork,0.9331164529451954,0.9169939952805062,0.9497414190912301,0.1,0.9,1.1,True,1,16
v2_primary,primary family-robust finite-size inference,10,6.0,gaussian,Z,0.0,128,2,generic_family_balanced,0.9674137739333368,0.9636100907848321,0.9712962268913394,0.1,0.9,1.1,True,5,80
v2_primary,primary family-robust finite-size inference,10,6.0,gaussian,Z,0.0,128,2,RY-RZ-CZ-line,0.933175572673012,0.9230153968085953,0.9446800300242381,0.1,0.9,1.1,True,1,16
v2_primary,primary family-robust finite-size inference,10,6.0,gaussian,Z,0.0,128,2,SU2-CNOT-line,0.9912473656654028,0.9867454537029119,0.9956318393145961,0.1,0.9,1.1,True,1,16
v2_primary,primary family-robust finite-size inference,10,6.0,gaussian,Z,0.0,128,2,SU2-CZ-random-matching,0.9733952626776547,0.9647430702680511,0.9829352186174779,0.1,0.9,1.1,True,1,16
v2_primary,primary family-robust finite-size inference,10,6.0,gaussian,Z,0.0,128,2,SU2-CZ-ring,0.9776802263933846,0.9693385280736867,0.9858984375815606,0.1,0.9,1.1,True,1,16
v2_primary,primary family-robust finite-size inference,10,6.0,gaussian,Z,0.0,128,2,SU2-HaarU4-brickwork,0.9615704422572297,0.9525960788371493,0.9698113888391446,0.1,0.9,1.1,True,1,16
v2_primary,primary family-robust finite-size inference,12,6.0,gaussian,Z,0.0,128,1,generic_family_balanced,0.9425237184989452,0.9341734619332426,0.9507346397917064,0.1,0.9,1.1,True,5,80
v2_primary,primary family-robust finite-size inference,12,6.0,gaussian,Z,0.0,128,1,RY-RZ-CZ-line,0.8855683766631794,0.8702471059928476,0.9015673821463233,0.1,0.9,1.1,False,1,16
v2_primary,primary family-robust finite-size inference,12,6.0,gaussian,Z,0.0,128,1,SU2-CNOT-line,0.9846586585419532,0.9691602166006982,1.0015809888688154,0.1,0.9,1.1,True,1,16
v2_primary,primary family-robust finite-size inference,12,6.0,gaussian,Z,0.0,128,1,SU2-CZ-random-matching,0.9573318793621852,0.9435830421962697,0.9696004358806961,0.1,0.9,1.1,True,1,16
v2_primary,primary family-robust finite-size inference,12,6.0,gaussian,Z,0.0,128,1,SU2-CZ-ring,0.9605544863388593,0.9413567274753355,0.9811731397259835,0.1,0.9,1.1,True,1,16
v2_primary,primary family-robust finite-size inference,12,6.0,gaussian,Z,0.0,128,1,SU2-HaarU4-brickwork,0.9245051915885493,0.9000590887732841,0.948949288469356,0.1,0.9,1.1,True,1,16
v2_primary,primary family-robust finite-size inference,12,6.0,gaussian,Z,0.0,128,2,generic_family_balanced,0.9630625306007691,0.9601034112050085,0.9659852956217452,0.1,0.9,1.1,True,5,80
v2_primary,primary family-robust finite-size inference,12,6.0,gaussian,Z,0.0,128,2,RY-RZ-CZ-line,0.9352891090281996,0.92707341336999,0.9432568774748822,0.1,0.9,1.1,True,1,16
v2_primary,primary family-robust finite-size inference,12,6.0,gaussian,Z,0.0,128,2,SU2-CNOT-line,0.9789796890504243,0.9723587179078214,0.986046630751707,0.1,0.9,1.1,True,1,16
v2_primary,primary family-robust finite-size inference,12,6.0,gaussian,Z,0.0,128,2,SU2-CZ-random-matching,0.9751597126875373,0.9689401706365263,0.9812864321271242,0.1,0.9,1.1,True,1,16
v2_primary,primary family-robust finite-size inference,12,6.0,gaussian,Z,0.0,128,2,SU2-CZ-ring,0.9689936280513027,0.9626736456790185,0.9753648499169459,0.1,0.9,1.1,True,1,16
v2_primary,primary family-robust finite-size inference,12,6.0,gaussian,Z,0.0,128,2,SU2-HaarU4-brickwork,0.9568905141863808,0.9523537019677046,0.961927331663594,0.1,0.9,1.1,True,1,16
